{"episode_n": 100, "trajectory_len": 200, "trajectory_n": 160, "q_param": 0.2, "lamd": 0.99, "episode_data": [[-769.1375, 122], [-740.81875, 124], [-732.925, 125], [-698.80625, 128], [-657.40625, 124], [-637.8125, 127], [-598.30625, 127], [-575.6875, 128], [-537.3375, 128], [-482.78125, 128], [-460.61875, 122], [-408.90625, 127], [-366.98125, 125], [-332.25625, 128], [-317.80625, 127], [-295.075, 123], [-298.35625, 127], [-278.95, 123], [-253.28125, 123], [-230.8125, 127], [-207.25, 126], [-197.55625, 123], [-177.16875, 121], [-221.49375, 122], [-210.1375, 127], [-214.01875, 126], [-198.0375, 122], [-185.81875, 128], [-216.7375, 128], [-170.30625, 126], [-181.88125, 126], [-142.35625, 125], [-132.4125, 123], [-136.91875, 70], [-317.375, 127], [-326.19375, 126], [-255.4625, 127], [-173.3125, 128], [-170.4375, 128], [-103.86875, 128], [-84.20625, 128], [-65.01875, 128], [-54.13125, 127], [-49.1, 128], [-41.75625, 128], [-38.6375, 127], [-40.78125, 128], [-25.93125, 127], [-34.71875, 128], [-23.59375, 127], [-17.66875, 128], [-23.1375, 128], [-21.48125, 128], [-22.675, 127], [-24.0625, 128], [-18.61875, 126], [-13.2625, 127], [-24.84375, 127], [-20.75, 128], [-28.28125, 128], [-16.50625, 127], [-25.1125, 127], [-28.15, 125], [-47.3125, 128], [-28.66875, 126], [-29.925, 128], [-20.2375, 128], [-20.4125, 128], [-38.15625, 128], [-45.1875, 128], [-19.66875, 128], [-11.0375, 126], [-14.4875, 128], [-13.2125, 127], [-14.86875, 128], [-13.9625, 128], [-6.025, 128], [-14.54375, 128], [-23.43125, 127], [-15.34375, 127], [-28.8, 128], [-11.59375, 126], [-21.30625, 127], [-17.975, 128], [-18.01875, 128], [-12.99375, 128], [-13.475, 128], [-17.1375, 128], [-9.4875, 127], [-10.9, 128], [-18.05625, 127], [-7.63125, 128], [-18.15625, 128], [-6.9125, 128], [-14.40625, 128], [-18.2875, 128], [-17.35625, 126], [-24.59375, 128], [-36.61875, 128], [-17.4875, 126]]}