{"episode_n": 100, "trajectory_len": 200, "trajectory_n": 1280, "q_param": 0.2, "lamd": 0.1, "episode_data": [[-772.25859375, 1007], [-750.4890625, 1006], [-720.9796875, 1011], [-694.05390625, 1013], [-666.5203125, 975], [-636.0765625, 999], [-606.67578125, 1016], [-575.70234375, 1006], [-546.946875, 1019], [-523.65, 978], [-490.215625, 1001], [-462.71953125, 992], [-434.17265625, 1004], [-403.6640625, 995], [-357.18515625, 1022], [-333.28671875, 1006], [-292.94453125, 1005], [-249.0671875, 1005], [-214.8453125, 1018], [-174.25546875, 1020], [-139.7, 1022], [-108.25703125, 1020], [-87.72421875, 1024], [-69.72421875, 1023], [-53.434375, 1019], [-41.65234375, 1021], [-31.9328125, 1020], [-23.63515625, 1017], [-16.7015625, 1008], [-11.08515625, 1009], [-6.015625, 1005], [-2.50234375, 1019], [0.50546875, 984], [2.1078125, 969], [3.8078125, 933], [3.9140625, 964], [4.6015625, 969], [4.03671875, 914], [3.45546875, 981], [2.63359375, 866], [-6.68671875, 1008], [0.66640625, 957], [-5.13671875, 1023], [1.87265625, 959], [-4.36015625, 992], [-4.79140625, 1009], [-4.9515625, 1006], [-4.6453125, 1006], [-5.28359375, 1002], [-3.64765625, 1021], [2.8921875, 861], [-34.1875, 1023], [3.25, 1008], [3.8765625, 1017], [-2.25625, 1022], [-4.48125, 1017], [-2.37421875, 874], [-34.6296875, 1024], [1.92734375, 1020], [6.14609375, 986], [-4.37890625, 1024], [2.48671875, 1015], [-5.22578125, 881], [-34.37578125, 1024], [3.60859375, 1024], [5.8609375, 1010], [-4.46171875, 879], [-34.4578125, 1022], [2.015625, 1024], [4.5921875, 999], [-2.86328125, 909], [-37.0390625, 1024], [2.63125, 1018], [6.21171875, 991], [-2.46171875, 900], [-33.75625, 1024], [2.95234375, 998], [2.63984375, 999], [-4.09375, 899], [-38.0234375, 1024], [2.125, 1006], [0.35, 888], [-27.85703125, 1023], [1.365625, 1011], [2.99140625, 985], [-3.4984375, 1017], [-2.9671875, 890], [-34.146875, 1024], [2.21953125, 1018], [1.52890625, 994], [-3.15703125, 1016], [-1.8234375, 896], [-30.62890625, 1024], [2.13125, 1011], [2.97890625, 1017], [-3.19453125, 887], [-31.97109375, 1023], [-7.79140625, 1020], [5.5640625, 1011], [-5.3265625, 1020]]}