{"episode_n": 200, "trajectory_len": 200, "trajectory_n": 30, "q_param": 0.6, "lamd": 0.99, "episode_data": [[-765.4333333333333, 12], [-656.9333333333333, 11], [-608.1333333333333, 12], [-597.9666666666667, 12], [-531.2333333333333, 12], [-506.5, 12], [-500.03333333333336, 12], [-485.8666666666667, 12], [-497.56666666666666, 12], [-620.5, 12], [-705.3, 12], [-720.8, 10], [-665.9333333333333, 11], [-614.0666666666667, 11], [-700.3, 12], [-686.3, 10], [-629.9, 12], [-680.0, 12], [-679.1, 12], [-680.4, 12], [-590.9666666666667, 12], [-480.8666666666667, 12], [-541.9, 11], [-554.4666666666667, 12], [-541.5333333333333, 12], [-498.3333333333333, 12], [-535.4333333333333, 12], [-474.93333333333334, 12], [-542.8, 12], [-541.9666666666667, 12], [-384.8666666666667, 12], [-492.7, 12], [-481.8666666666667, 12], [-415.1333333333333, 12], [-559.3666666666667, 11], [-523.6666666666666, 12], [-515.1333333333333, 12], [-446.93333333333334, 12], [-523.3333333333334, 12], [-576.6333333333333, 12], [-464.43333333333334, 12], [-422.03333333333336, 12], [-468.43333333333334, 12], [-437.93333333333334, 12], [-420.46666666666664, 12], [-466.6, 12], [-557.7333333333333, 12], [-542.3666666666667, 12], [-523.5333333333333, 12], [-354.4, 12], [-391.56666666666666, 12], [-371.7, 12], [-350.0, 12], [-497.5, 12], [-627.1666666666666, 12], [-527.3, 12], [-507.0, 12], [-536.4666666666667, 12], [-463.93333333333334, 12], [-403.03333333333336, 12], [-475.06666666666666, 12], [-489.23333333333335, 12], [-394.73333333333335, 12], [-540.7333333333333, 12], [-491.3666666666667, 12], [-364.96666666666664, 12], [-594.9333333333333, 12], [-517.0, 12], [-402.3666666666667, 12], [-417.7, 12], [-547.6333333333333, 12], [-492.3666666666667, 12], [-402.96666666666664, 12], [-554.7666666666667, 12], [-445.3, 12], [-457.1333333333333, 12], [-403.1, 12], [-589.8666666666667, 12], [-467.6666666666667, 12], [-487.3666666666667, 12], [-449.4, 12], [-497.4, 12], [-562.2666666666667, 12], [-543.2666666666667, 11], [-615.6333333333333, 11], [-599.0333333333333, 12], [-517.1333333333333, 12], [-546.2333333333333, 12], [-503.4, 12], [-484.3666666666667, 12], [-471.1, 12], [-567.6333333333333, 12], [-485.6, 12], [-607.6666666666666, 12], [-483.53333333333336, 12], [-521.8666666666667, 12], [-611.7, 12], [-496.4, 12], [-490.46666666666664, 12], [-513.5, 12], [-435.6, 12], [-486.8, 12], [-561.7333333333333, 12], [-562.2666666666667, 12], [-466.2, 12], [-542.6, 12], [-477.6333333333333, 12], [-364.6666666666667, 12], [-417.76666666666665, 12], [-487.0, 12], [-279.6666666666667, 12], [-499.93333333333334, 12], [-379.1666666666667, 12], [-636.8333333333334, 12], [-529.4666666666667, 12], [-530.1, 12], [-597.6, 12], [-417.43333333333334, 12], [-518.5666666666667, 12], [-456.53333333333336, 12], [-570.2333333333333, 12], [-551.3666666666667, 12], [-564.1, 12], [-509.46666666666664, 12], [-490.5, 12], [-464.73333333333335, 12], [-545.5333333333333, 12], [-448.4, 12], [-481.23333333333335, 12], [-419.5, 12], [-495.5, 12], [-293.76666666666665, 12], [-484.4, 12], [-565.9, 12], [-409.03333333333336, 12], [-641.9333333333333, 12], [-617.5666666666667, 11], [-598.4333333333333, 12], [-482.93333333333334, 12], [-508.2, 12], [-465.03333333333336, 12], [-427.03333333333336, 12], [-473.8333333333333, 12], [-504.0, 12], [-568.4666666666667, 12], [-400.1333333333333, 12], [-572.1, 12], [-566.1333333333333, 11], [-512.4, 12], [-449.8666666666667, 12], [-509.8333333333333, 12], [-426.43333333333334, 12], [-458.03333333333336, 12], [-438.76666666666665, 12], [-495.26666666666665, 12], [-511.43333333333334, 12], [-496.6333333333333, 12], [-415.46666666666664, 12], [-338.9, 12], [-395.8, 12], [-423.5, 12], [-365.56666666666666, 12], [-444.6666666666667, 12], [-439.06666666666666, 12], [-498.1666666666667, 12], [-539.4333333333333, 12], [-476.0, 12], [-464.7, 12], [-549.8, 11], [-497.56666666666666, 12], [-492.6333333333333, 12], [-370.6333333333333, 12], [-465.26666666666665, 12], [-486.93333333333334, 12], [-487.4, 12], [-468.8, 12], [-439.26666666666665, 12], [-476.1333333333333, 12], [-440.53333333333336, 12], [-472.9, 12], [-434.0, 12], [-521.6666666666666, 12], [-636.6333333333333, 12], [-607.1333333333333, 12], [-612.1, 12], [-573.8, 12], [-578.1, 12], [-579.5, 12], [-578.2, 12], [-533.9333333333333, 12], [-522.1666666666666, 12], [-440.06666666666666, 12], [-578.6, 12], [-552.4333333333333, 12], [-648.9333333333333, 12], [-642.7666666666667, 12], [-583.3666666666667, 10], [-643.3, 12], [-605.4, 12], [-492.4, 12]]}