{"episode_n": 200, "trajectory_len": 200, "trajectory_n": 30, "q_param": 0.5, "lamd": 0.99, "episode_data": [[-778.4666666666667, 14], [-690.6, 14], [-669.8666666666667, 15], [-607.8666666666667, 14], [-555.7666666666667, 15], [-609.5666666666667, 15], [-538.1333333333333, 15], [-569.7666666666667, 15], [-518.5666666666667, 15], [-534.6666666666666, 15], [-463.26666666666665, 15], [-381.6666666666667, 14], [-515.8333333333334, 15], [-565.9666666666667, 15], [-448.8333333333333, 15], [-462.03333333333336, 15], [-530.5, 15], [-448.2, 15], [-489.2, 15], [-389.4, 15], [-380.8333333333333, 15], [-393.8, 15], [-374.7, 15], [-479.03333333333336, 15], [-511.06666666666666, 15], [-402.1666666666667, 15], [-368.96666666666664, 11], [-673.3, 15], [-694.0666666666667, 14], [-526.8333333333334, 13], [-634.9, 15], [-530.6666666666666, 15], [-613.9333333333333, 15], [-591.4333333333333, 15], [-568.5333333333333, 14], [-516.4, 15], [-589.9, 15], [-597.3, 14], [-569.4333333333333, 15], [-498.9, 15], [-517.4666666666667, 15], [-480.6666666666667, 15], [-572.1, 15], [-466.06666666666666, 15], [-435.73333333333335, 15], [-391.96666666666664, 15], [-343.46666666666664, 15], [-341.7, 15], [-337.9, 15], [-484.1, 15], [-428.76666666666665, 15], [-402.6333333333333, 15], [-313.8, 15], [-475.7, 15], [-260.8, 15], [-503.8, 14], [-469.6, 15], [-184.46666666666667, 15], [-570.8, 14], [-558.9333333333333, 15], [-395.03333333333336, 15], [-419.3666666666667, 15], [-452.2, 15], [-556.3666666666667, 14], [-561.5333333333333, 15], [-428.6, 15], [-523.1666666666666, 15], [-466.23333333333335, 15], [-452.56666666666666, 15], [-415.26666666666665, 15], [-431.96666666666664, 15], [-433.56666666666666, 15], [-447.56666666666666, 15], [-327.43333333333334, 15], [-448.26666666666665, 15], [-473.8666666666667, 15], [-457.7, 15], [-508.9, 15], [-413.93333333333334, 15], [-435.03333333333336, 15], [-446.3, 15], [-453.9, 15], [-346.1, 15], [-268.53333333333336, 15], [-447.76666666666665, 15], [-389.3666666666667, 15], [-404.1, 15], [-392.3, 15], [-285.06666666666666, 15], [-422.43333333333334, 15], [-355.3333333333333, 15], [-405.46666666666664, 15], [-327.7, 15], [-286.8, 15], [-352.8666666666667, 15], [-358.5, 15], [-422.0, 15], [-263.3, 15], [-467.1, 15], [-379.93333333333334, 15], [-515.1, 15], [-506.9, 15], [-502.53333333333336, 15], [-332.1333333333333, 15], [-361.6666666666667, 15], [-189.66666666666666, 15], [-461.5, 15], [-421.7, 15], [-392.1, 15], [-456.46666666666664, 15], [-526.4666666666667, 15], [-335.3, 15], [-463.03333333333336, 15], [-562.6, 15], [-304.4, 15], [-420.2, 15], [-424.73333333333335, 15], [-422.8, 15], [-386.53333333333336, 15], [-494.26666666666665, 15], [-356.5, 15], [-473.06666666666666, 15], [-536.0333333333333, 15], [-422.23333333333335, 15], [-380.6, 15], [-355.03333333333336, 15], [-370.03333333333336, 15], [-370.8666666666667, 15], [-424.8333333333333, 15], [-344.73333333333335, 15], [-487.8, 14], [-397.93333333333334, 15], [-294.4, 15], [-449.26666666666665, 15], [-513.6333333333333, 15], [-419.1666666666667, 15], [-432.23333333333335, 15], [-528.8666666666667, 15], [-450.23333333333335, 15], [-285.2, 15], [-403.46666666666664, 15], [-411.0, 15], [-357.96666666666664, 15], [-427.73333333333335, 15], [-373.6333333333333, 15], [-428.3666666666667, 15], [-532.3666666666667, 15], [-432.56666666666666, 15], [-239.43333333333334, 15], [-290.3, 15], [-410.1666666666667, 15], [-411.8333333333333, 15], [-501.56666666666666, 15], [-479.93333333333334, 15], [-491.8, 15], [-390.46666666666664, 15], [-435.6666666666667, 15], [-418.1, 15], [-456.23333333333335, 15], [-324.06666666666666, 15], [-267.1333333333333, 15], [-460.7, 15], [-357.0, 15], [-358.1666666666667, 15], [-304.03333333333336, 15], [-441.56666666666666, 15], [-464.53333333333336, 15], [-334.76666666666665, 15], [-343.73333333333335, 15], [-415.7, 15], [-282.23333333333335, 15], [-371.56666666666666, 15], [-293.73333333333335, 14], [-282.23333333333335, 15], [-370.3333333333333, 15], [-395.56666666666666, 15], [-431.1666666666667, 15], [-393.53333333333336, 15], [-342.4, 15], [-374.73333333333335, 15], [-389.06666666666666, 15], [-434.1333333333333, 15], [-466.9, 15], [-394.73333333333335, 15], [-414.56666666666666, 15], [-407.23333333333335, 15], [-434.3333333333333, 15], [-326.4, 15], [-280.56666666666666, 15], [-345.46666666666664, 15], [-402.06666666666666, 15], [-470.76666666666665, 15], [-383.0, 15], [-376.3, 15], [-421.8, 15], [-397.93333333333334, 15], [-434.46666666666664, 15], [-486.56666666666666, 15], [-409.23333333333335, 15], [-439.3, 15]]}