{"episode_n": 200, "trajectory_len": 200, "trajectory_n": 30, "q_param": 0.4, "lamd": 0.99, "episode_data": [[-763.8, 18], [-767.5, 18], [-713.8666666666667, 17], [-676.4, 16], [-619.1333333333333, 18], [-594.3333333333334, 18], [-568.8, 18], [-544.0666666666667, 18], [-489.26666666666665, 18], [-584.9333333333333, 17], [-454.8666666666667, 17], [-377.8666666666667, 18], [-459.0, 18], [-460.0, 16], [-475.93333333333334, 18], [-468.26666666666665, 18], [-363.43333333333334, 17], [-398.06666666666666, 18], [-416.26666666666665, 18], [-419.93333333333334, 18], [-410.8666666666667, 18], [-420.53333333333336, 18], [-227.46666666666667, 18], [-400.2, 18], [-333.7, 18], [-354.06666666666666, 18], [-295.26666666666665, 18], [-220.86666666666667, 18], [-376.23333333333335, 18], [-286.4, 18], [-339.9, 18], [-372.76666666666665, 18], [-416.53333333333336, 18], [-370.03333333333336, 18], [-215.03333333333333, 18], [-403.3666666666667, 18], [-376.8666666666667, 18], [-318.23333333333335, 18], [-519.0666666666667, 15], [-491.46666666666664, 18], [-395.4, 17], [-507.56666666666666, 17], [-436.53333333333336, 18], [-538.4333333333333, 17], [-583.2, 18], [-558.1666666666666, 18], [-454.8, 17], [-410.43333333333334, 18], [-548.6333333333333, 17], [-430.73333333333335, 18], [-468.03333333333336, 18], [-391.23333333333335, 18], [-339.4, 18], [-358.8666666666667, 18], [-284.9, 18], [-455.3333333333333, 18], [-408.06666666666666, 18], [-432.26666666666665, 18], [-401.1333333333333, 18], [-375.43333333333334, 18], [-323.3, 18], [-416.3333333333333, 18], [-455.76666666666665, 18], [-510.06666666666666, 18], [-557.3666666666667, 18], [-532.1333333333333, 17], [-420.8666666666667, 18], [-462.3, 18], [-488.5, 18], [-463.3333333333333, 18], [-384.6, 18], [-296.93333333333334, 18], [-481.7, 18], [-438.3333333333333, 17], [-371.1666666666667, 18], [-430.76666666666665, 18], [-573.1333333333333, 18], [-499.1, 18], [-552.6, 18], [-414.23333333333335, 18], [-382.8333333333333, 18], [-353.73333333333335, 18], [-347.6, 18], [-320.53333333333336, 18], [-398.53333333333336, 18], [-253.43333333333334, 18], [-432.46666666666664, 17], [-450.46666666666664, 18], [-447.76666666666665, 18], [-381.0, 18], [-383.6666666666667, 18], [-453.73333333333335, 17], [-429.1333333333333, 18], [-425.8, 18], [-393.1333333333333, 18], [-466.3333333333333, 18], [-357.1, 18], [-379.2, 18], [-439.5, 18], [-458.96666666666664, 17], [-468.6, 17], [-576.2666666666667, 18], [-427.73333333333335, 18], [-510.43333333333334, 18], [-467.46666666666664, 18], [-474.06666666666666, 18], [-403.6666666666667, 18], [-454.9, 18], [-421.2, 18], [-321.6, 18], [-374.46666666666664, 18], [-356.2, 18], [-361.1666666666667, 18], [-348.6333333333333, 18], [-353.8333333333333, 18], [-357.46666666666664, 18], [-311.96666666666664, 18], [-384.8666666666667, 18], [-363.3666666666667, 18], [-280.03333333333336, 18], [-336.53333333333336, 18], [-374.3333333333333, 18], [-334.06666666666666, 18], [-293.6, 18], [-345.6666666666667, 18], [-402.6666666666667, 18], [-308.3666666666667, 18], [-452.1333333333333, 18], [-370.8666666666667, 18], [-349.96666666666664, 18], [-479.56666666666666, 18], [-473.3333333333333, 18], [-401.9, 18], [-510.1, 18], [-408.4, 18], [-529.3, 18], [-508.6, 18], [-514.3666666666667, 18], [-469.1, 18], [-470.6333333333333, 18], [-487.26666666666665, 18], [-455.8333333333333, 18], [-396.8, 18], [-407.4, 17], [-318.0, 18], [-473.1, 18], [-462.6, 18], [-427.73333333333335, 18], [-463.3, 18], [-471.43333333333334, 18], [-523.3333333333334, 18], [-349.9, 18], [-411.1666666666667, 18], [-230.63333333333333, 18], [-340.73333333333335, 18], [-372.06666666666666, 18], [-426.43333333333334, 18], [-442.43333333333334, 18], [-279.1333333333333, 18], [-463.53333333333336, 18], [-395.03333333333336, 18], [-391.3666666666667, 18], [-307.56666666666666, 18], [-314.26666666666665, 18], [-427.93333333333334, 18], [-303.6333333333333, 18], [-389.0, 18], [-383.1666666666667, 18], [-502.3333333333333, 18], [-461.96666666666664, 18], [-337.7, 18], [-414.76666666666665, 18], [-402.0, 18], [-580.5333333333333, 18], [-375.6333333333333, 18], [-312.3333333333333, 18], [-392.8, 18], [-425.73333333333335, 18], [-309.8666666666667, 18], [-349.3333333333333, 18], [-450.3666666666667, 18], [-554.2, 18], [-490.96666666666664, 17], [-471.53333333333336, 18], [-485.1, 18], [-444.6666666666667, 18], [-464.0, 18], [-391.8666666666667, 18], [-524.9666666666667, 18], [-440.8666666666667, 18], [-472.3666666666667, 18], [-497.6333333333333, 18], [-413.6666666666667, 18], [-506.4, 18], [-543.9, 18], [-548.1, 17], [-451.1666666666667, 18], [-355.6, 18], [-229.6, 18], [-357.8666666666667, 18]]}