{"episode_n": 80, "trajectory_len": 200, "trajectory_n": 160, "q_param": 0.9, "lamd": 0.1, "episode_data": [[-769.78125, 16], [-642.81875, 16], [-578.01875, 15], [-474.79375, 16], [-411.0375, 16], [-402.44375, 16], [-435.975, 16], [-453.81875, 16], [-547.59375, 16], [-553.58125, 16], [-593.59375, 16], [-611.075, 14], [-586.55625, 16], [-622.10625, 16], [-585.39375, 16], [-591.79375, 13], [-576.0625, 16], [-620.19375, 16], [-543.91875, 16], [-573.9625, 16], [-603.2375, 15], [-648.31875, 16], [-624.725, 16], [-554.49375, 16], [-539.25, 16], [-576.33125, 16], [-631.5625, 16], [-553.04375, 16], [-663.5125, 16], [-628.0125, 16], [-625.89375, 16], [-703.2125, 16], [-625.675, 16], [-645.31875, 15], [-649.7375, 14], [-648.8125, 16], [-579.96875, 13], [-624.6625, 16], [-634.7125, 16], [-649.61875, 16], [-637.84375, 16], [-672.2625, 16], [-623.925, 16], [-692.10625, 16], [-648.6, 16], [-620.3, 16], [-685.2, 16], [-632.775, 14], [-651.225, 16], [-637.45625, 16], [-623.83125, 16], [-650.5125, 12], [-647.56875, 16], [-652.95, 16], [-660.5, 16], [-650.60625, 16], [-650.5, 16], [-615.23125, 15], [-648.875, 16], [-679.30625, 16], [-664.01875, 16], [-691.35, 16], [-607.1, 16], [-681.025, 16], [-599.225, 16], [-626.325, 16], [-633.475, 14], [-628.60625, 16], [-579.425, 13], [-640.1, 16], [-665.01875, 15], [-600.85625, 16], [-590.60625, 16], [-623.79375, 16], [-650.8, 16], [-655.4875, 16], [-640.05, 13], [-636.98125, 16], [-608.3375, 16], [-528.10625, 15]]}