{"episode_n": 100, "trajectory_len": 200, "trajectory_n": 640, "q_param": 0.99, "lamd": 0.1, "episode_data": [[-775.3578125, 7], [-591.3390625, 7], [-593.928125, 7], [-608.175, 5], [-748.2609375, 7], [-710.7515625, 7], [-733.7828125, 7], [-726.0921875, 4], [-728.334375, 3], [-756.953125, 7], [-712.14375, 4], [-740.6953125, 7], [-720.2140625, 6], [-719.8328125, 4], [-735.7, 7], [-722.6703125, 5], [-727.509375, 3], [-739.8078125, 7], [-730.409375, 1], [-750.496875, 7], [-717.140625, 7], [-702.5359375, 6], [-699.3078125, 2], [-738.3703125, 7], [-744.0953125, 7], [-747.690625, 7], [-711.2515625, 6], [-726.4234375, 6], [-731.26875, 7], [-735.015625, 7], [-734.4515625, 6], [-736.346875, 7], [-696.5421875, 1], [-743.41875, 7], [-721.41875, 5], [-739.3828125, 7], [-713.3921875, 4], [-758.4625, 7], [-698.3140625, 4], [-733.6546875, 7], [-720.5046875, 4], [-741.6734375, 7], [-723.58125, 5], [-728.965625, 5], [-724.6953125, 7], [-722.271875, 3], [-721.2671875, 7], [-734.16875, 7], [-686.91875, 6], [-741.684375, 7], [-730.4203125, 6], [-738.375, 7], [-723.0359375, 7], [-717.165625, 6], [-746.6109375, 4], [-735.384375, 7], [-703.8625, 6], [-723.1609375, 0], [-718.453125, 5], [-726.54375, 7], [-715.8109375, 3], [-749.9265625, 7], [-703.6703125, 6], [-717.56875, 7], [-733.075, 7], [-712.7578125, 5], [-731.8390625, 6], [-733.221875, 4], [-740.053125, 7], [-708.5453125, 7], [-703.0171875, 6], [-722.0671875, 7], [-738.0890625, 2], [-749.9890625, 7], [-722.9875, 7], [-739.0609375, 2], [-757.303125, 6], [-698.15, 7], [-665.509375, 5], [-725.9921875, 4], [-730.6765625, 6], [-740.4703125, 7], [-730.0359375, 2], [-740.4140625, 7], [-732.9375, 7], [-722.4265625, 7], [-725.0125, 7], [-716.73125, 5], [-729.578125, 7], [-727.0453125, 7], [-711.4703125, 7], [-727.0453125, 6], [-724.090625, 6], [-726.9484375, 3], [-743.503125, 7], [-676.8375, 7], [-648.0671875, 5], [-699.625, 7], [-689.7953125, 5], [-704.5625, 7]]}