{"episode_n": 200, "trajectory_len": 200, "trajectory_n": 30, "q_param": 0.9, "lamd": 0.99, "episode_data": [[-769.5, 1], [-788.5, 3], [-712.0, 3], [-695.2333333333333, 3], [-639.0666666666667, 3], [-772.1, 3], [-707.5, 3], [-733.2, 3], [-707.2666666666667, 3], [-587.6666666666666, 3], [-625.1, 3], [-700.1, 3], [-548.7666666666667, 3], [-670.2333333333333, 3], [-640.9, 3], [-738.1, 3], [-608.2333333333333, 3], [-647.7666666666667, 3], [-737.5666666666667, 3], [-692.8333333333334, 3], [-612.3, 3], [-741.9, 3], [-615.1333333333333, 3], [-689.4, 3], [-580.8333333333334, 3], [-655.7666666666667, 3], [-728.5666666666667, 3], [-661.3333333333334, 3], [-663.6333333333333, 3], [-701.5333333333333, 3], [-665.8, 3], [-685.6666666666666, 3], [-768.4, 3], [-691.3333333333334, 3], [-652.4, 3], [-624.7333333333333, 3], [-712.5666666666667, 3], [-707.1333333333333, 3], [-680.7666666666667, 3], [-612.2666666666667, 3], [-709.6, 3], [-671.9666666666667, 3], [-683.4, 3], [-634.4333333333333, 3], [-688.7, 3], [-732.1333333333333, 3], [-646.7, 3], [-668.0666666666667, 3], [-788.9666666666667, 2], [-760.4, 3], [-715.8, 3], [-718.3, 3], [-692.6333333333333, 3], [-600.1666666666666, 3], [-734.1, 3], [-616.6333333333333, 3], [-751.7, 3], [-698.3666666666667, 3], [-753.7666666666667, 3], [-743.3, 3], [-665.0333333333333, 3], [-703.0333333333333, 3], [-692.3666666666667, 3], [-577.9333333333333, 3], [-731.4, 3], [-682.9333333333333, 3], [-717.0333333333333, 3], [-664.0, 3], [-581.9, 3], [-753.3666666666667, 3], [-746.9666666666667, 3], [-638.8, 3], [-729.2, 3], [-708.3, 3], [-722.0666666666667, 3], [-596.3333333333334, 3], [-653.9, 3], [-721.3, 3], [-750.6333333333333, 3], [-676.5, 3], [-644.0333333333333, 3], [-742.3, 3], [-646.5333333333333, 3], [-713.5, 3], [-718.3, 3], [-670.2, 3], [-748.3666666666667, 3], [-641.9666666666667, 3], [-712.1, 3], [-704.8333333333334, 3], [-696.1333333333333, 3], [-674.1, 3], [-723.0666666666667, 3], [-652.4666666666667, 3], [-731.1666666666666, 3], [-700.9, 3], [-675.3, 3], [-785.0666666666667, 2], [-723.5333333333333, 3], [-676.4, 3], [-645.9, 3], [-677.7666666666667, 3], [-742.2333333333333, 3], [-634.6666666666666, 3], [-654.3333333333334, 3], [-750.8666666666667, 3], [-723.6333333333333, 3], [-679.2666666666667, 3], [-634.6666666666666, 3], [-707.5333333333333, 3], [-575.1666666666666, 3], [-799.4, 3], [-779.7666666666667, 3], [-676.4666666666667, 3], [-727.1666666666666, 3], [-693.3333333333334, 3], [-729.8333333333334, 3], [-679.8333333333334, 3], [-689.2666666666667, 3], [-704.5666666666667, 3], [-730.4, 3], [-734.8333333333334, 3], [-718.3333333333334, 3], [-723.8, 3], [-695.8, 3], [-687.4333333333333, 3], [-620.6666666666666, 3], [-740.9333333333333, 3], [-723.2, 3], [-718.3, 3], [-731.2333333333333, 3], [-642.9, 3], [-669.0666666666667, 3], [-689.0666666666667, 3], [-597.3, 3], [-680.1, 3], [-610.5333333333333, 3], [-689.6666666666666, 3], [-677.0333333333333, 3], [-739.6666666666666, 3], [-680.6333333333333, 3], [-748.6, 3], [-702.5666666666667, 3], [-684.4333333333333, 3], [-636.9333333333333, 3], [-597.7, 3], [-682.7, 3], [-722.0333333333333, 3], [-716.4666666666667, 3], [-775.8, 3], [-721.7333333333333, 3], [-709.9, 3], [-712.3333333333334, 3], [-731.8, 3], [-729.1666666666666, 3], [-658.6666666666666, 3], [-574.0666666666667, 3], [-707.1, 3], [-721.2666666666667, 3], [-668.4, 3], [-672.5666666666667, 3], [-676.8666666666667, 3], [-744.5666666666667, 3], [-772.7333333333333, 3], [-761.2666666666667, 3], [-713.8666666666667, 3], [-658.0333333333333, 3], [-689.8, 3], [-666.1, 3], [-691.9, 3], [-707.2666666666667, 3], [-582.3333333333334, 3], [-502.3, 3], [-657.3, 3], [-642.3666666666667, 3], [-652.7666666666667, 3], [-613.1666666666666, 3], [-645.9666666666667, 3], [-684.3666666666667, 3], [-619.3333333333334, 3], [-661.4666666666667, 3], [-675.1666666666666, 3], [-634.7666666666667, 3], [-737.7666666666667, 3], [-765.5, 3], [-747.7666666666667, 3], [-709.0, 3], [-742.8333333333334, 3], [-695.4333333333333, 3], [-729.9333333333333, 3], [-655.5666666666667, 3], [-646.4333333333333, 3], [-593.5, 3], [-803.4, 2], [-713.7333333333333, 3], [-714.7333333333333, 3], [-611.3, 3], [-714.7666666666667, 3], [-699.6, 3], [-706.4, 3]]}