{"episode_n": 100, "trajectory_len": 200, "trajectory_n": 640, "q_param": 0.2, "lamd": 0.1, "episode_data": [[-774.1046875, 494], [-744.2640625, 507], [-721.7671875, 482], [-689.4796875, 486], [-664.85625, 508], [-642.5046875, 502], [-612.734375, 501], [-588.6765625, 506], [-547.8, 494], [-522.3625, 497], [-472.3640625, 503], [-430.540625, 499], [-414.075, 512], [-387.359375, 506], [-359.7125, 492], [-319.7375, 505], [-289.2296875, 505], [-263.5546875, 512], [-232.4609375, 509], [-207.775, 498], [-174.2015625, 501], [-162.4359375, 506], [-142.6984375, 495], [-123.5796875, 512], [-105.8640625, 512], [-143.5828125, 512], [-120.25625, 512], [-121.48125, 512], [-83.80625, 510], [-50.3140625, 510], [-37.7859375, 507], [-26.384375, 511], [-19.528125, 507], [-14.065625, 508], [-9.5296875, 508], [-7.21875, 509], [-4.01875, 502], [-2.1921875, 501], [-0.984375, 495], [-0.1296875, 491], [0.028125, 505], [-1.2125, 483], [-2.290625, 496], [-1.2375, 489], [-14.99375, 501], [-23.359375, 511], [-10.4625, 510], [-19.7203125, 492], [-16.7515625, 502], [-8.9625, 462], [-21.65, 509], [-19.125, 503], [-24.4765625, 506], [-26.2984375, 511], [-16.7625, 483], [-34.34375, 511], [-26.603125, 480], [-19.5203125, 509], [-13.840625, 482], [-21.8484375, 507], [-18.7578125, 506], [-28.578125, 510], [-24.521875, 509], [-19.525, 499], [-20.1171875, 502], [-35.2640625, 512], [-17.86875, 486], [-22.865625, 512], [-16.1984375, 476], [-23.090625, 512], [-15.3765625, 493], [-23.23125, 512], [-23.29375, 498], [-25.2453125, 512], [-7.796875, 487], [-11.0203125, 503], [-19.1703125, 499], [-21.9609375, 512], [-1.7546875, 488], [-23.4203125, 511], [-5.14375, 486], [-12.9046875, 511], [0.9375, 425], [-28.546875, 512], [-11.025, 508], [-1.8859375, 492], [-4.8734375, 509], [-6.8484375, 501], [-18.7046875, 503], [-14.8921875, 484], [-11.45625, 500], [-16.371875, 512], [1.3140625, 508], [-12.621875, 501], [-19.0109375, 502], [-19.8203125, 508], [-1.875, 495], [-6.2109375, 510], [-9.4515625, 508], [-6.3578125, 499]]}