{"episode_n": 100, "trajectory_len": 200, "trajectory_n": 160, "q_param": 0.5, "lamd": 0.99, "episode_data": [[-767.79375, 75], [-706.975, 76], [-650.5375, 79], [-615.375, 80], [-558.01875, 79], [-499.71875, 74], [-432.225, 70], [-403.90625, 79], [-340.425, 79], [-334.1625, 79], [-277.0875, 75], [-281.6, 78], [-226.65625, 72], [-249.44375, 67], [-289.48125, 80], [-297.25, 40], [-630.75625, 73], [-552.6125, 80], [-509.225, 77], [-383.8375, 80], [-351.0125, 77], [-333.63125, 80], [-219.2875, 78], [-160.7875, 79], [-136.225, 80], [-107.34375, 80], [-126.83125, 80], [-92.9, 79], [-147.20625, 78], [-128.45, 80], [-151.93125, 80], [-180.8625, 80], [-149.96875, 79], [-177.9375, 80], [-182.6, 80], [-150.65, 80], [-171.81875, 80], [-158.1875, 79], [-219.075, 80], [-173.925, 80], [-208.1, 79], [-182.94375, 80], [-276.6375, 79], [-282.55625, 80], [-243.3875, 80], [-244.74375, 80], [-249.175, 80], [-225.00625, 80], [-217.6375, 80], [-164.94375, 80], [-186.725, 78], [-201.51875, 80], [-272.35, 80], [-256.30625, 80], [-290.54375, 80], [-243.06875, 80], [-234.0375, 80], [-223.4375, 79], [-259.5625, 80], [-226.5375, 80], [-242.59375, 80], [-249.125, 80], [-232.5625, 79], [-268.29375, 80], [-204.16875, 80], [-276.36875, 80], [-187.15, 78], [-220.5125, 79], [-293.725, 80], [-244.9375, 79], [-233.51875, 80], [-279.61875, 80], [-258.68125, 80], [-253.425, 80], [-261.28125, 80], [-268.43125, 80], [-254.51875, 80], [-250.03125, 80], [-254.8625, 80], [-260.56875, 80], [-230.2625, 80], [-290.1375, 80], [-240.15, 78], [-245.21875, 80], [-284.6, 80], [-193.575, 80], [-235.5125, 80], [-219.68125, 78], [-257.14375, 80], [-223.075, 80], [-289.55625, 80], [-308.425, 80], [-232.025, 80], [-274.5625, 80], [-202.55625, 78], [-249.325, 79], [-263.6875, 80], [-290.89375, 80], [-234.9375, 79], [-263.21875, 80]]}