{"episode_n": 100, "trajectory_len": 200, "trajectory_n": 640, "q_param": 0.8, "lamd": 0.1, "episode_data": [[-766.721875, 122], [-638.9671875, 124], [-408.2703125, 127], [-166.56875, 127], [-82.9984375, 126], [-123.725, 122], [-123.26875, 124], [-127.1953125, 121], [-187.14375, 124], [-205.1359375, 110], [-272.190625, 119], [-281.103125, 105], [-358.6859375, 125], [-281.4953125, 125], [-290.8796875, 94], [-377.4328125, 128], [-246.8078125, 95], [-400.725, 128], [-310.725, 121], [-351.4734375, 107], [-387.7609375, 126], [-327.93125, 124], [-374.284375, 128], [-317.8734375, 95], [-416.0625, 128], [-337.7546875, 119], [-333.9484375, 106], [-414.10625, 128], [-296.49375, 109], [-424.11875, 122], [-337.93125, 98], [-401.1609375, 126], [-324.296875, 96], [-415.290625, 126], [-375.2671875, 86], [-437.140625, 127], [-313.8375, 122], [-353.95625, 104], [-411.2171875, 128], [-292.5453125, 109], [-406.4421875, 127], [-332.6171875, 106], [-402.159375, 123], [-356.6171875, 123], [-346.153125, 111], [-399.396875, 125], [-309.14375, 95], [-391.1359375, 128], [-358.8453125, 110], [-419.6953125, 128], [-367.5140625, 121], [-353.965625, 114], [-395.8578125, 98], [-414.5890625, 128], [-338.990625, 105], [-409.3953125, 128], [-308.8921875, 114], [-396.4359375, 128], [-379.7, 124], [-355.9296875, 110], [-393.259375, 128], [-319.0578125, 113], [-363.7359375, 95], [-407.9328125, 125], [-376.4640625, 119], [-329.584375, 100], [-392.9921875, 128], [-307.2609375, 125], [-320.76875, 101], [-362.928125, 126], [-322.46875, 109], [-373.315625, 110], [-407.534375, 123], [-284.8234375, 113], [-329.284375, 95], [-382.75, 128], [-287.5609375, 105], [-393.103125, 127], [-335.79375, 94], [-403.590625, 128], [-276.3296875, 116], [-310.6015625, 112], [-398.58125, 128], [-283.7984375, 128], [-376.1421875, 99], [-404.675, 128], [-334.8421875, 125], [-335.303125, 124], [-334.421875, 91], [-431.8859375, 127], [-360.0046875, 121], [-365.096875, 125], [-377.646875, 103], [-434.603125, 126], [-359.9203125, 119], [-388.796875, 101], [-366.740625, 122], [-403.00625, 116], [-405.0109375, 125], [-406.640625, 126]]}