{"episode_n": 100, "trajectory_len": 200, "trajectory_n": 2560, "q_param": 0.5, "lamd": 0.1, "episode_data": [[-774.28125, 1199], [-707.003515625, 1137], [-633.50234375, 1235], [-550.29140625, 1249], [-451.2296875, 1275], [-334.19296875, 1278], [-200.236328125, 1279], [-118.747265625, 1275], [-71.1296875, 1274], [-41.846875, 1246], [-19.846484375, 1264], [-6.155078125, 1195], [1.411328125, 1206], [2.637109375, 1048], [-26.2296875, 1085], [-33.680078125, 1004], [-77.052734375, 1194], [-79.641796875, 908], [-139.7421875, 1276], [-29.162890625, 1194], [-83.821484375, 958], [-142.15390625, 1269], [-15.0734375, 1214], [-86.6421875, 1015], [-148.250390625, 1274], [-20.9015625, 1251], [-82.40546875, 993], [-148.218359375, 1275], [-38.35546875, 1234], [-84.56875, 1051], [-149.65, 1267], [-27.64921875, 1214], [-97.957421875, 996], [-143.9375, 1278], [-17.836328125, 1242], [-85.8703125, 1062], [-138.651171875, 1266], [-24.616796875, 1067], [-154.94765625, 1274], [-21.13203125, 1081], [-147.512109375, 1277], [-18.89375, 1251], [-83.967578125, 999], [-145.030859375, 1259], [-24.399609375, 1277], [-80.391015625, 1035], [-146.96484375, 1276], [-14.879296875, 1233], [-88.495703125, 987], [-141.2921875, 1274], [-15.40546875, 1228], [-83.845703125, 971], [-142.63671875, 1273], [-28.51328125, 1270], [-80.36875, 1052], [-147.483984375, 1279], [-21.5515625, 1162], [-89.289453125, 1073], [-137.0859375, 1257], [-19.217578125, 1046], [-148.19140625, 1267], [-13.50078125, 1256], [-81.03984375, 1036], [-140.661328125, 1261], [-23.476953125, 1059], [-143.96171875, 1278], [-19.7203125, 1246], [-84.086328125, 1006], [-153.126953125, 1274], [-24.27734375, 1275], [-84.0421875, 998], [-149.07734375, 1279], [-32.347265625, 1255], [-82.263671875, 1021], [-140.4078125, 1276], [-29.83984375, 1035], [-144.205859375, 1272], [-27.895703125, 1257], [-83.904296875, 1012], [-142.9359375, 1276], [-25.803125, 1258], [-86.183984375, 1019], [-145.5078125, 1269], [-49.740625, 1027], [-142.383203125, 1276], [-34.009765625, 1230], [-76.487109375, 1038], [-150.333984375, 1278], [-20.78359375, 1261], [-88.3484375, 998], [-149.360546875, 1276], [-35.869921875, 1262], [-78.06015625, 1020], [-143.38515625, 1272], [-37.584375, 1276], [-80.12578125, 1032], [-150.30703125, 1279], [-35.907421875, 1080], [-140.310546875, 1257], [-27.67734375, 1062]]}