{"episode_n": 200, "trajectory_len": 200, "trajectory_n": 30, "q_param": 0.99, "lamd": 0.99, "episode_data": [[-776.1333333333333, 1], [-757.4666666666667, 1], [-750.8333333333334, 1], [-766.8333333333334, 1], [-750.2333333333333, 1], [-780.7, 1], [-652.8, 1], [-779.4333333333333, 1], [-719.2, 1], [-728.7333333333333, 1], [-767.6666666666666, 1], [-791.3, 1], [-721.5333333333333, 1], [-704.1666666666666, 1], [-704.0333333333333, 1], [-708.4666666666667, 1], [-769.2333333333333, 1], [-762.5333333333333, 1], [-794.6, 1], [-777.9666666666667, 1], [-734.3666666666667, 1], [-768.3, 1], [-759.8666666666667, 1], [-703.2333333333333, 1], [-771.1666666666666, 1], [-725.6333333333333, 1], [-747.9, 1], [-747.0333333333333, 1], [-719.9333333333333, 1], [-683.0666666666667, 1], [-703.9, 1], [-699.5333333333333, 1], [-746.4, 1], [-761.2, 1], [-781.6666666666666, 1], [-760.7333333333333, 1], [-730.8666666666667, 1], [-741.8333333333334, 1], [-692.0333333333333, 1], [-737.8333333333334, 1], [-682.6666666666666, 1], [-722.4, 1], [-737.4, 1], [-713.4, 1], [-732.4666666666667, 1], [-756.9333333333333, 1], [-738.2666666666667, 1], [-731.9, 1], [-693.7, 1], [-733.6, 1], [-753.2333333333333, 1], [-596.1, 1], [-687.6, 1], [-698.8, 1], [-702.6666666666666, 1], [-716.3666666666667, 1], [-733.8666666666667, 1], [-718.8, 1], [-643.1, 1], [-761.5666666666667, 1], [-712.3666666666667, 1], [-757.5, 1], [-733.2, 1], [-739.3666666666667, 1], [-691.3333333333334, 1], [-735.1666666666666, 1], [-752.4666666666667, 1], [-679.7, 1], [-707.2333333333333, 1], [-741.6, 1], [-675.1, 1], [-692.7666666666667, 1], [-719.2666666666667, 1], [-699.5, 0], [-700.7333333333333, 1], [-723.7333333333333, 1], [-646.0, 1], [-672.9666666666667, 1], [-759.0, 1], [-759.1, 0], [-719.3, 1], [-747.4666666666667, 1], [-657.1333333333333, 1], [-773.7, 1], [-724.8666666666667, 1], [-713.3666666666667, 1], [-720.2, 1], [-746.9666666666667, 1], [-748.5666666666667, 1], [-775.1666666666666, 1], [-738.3, 1], [-704.3333333333334, 1], [-775.5666666666667, 1], [-741.7, 1], [-675.1333333333333, 1], [-770.5666666666667, 1], [-735.1333333333333, 1], [-730.6333333333333, 1], [-703.4666666666667, 1], [-737.5333333333333, 1], [-706.0333333333333, 1], [-658.1666666666666, 1], [-645.8666666666667, 1], [-731.4, 1], [-674.6, 1], [-710.9666666666667, 1], [-716.1333333333333, 1], [-713.7, 1], [-753.6, 1], [-668.4, 1], [-778.9, 1], [-786.4, 1], [-752.6666666666666, 1], [-757.5, 1], [-691.2, 1], [-718.4666666666667, 1], [-789.0333333333333, 1], [-798.5, 1], [-777.0666666666667, 1], [-754.3333333333334, 1], [-716.0, 1], [-726.5333333333333, 1], [-683.0333333333333, 1], [-745.4333333333333, 1], [-708.8666666666667, 1], [-740.8666666666667, 1], [-749.0666666666667, 1], [-726.4666666666667, 1], [-665.9666666666667, 1], [-708.2333333333333, 1], [-651.8333333333334, 0], [-689.2666666666667, 1], [-781.5, 1], [-676.8, 1], [-735.6333333333333, 1], [-792.7, 1], [-763.8333333333334, 1], [-705.3333333333334, 1], [-674.6, 1], [-711.6666666666666, 1], [-721.2666666666667, 1], [-762.3333333333334, 1], [-686.8666666666667, 1], [-713.8, 1], [-691.5, 1], [-689.1666666666666, 1], [-711.1333333333333, 1], [-690.1666666666666, 1], [-746.8666666666667, 1], [-722.4333333333333, 1], [-707.1666666666666, 1], [-718.2666666666667, 1], [-743.5333333333333, 1], [-713.9, 1], [-692.6, 1], [-769.2666666666667, 1], [-746.1, 1], [-671.3, 1], [-713.0666666666667, 1], [-750.5, 1], [-733.5666666666667, 1], [-769.8333333333334, 1], [-767.2666666666667, 1], [-748.5666666666667, 1], [-770.1333333333333, 1], [-715.2333333333333, 1], [-705.4, 1], [-734.0333333333333, 1], [-684.2, 1], [-698.9, 1], [-714.7333333333333, 1], [-734.7, 1], [-707.9333333333333, 1], [-717.6333333333333, 1], [-760.9, 1], [-760.2333333333333, 1], [-697.3666666666667, 1], [-771.5333333333333, 1], [-769.8, 1], [-722.8333333333334, 1], [-652.9333333333333, 1], [-724.2, 1], [-764.5, 1], [-700.7333333333333, 1], [-738.5666666666667, 1], [-678.4333333333333, 1], [-771.2666666666667, 1], [-626.9333333333333, 1], [-700.2, 1], [-670.9666666666667, 1], [-681.8, 1], [-790.4, 1], [-748.2333333333333, 1], [-720.7, 1], [-750.8666666666667, 1], [-684.1333333333333, 1], [-754.9, 1], [-735.6, 1], [-786.6, 1], [-767.1666666666666, 1]]}