{"episode_n": 100, "trajectory_len": 200, "trajectory_n": 160, "q_param": 0.2, "lamd": 0.1, "episode_data": [[-768.0125, 126], [-724.64375, 127], [-710.9125, 127], [-696.0375, 125], [-654.03125, 127], [-623.48125, 128], [-602.125, 127], [-566.89375, 128], [-546.35625, 123], [-514.25, 117], [-481.5625, 126], [-457.4875, 125], [-438.5625, 125], [-417.8625, 127], [-398.93125, 128], [-376.8, 128], [-341.93125, 128], [-330.10625, 128], [-302.2875, 128], [-288.06875, 123], [-284.70625, 128], [-272.7875, 128], [-264.19375, 125], [-239.45, 126], [-241.39375, 124], [-225.69375, 120], [-211.26875, 125], [-197.8625, 126], [-186.425, 117], [-184.55625, 119], [-185.29375, 119], [-195.0375, 128], [-198.55, 123], [-180.8375, 117], [-184.1375, 122], [-169.01875, 111], [-197.13125, 126], [-184.1625, 123], [-186.775, 127], [-178.375, 125], [-182.25, 120], [-175.05625, 37], [-546.825, 125], [-495.05, 128], [-496.56875, 126], [-461.03125, 124], [-412.84375, 125], [-362.59375, 124], [-318.03125, 128], [-269.625, 127], [-235.6875, 128], [-197.125, 126], [-167.1875, 127], [-137.5375, 128], [-114.2125, 127], [-112.35625, 128], [-117.84375, 128], [-69.71875, 128], [-49.21875, 128], [-43.4125, 127], [-35.1875, 128], [-34.3375, 128], [-30.10625, 125], [-35.175, 128], [-37.14375, 128], [-29.375, 128], [-41.71875, 128], [-39.35625, 128], [-33.525, 128], [-26.35625, 126], [-29.575, 128], [-24.6375, 128], [-23.21875, 128], [-11.45625, 128], [-11.0, 126], [-13.46875, 128], [-22.975, 127], [-9.05625, 125], [-36.0, 128], [-17.1125, 128], [-18.58125, 128], [-13.78125, 126], [-22.75625, 128], [-10.475, 127], [-14.85, 128], [-14.775, 128], [-7.68125, 128], [-39.43125, 127], [-13.15625, 128], [-14.45, 126], [-22.85, 128], [-14.3625, 128], [-9.25625, 128], [-11.925, 127], [-22.3375, 127], [-13.56875, 128], [-11.73125, 128], [-17.34375, 128], [-8.69375, 127], [-12.26875, 128]]}