{"episode_n": 100, "trajectory_len": 200, "trajectory_n": 160, "q_param": 0.6, "lamd": 0.99, "episode_data": [[-768.35, 58], [-706.73125, 64], [-619.18125, 59], [-540.94375, 60], [-447.64375, 61], [-437.21875, 63], [-414.275, 62], [-351.29375, 62], [-320.81875, 64], [-396.50625, 64], [-334.26875, 64], [-336.61875, 64], [-216.59375, 64], [-280.09375, 64], [-325.4, 64], [-253.35625, 64], [-239.19375, 64], [-239.9375, 63], [-247.34375, 63], [-240.8875, 64], [-248.75, 64], [-321.03125, 64], [-309.125, 64], [-290.84375, 63], [-258.25625, 64], [-272.29375, 63], [-280.65625, 64], [-290.3625, 63], [-268.2375, 64], [-223.78125, 64], [-251.55625, 63], [-300.0875, 64], [-348.9625, 64], [-213.96875, 62], [-290.4375, 64], [-195.90625, 64], [-270.51875, 64], [-303.5625, 64], [-274.71875, 60], [-313.9375, 64], [-244.55625, 64], [-395.0125, 64], [-351.69375, 64], [-309.06875, 64], [-369.2, 64], [-327.16875, 64], [-317.1875, 63], [-294.3, 64], [-228.00625, 63], [-285.56875, 58], [-304.23125, 64], [-348.95, 64], [-300.35, 64], [-306.16875, 64], [-332.66875, 64], [-356.18125, 64], [-304.425, 64], [-366.175, 64], [-316.6125, 64], [-348.75625, 64], [-394.2625, 64], [-285.7625, 64], [-275.78125, 64], [-322.1, 62], [-326.7, 64], [-346.95625, 62], [-346.68125, 64], [-321.78125, 64], [-350.7125, 64], [-373.625, 64], [-349.5375, 64], [-307.66875, 64], [-270.98125, 63], [-322.0125, 64], [-316.6625, 64], [-317.25, 64], [-243.73125, 64], [-282.55, 62], [-355.55, 64], [-270.88125, 64], [-216.95625, 63], [-248.24375, 64], [-313.75625, 62], [-207.2625, 64], [-284.6875, 63], [-267.025, 64], [-266.89375, 64], [-294.5125, 63], [-266.55, 63], [-265.18125, 64], [-257.55625, 61], [-236.24375, 62], [-316.5875, 64], [-252.58125, 64], [-343.71875, 63], [-243.35625, 64], [-238.225, 64], [-264.99375, 64], [-311.33125, 64], [-286.96875, 64]]}