{"episode_n": 200, "trajectory_len": 200, "trajectory_n": 30, "q_param": 0.2, "lamd": 0.99, "episode_data": [[-757.5333333333333, 23], [-751.7666666666667, 24], [-690.8666666666667, 24], [-659.0333333333333, 24], [-688.1666666666666, 24], [-630.9666666666667, 23], [-794.3, 24], [-705.1, 24], [-643.9333333333333, 24], [-721.8333333333334, 24], [-725.0, 24], [-706.7, 23], [-642.3666666666667, 24], [-619.1666666666666, 24], [-572.3666666666667, 24], [-566.2, 23], [-582.3333333333334, 24], [-536.0, 24], [-576.4, 24], [-499.1, 24], [-483.0, 24], [-435.1, 24], [-454.53333333333336, 24], [-602.7666666666667, 24], [-386.26666666666665, 23], [-351.73333333333335, 24], [-494.43333333333334, 24], [-361.5, 24], [-413.3666666666667, 24], [-342.06666666666666, 24], [-312.53333333333336, 24], [-347.6333333333333, 24], [-392.96666666666664, 24], [-370.5, 24], [-466.03333333333336, 24], [-474.96666666666664, 24], [-490.5, 24], [-408.3666666666667, 24], [-501.6, 22], [-355.93333333333334, 24], [-420.26666666666665, 24], [-446.1, 24], [-544.4, 23], [-400.43333333333334, 24], [-556.5666666666667, 24], [-553.5333333333333, 24], [-534.5, 24], [-565.1666666666666, 24], [-545.4333333333333, 24], [-527.8333333333334, 24], [-500.0, 24], [-541.2666666666667, 24], [-531.2333333333333, 22], [-467.26666666666665, 24], [-564.4333333333333, 23], [-565.4666666666667, 24], [-557.3, 24], [-503.26666666666665, 24], [-487.03333333333336, 24], [-580.8, 24], [-434.6666666666667, 24], [-394.23333333333335, 24], [-440.1333333333333, 24], [-340.3, 24], [-426.3666666666667, 24], [-453.26666666666665, 24], [-480.9, 24], [-450.3333333333333, 24], [-491.43333333333334, 24], [-483.06666666666666, 24], [-384.73333333333335, 24], [-485.93333333333334, 24], [-389.3333333333333, 24], [-456.96666666666664, 24], [-406.2, 24], [-504.53333333333336, 24], [-439.8, 24], [-483.03333333333336, 24], [-499.76666666666665, 24], [-320.56666666666666, 24], [-472.96666666666664, 24], [-454.96666666666664, 24], [-632.7333333333333, 24], [-586.1, 24], [-622.6666666666666, 24], [-656.4666666666667, 24], [-610.5, 24], [-645.3666666666667, 24], [-581.5333333333333, 24], [-578.3333333333334, 24], [-521.9666666666667, 24], [-528.9333333333333, 24], [-468.06666666666666, 24], [-496.1333333333333, 24], [-485.6333333333333, 24], [-527.7333333333333, 24], [-459.0, 24], [-531.3666666666667, 24], [-586.0333333333333, 24], [-540.1, 24], [-489.06666666666666, 24], [-579.1666666666666, 24], [-484.3333333333333, 23], [-569.0333333333333, 24], [-473.1333333333333, 24], [-496.3, 24], [-498.9, 24], [-554.7666666666667, 24], [-492.2, 24], [-458.8666666666667, 24], [-380.93333333333334, 24], [-468.9, 23], [-408.06666666666666, 24], [-346.9, 24], [-311.6666666666667, 24], [-332.7, 24], [-307.6, 24], [-317.93333333333334, 24], [-296.43333333333334, 24], [-243.06666666666666, 24], [-323.76666666666665, 24], [-405.3, 24], [-341.76666666666665, 24], [-362.53333333333336, 24], [-293.4, 24], [-294.9, 24], [-388.26666666666665, 24], [-360.4, 24], [-427.06666666666666, 24], [-394.7, 24], [-363.96666666666664, 24], [-355.1666666666667, 24], [-401.4, 24], [-239.83333333333334, 24], [-264.2, 24], [-351.6333333333333, 24], [-209.9, 24], [-353.06666666666666, 24], [-288.0, 24], [-233.3, 24], [-208.0, 24], [-401.6333333333333, 23], [-438.3, 24], [-352.8333333333333, 24], [-322.8, 24], [-366.6, 24], [-298.3333333333333, 24], [-436.56666666666666, 24], [-570.9666666666667, 24], [-472.76666666666665, 24], [-541.5333333333333, 23], [-452.0, 24], [-494.53333333333336, 24], [-538.5333333333333, 24], [-543.8333333333334, 24], [-463.03333333333336, 24], [-421.93333333333334, 24], [-433.26666666666665, 24], [-460.26666666666665, 24], [-505.56666666666666, 23], [-501.76666666666665, 24], [-454.8333333333333, 24], [-445.9, 24], [-414.0, 23], [-435.4, 23], [-329.4, 24], [-491.8, 24], [-377.56666666666666, 24], [-401.8666666666667, 24], [-460.56666666666666, 24], [-503.56666666666666, 24], [-537.1333333333333, 23], [-615.0666666666667, 22], [-543.6333333333333, 24], [-496.6666666666667, 24], [-469.3333333333333, 24], [-514.5666666666667, 24], [-427.9, 24], [-377.4, 24], [-446.53333333333336, 24], [-335.46666666666664, 23], [-355.3333333333333, 24], [-481.7, 24], [-432.26666666666665, 23], [-424.1666666666667, 24], [-499.5, 24], [-428.46666666666664, 23], [-501.7, 24], [-424.53333333333336, 24], [-416.6333333333333, 24], [-425.1666666666667, 24], [-430.3333333333333, 23], [-474.3333333333333, 23], [-553.1666666666666, 22], [-570.6, 23], [-404.6, 24], [-459.4, 24], [-348.9, 23], [-350.3, 24], [-346.2, 24]]}