{"episode_n": 200, "trajectory_len": 200, "trajectory_n": 30, "q_param": 0.1, "lamd": 0.99, "episode_data": [[-759.3666666666667, 26], [-761.9, 27], [-721.7, 27], [-796.4, 27], [-749.3, 27], [-721.4333333333333, 27], [-697.4333333333333, 27], [-711.8, 26], [-665.9, 27], [-708.0333333333333, 27], [-697.9666666666667, 27], [-662.6, 26], [-650.0, 27], [-631.9666666666667, 27], [-532.0666666666667, 27], [-610.6333333333333, 27], [-629.6, 27], [-653.1, 27], [-557.5666666666667, 27], [-572.9, 27], [-573.6, 27], [-560.5666666666667, 26], [-513.9, 27], [-628.7, 27], [-577.2666666666667, 26], [-438.3333333333333, 27], [-532.5666666666667, 26], [-522.7333333333333, 27], [-501.96666666666664, 27], [-483.6, 27], [-582.4, 27], [-515.9666666666667, 27], [-508.6666666666667, 27], [-550.5, 26], [-612.3, 27], [-614.0333333333333, 27], [-561.6333333333333, 27], [-584.7, 27], [-541.8666666666667, 26], [-607.5333333333333, 27], [-678.6333333333333, 27], [-693.8, 27], [-623.2, 27], [-632.5, 27], [-712.1, 27], [-699.8, 27], [-689.0, 27], [-674.0, 27], [-689.0, 26], [-664.4, 27], [-707.3, 27], [-692.5333333333333, 27], [-673.9666666666667, 27], [-615.4, 27], [-624.3, 27], [-610.1666666666666, 27], [-577.8, 27], [-631.9666666666667, 27], [-532.8, 27], [-579.9333333333333, 27], [-488.03333333333336, 26], [-449.03333333333336, 27], [-486.53333333333336, 27], [-476.4, 27], [-557.6, 26], [-540.9, 27], [-592.2666666666667, 27], [-632.0, 27], [-609.8666666666667, 27], [-672.7666666666667, 27], [-696.9666666666667, 27], [-645.4333333333333, 27], [-505.4, 27], [-642.7, 27], [-516.2666666666667, 27], [-567.1333333333333, 27], [-545.2333333333333, 27], [-621.2, 27], [-577.7, 27], [-567.2, 27], [-589.1, 27], [-511.1, 27], [-533.6, 27], [-597.2, 27], [-540.2, 27], [-580.4, 27], [-583.1, 27], [-632.9, 27], [-614.2, 26], [-534.7, 27], [-552.3, 27], [-533.3, 26], [-539.6666666666666, 27], [-591.3666666666667, 27], [-616.4666666666667, 26], [-632.7333333333333, 27], [-600.0666666666667, 27], [-612.2333333333333, 25], [-577.8333333333334, 27], [-589.7333333333333, 27], [-492.9, 27], [-578.7666666666667, 27], [-610.5333333333333, 27], [-619.0333333333333, 27], [-652.5333333333333, 24], [-602.4666666666667, 27], [-580.0666666666667, 27], [-521.5666666666667, 27], [-570.6666666666666, 27], [-578.1333333333333, 27], [-508.8666666666667, 27], [-589.5, 25], [-609.1666666666666, 27], [-607.8, 27], [-672.2666666666667, 26], [-715.4, 27], [-690.2666666666667, 27], [-700.1333333333333, 27], [-660.0666666666667, 27], [-624.9, 27], [-597.9333333333333, 27], [-612.4, 27], [-516.0333333333333, 26], [-593.6666666666666, 27], [-619.1, 27], [-646.1, 27], [-636.4333333333333, 27], [-615.1333333333333, 26], [-620.1, 27], [-576.4333333333333, 27], [-506.9, 26], [-623.7666666666667, 27], [-531.1, 26], [-486.43333333333334, 27], [-600.3666666666667, 27], [-601.1, 27], [-571.5, 27], [-538.5666666666667, 27], [-509.4, 27], [-488.76666666666665, 26], [-513.2666666666667, 27], [-504.6, 27], [-609.7, 27], [-529.8333333333334, 27], [-542.7, 24], [-466.4, 27], [-533.4333333333333, 27], [-575.5333333333333, 27], [-516.0333333333333, 27], [-480.46666666666664, 27], [-465.8, 27], [-416.9, 27], [-396.1666666666667, 27], [-505.56666666666666, 27], [-521.6333333333333, 27], [-426.1666666666667, 27], [-517.9333333333333, 27], [-481.0, 27], [-448.53333333333336, 27], [-403.6666666666667, 27], [-482.2, 26], [-344.43333333333334, 27], [-461.23333333333335, 27], [-558.4333333333333, 27], [-439.93333333333334, 27], [-534.9666666666667, 26], [-477.6, 27], [-301.46666666666664, 27], [-400.6, 27], [-567.1, 27], [-667.6333333333333, 26], [-519.4666666666667, 27], [-624.9333333333333, 26], [-517.4, 27], [-534.4333333333333, 27], [-495.6333333333333, 27], [-470.06666666666666, 27], [-520.3333333333334, 26], [-518.5333333333333, 26], [-514.1, 27], [-516.2666666666667, 27], [-629.1, 27], [-608.7666666666667, 27], [-580.3333333333334, 27], [-556.7, 27], [-644.6, 27], [-640.7, 27], [-678.8, 27], [-698.3, 27], [-746.3, 27], [-726.8, 27], [-743.3, 27], [-718.7, 27], [-686.3, 27], [-702.2, 27], [-664.1, 27], [-764.9, 27], [-722.9, 27], [-712.9666666666667, 26], [-637.5, 26]]}