{"episode_n": 80, "trajectory_len": 200, "trajectory_n": 160, "q_param": 0.7, "lamd": 0.1, "episode_data": [[-766.23125, 44], [-637.08125, 48], [-412.8, 48], [-355.8125, 48], [-279.45625, 48], [-251.75, 48], [-213.55625, 48], [-231.7625, 47], [-262.90625, 48], [-313.55625, 48], [-390.04375, 47], [-340.34375, 46], [-381.2125, 47], [-383.14375, 48], [-346.90625, 48], [-417.6125, 48], [-369.04375, 47], [-406.5375, 47], [-375.30625, 47], [-449.375, 48], [-355.4625, 48], [-388.91875, 48], [-447.4875, 48], [-329.74375, 47], [-373.475, 48], [-420.60625, 48], [-350.90625, 47], [-372.5125, 47], [-350.63125, 48], [-393.43125, 45], [-351.4, 46], [-409.675, 48], [-360.28125, 48], [-384.16875, 48], [-350.05625, 47], [-327.5, 48], [-471.7375, 48], [-419.2125, 48], [-365.55, 47], [-372.06875, 48], [-414.81875, 48], [-407.7, 48], [-419.76875, 48], [-476.475, 47], [-489.18125, 48], [-386.86875, 46], [-415.1875, 48], [-379.15, 47], [-392.85625, 47], [-437.9875, 48], [-454.325, 48], [-344.19375, 48], [-467.79375, 48], [-433.5375, 48], [-417.91875, 48], [-469.91875, 48], [-432.425, 48], [-426.79375, 48], [-390.84375, 48], [-388.46875, 47], [-398.18125, 48], [-410.1, 47], [-396.625, 48], [-436.04375, 48], [-498.89375, 48], [-361.34375, 48], [-381.56875, 48], [-389.15, 48], [-363.7625, 48], [-445.2375, 48], [-369.49375, 48], [-328.55625, 48], [-460.74375, 48], [-402.6375, 48], [-400.89375, 47], [-414.4125, 48], [-393.19375, 48], [-379.96875, 45], [-449.4875, 48], [-422.38125, 48]]}