{"episode_n": 80, "trajectory_len": 200, "trajectory_n": 160, "q_param": 0.6, "lamd": 0.1, "episode_data": [[-779.01875, 56], [-730.625, 62], [-599.54375, 64], [-497.3, 62], [-415.125, 63], [-334.75625, 64], [-433.19375, 63], [-362.475, 64], [-326.0375, 64], [-420.7375, 64], [-330.975, 64], [-385.7625, 64], [-340.60625, 64], [-360.79375, 64], [-290.86875, 63], [-360.15625, 64], [-389.99375, 64], [-331.81875, 64], [-283.0625, 63], [-376.6, 64], [-392.6125, 64], [-301.16875, 61], [-300.39375, 64], [-331.89375, 64], [-346.30625, 64], [-342.83125, 64], [-344.525, 64], [-371.31875, 64], [-323.90625, 63], [-324.39375, 64], [-322.5375, 64], [-360.1, 62], [-361.64375, 64], [-318.05, 64], [-324.70625, 64], [-406.05625, 64], [-389.9, 64], [-360.29375, 64], [-296.43125, 64], [-355.46875, 62], [-270.1125, 58], [-361.2625, 64], [-327.375, 63], [-360.58125, 64], [-425.3375, 64], [-418.86875, 64], [-340.19375, 64], [-318.4625, 61], [-364.15625, 64], [-377.66875, 64], [-296.96875, 64], [-376.775, 64], [-384.19375, 64], [-360.50625, 63], [-393.44375, 64], [-353.19375, 63], [-371.28125, 64], [-355.10625, 64], [-360.71875, 64], [-321.76875, 64], [-304.15625, 64], [-238.9625, 62], [-327.2625, 64], [-278.65625, 64], [-289.7, 64], [-311.3375, 62], [-377.49375, 64], [-344.23125, 64], [-316.29375, 64], [-342.1875, 64], [-351.91875, 64], [-307.325, 64], [-335.98125, 64], [-337.8125, 64], [-332.26875, 63], [-304.2625, 64], [-281.475, 64], [-351.3125, 64], [-354.59375, 63], [-333.6875, 64]]}