{"episode_n": 80, "trajectory_len": 200, "trajectory_n": 160, "q_param": 0.3, "lamd": 0.1, "episode_data": [[-778.0375, 105], [-728.3, 109], [-685.2625, 107], [-653.325, 109], [-597.54375, 112], [-537.99375, 106], [-487.9, 108], [-427.8125, 111], [-407.40625, 109], [-331.45625, 112], [-292.54375, 112], [-244.4, 111], [-238.48125, 106], [-229.48125, 111], [-205.96875, 100], [-273.03125, 112], [-193.675, 112], [-172.65, 110], [-148.775, 107], [-166.8875, 101], [-224.0625, 112], [-108.21875, 112], [-102.8625, 111], [-88.2875, 112], [-104.0625, 112], [-62.03125, 112], [-56.4375, 112], [-58.525, 112], [-49.65625, 112], [-83.15625, 112], [-52.8125, 112], [-69.69375, 111], [-67.11875, 110], [-81.5, 112], [-87.79375, 112], [-65.73125, 112], [-94.34375, 112], [-104.525, 112], [-88.1125, 112], [-48.85, 111], [-94.1875, 112], [-90.13125, 112], [-43.3125, 112], [-72.91875, 112], [-68.10625, 112], [-73.1, 112], [-61.76875, 111], [-98.4625, 112], [-71.15625, 112], [-92.69375, 112], [-85.0875, 112], [-89.35, 112], [-34.49375, 112], [-57.40625, 112], [-85.50625, 112], [-81.3875, 111], [-64.3875, 112], [-58.1, 109], [-95.4, 112], [-61.725, 112], [-81.63125, 112], [-70.26875, 112], [-68.6875, 111], [-41.00625, 112], [-48.58125, 111], [-86.75, 112], [-79.50625, 112], [-62.98125, 112], [-74.36875, 112], [-82.28125, 112], [-124.8375, 112], [-63.14375, 112], [-91.4625, 112], [-88.98125, 112], [-89.38125, 112], [-75.8125, 112], [-93.14375, 112], [-100.3375, 112], [-71.15, 111], [-71.9, 112]]}