{"episode_n": 100, "trajectory_len": 200, "trajectory_n": 320, "q_param": 0.2, "lamd": 0.1, "episode_data": [[-780.321875, 254], [-750.765625, 250], [-714.965625, 252], [-682.046875, 255], [-639.58125, 254], [-616.8, 248], [-571.68125, 255], [-538.65625, 252], [-504.534375, 247], [-459.703125, 241], [-405.03125, 250], [-368.190625, 250], [-310.928125, 255], [-287.909375, 251], [-269.309375, 256], [-222.2, 253], [-183.353125, 255], [-159.415625, 256], [-142.18125, 245], [-126.696875, 224], [-252.759375, 256], [-169.6625, 256], [-122.1625, 255], [-94.434375, 255], [-77.5, 256], [-65.46875, 254], [-50.746875, 256], [-40.83125, 256], [-32.703125, 256], [-21.321875, 255], [-20.98125, 251], [-18.50625, 254], [-12.8625, 256], [-10.05625, 254], [-7.0625, 252], [-6.7625, 253], [-4.16875, 255], [-3.98125, 251], [-0.590625, 250], [-4.5375, 256], [-5.68125, 253], [-3.615625, 256], [-3.365625, 256], [-3.665625, 255], [-2.79375, 254], [-3.309375, 255], [-2.028125, 256], [-4.925, 253], [-8.053125, 253], [-8.603125, 256], [-4.540625, 256], [-4.690625, 251], [-2.7625, 254], [-0.8375, 253], [-6.090625, 255], [-2.5, 254], [-0.728125, 248], [-1.675, 256], [-6.246875, 255], [-11.20625, 254], [-0.478125, 256], [-1.496875, 237], [-18.190625, 256], [-4.23125, 256], [-5.3625, 256], [-10.1625, 254], [-2.6375, 255], [-9.784375, 256], [-1.54375, 253], [-9.575, 255], [-8.75, 252], [-0.04375, 248], [-6.615625, 254], [-8.975, 255], [-5.078125, 256], [-1.346875, 256], [0.009375, 249], [-5.1625, 256], [-5.1125, 256], [-2.6875, 256], [-7.096875, 250], [-4.78125, 256], [-0.996875, 255], [-0.1875, 256], [-0.125, 239], [-10.803125, 256], [-1.56875, 254], [2.178125, 215], [-18.875, 254], [-4.609375, 253], [-11.38125, 256], [-13.48125, 256], [-5.940625, 254], [-8.928125, 256], [-5.49375, 256], [-12.728125, 245], [-22.56875, 256], [-9.059375, 255], [-7.91875, 252], [-6.04375, 255]]}