{"episode_n": 200, "trajectory_len": 200, "trajectory_n": 30, "q_param": 0.8, "lamd": 0.99, "episode_data": [[-739.6666666666666, 5], [-665.4666666666667, 6], [-623.8666666666667, 6], [-611.2666666666667, 6], [-692.0666666666667, 6], [-642.8666666666667, 6], [-541.9666666666667, 6], [-598.7666666666667, 6], [-674.4, 6], [-601.3, 6], [-567.8666666666667, 6], [-540.0, 6], [-756.1666666666666, 6], [-518.2, 6], [-613.4333333333333, 6], [-508.6333333333333, 6], [-633.6, 6], [-653.3333333333334, 6], [-662.5, 6], [-577.1333333333333, 6], [-536.5, 6], [-696.9333333333333, 6], [-585.8666666666667, 6], [-647.9666666666667, 6], [-592.7, 6], [-621.7, 6], [-610.9, 6], [-666.6333333333333, 6], [-574.6333333333333, 6], [-706.5333333333333, 6], [-634.4333333333333, 6], [-613.5333333333333, 6], [-548.2, 6], [-588.5333333333333, 6], [-513.1333333333333, 6], [-715.3, 6], [-616.1666666666666, 6], [-631.4333333333333, 6], [-688.0666666666667, 6], [-634.1333333333333, 6], [-673.1, 6], [-516.0666666666667, 6], [-672.1333333333333, 6], [-564.7666666666667, 6], [-553.2333333333333, 6], [-577.0, 6], [-621.3, 6], [-676.9666666666667, 6], [-630.9, 6], [-604.6, 6], [-519.7, 6], [-673.4, 6], [-697.1666666666666, 6], [-511.0, 6], [-648.5333333333333, 6], [-684.6, 6], [-563.7, 6], [-643.6, 6], [-580.8333333333334, 6], [-581.1, 6], [-556.5666666666667, 6], [-690.2666666666667, 6], [-647.1333333333333, 6], [-670.7, 6], [-546.2333333333333, 6], [-598.4666666666667, 6], [-526.6333333333333, 5], [-648.7, 6], [-500.06666666666666, 6], [-635.0333333333333, 6], [-597.8, 6], [-617.4666666666667, 6], [-671.4, 6], [-599.0333333333333, 6], [-552.6666666666666, 6], [-583.2, 6], [-642.9, 6], [-509.3, 6], [-573.6333333333333, 6], [-586.2, 6], [-613.2333333333333, 6], [-636.4333333333333, 6], [-671.9666666666667, 5], [-693.2333333333333, 6], [-503.26666666666665, 6], [-634.3333333333334, 6], [-590.8666666666667, 6], [-684.5, 6], [-614.5, 6], [-531.9666666666667, 6], [-616.6666666666666, 6], [-680.3333333333334, 6], [-678.5, 6], [-607.4666666666667, 6], [-616.9333333333333, 6], [-668.2666666666667, 6], [-707.2666666666667, 6], [-637.9, 6], [-578.9666666666667, 6], [-651.1, 6], [-702.4, 6], [-627.7333333333333, 6], [-560.7666666666667, 6], [-573.8666666666667, 6], [-600.0, 6], [-602.3, 6], [-687.3333333333334, 6], [-521.7333333333333, 6], [-597.7, 6], [-595.9333333333333, 5], [-594.0666666666667, 6], [-668.9, 6], [-631.7333333333333, 6], [-658.0333333333333, 6], [-659.6, 6], [-584.0, 6], [-709.2666666666667, 6], [-665.2, 6], [-646.6333333333333, 6], [-576.4333333333333, 6], [-601.0, 6], [-590.4333333333333, 6], [-625.4, 6], [-691.5333333333333, 6], [-559.1333333333333, 6], [-574.2333333333333, 6], [-658.9666666666667, 6], [-606.5, 6], [-677.8666666666667, 6], [-572.3666666666667, 6], [-605.7, 6], [-677.9, 6], [-655.0666666666667, 6], [-655.6666666666666, 6], [-716.4666666666667, 6], [-629.1, 6], [-613.5, 5], [-652.8666666666667, 6], [-697.5333333333333, 6], [-579.0666666666667, 6], [-581.8, 6], [-571.6, 6], [-650.2666666666667, 6], [-529.4333333333333, 6], [-614.9666666666667, 6], [-604.3666666666667, 6], [-526.4, 6], [-642.7666666666667, 6], [-521.6, 6], [-502.1, 6], [-652.1666666666666, 6], [-619.5333333333333, 6], [-670.6333333333333, 6], [-616.6666666666666, 6], [-544.6666666666666, 6], [-688.4333333333333, 6], [-602.0666666666667, 6], [-613.9333333333333, 6], [-615.5333333333333, 6], [-652.1, 6], [-639.1666666666666, 6], [-562.8666666666667, 6], [-542.6666666666666, 6], [-584.5, 6], [-716.4666666666667, 6], [-586.0666666666667, 6], [-619.6666666666666, 6], [-697.1666666666666, 6], [-717.4333333333333, 6], [-706.4333333333333, 6], [-712.6333333333333, 5], [-614.3333333333334, 6], [-622.9666666666667, 6], [-704.4666666666667, 6], [-633.3, 6], [-669.3, 6], [-693.5333333333333, 6], [-725.2666666666667, 5], [-620.0, 6], [-616.6, 6], [-547.7666666666667, 6], [-587.7333333333333, 6], [-681.3333333333334, 6], [-617.8666666666667, 6], [-632.9, 6], [-614.7666666666667, 6], [-642.8666666666667, 6], [-603.9666666666667, 6], [-643.6333333333333, 6], [-646.1333333333333, 6], [-656.8666666666667, 6], [-594.5, 6], [-665.3333333333334, 6], [-722.9666666666667, 6], [-601.1333333333333, 6], [-548.5333333333333, 6], [-676.6, 6], [-600.3666666666667, 6], [-577.1666666666666, 6], [-599.1333333333333, 6]]}