{"episode_n": 100, "trajectory_len": 200, "trajectory_n": 640, "q_param": 0.1, "lamd": 0.1, "episode_data": [[-764.3890625, 565], [-742.4765625, 573], [-725.5296875, 568], [-713.5828125, 571], [-690.8625, 574], [-670.9515625, 564], [-655.790625, 571], [-647.16875, 563], [-627.028125, 563], [-601.7296875, 566], [-578.9671875, 575], [-562.2671875, 574], [-549.4671875, 568], [-534.996875, 556], [-512.184375, 566], [-511.8375, 564], [-475.0515625, 564], [-469.3375, 574], [-435.2015625, 566], [-433.915625, 568], [-415.81875, 576], [-411.8984375, 574], [-394.4703125, 567], [-379.85, 567], [-356.896875, 572], [-359.371875, 568], [-350.475, 575], [-333.0234375, 567], [-321.9921875, 576], [-301.06875, 570], [-287.4546875, 555], [-281.1609375, 575], [-263.9796875, 570], [-262.5578125, 576], [-249.625, 576], [-232.4546875, 575], [-221.11875, 556], [-207.559375, 569], [-205.6734375, 563], [-193.85625, 554], [-185.5203125, 558], [-176.309375, 558], [-167.4546875, 574], [-160.73125, 571], [-154.2078125, 558], [-151.2265625, 563], [-144.14375, 549], [-140.9828125, 539], [-136.8359375, 525], [-131.3296875, 319], [-362.540625, 573], [-348.7515625, 573], [-301.4375, 576], [-302.303125, 565], [-295.240625, 572], [-274.4359375, 574], [-250.3953125, 569], [-220.6734375, 576], [-208.6671875, 575], [-192.778125, 576], [-183.578125, 572], [-151.559375, 576], [-130.71875, 576], [-108.0859375, 576], [-95.0359375, 575], [-77.6984375, 576], [-65.8546875, 575], [-54.165625, 575], [-49.3390625, 576], [-40.4390625, 576], [-33.4234375, 576], [-28.7734375, 576], [-24.3859375, 574], [-20.303125, 574], [-15.09375, 574], [-12.3890625, 575], [-9.9703125, 571], [-6.990625, 569], [-5.3390625, 576], [-4.0359375, 573], [-3.00625, 572], [-1.8890625, 563], [-1.18125, 570], [-0.1078125, 562], [1.4359375, 566], [0.696875, 575], [2.2515625, 567], [1.821875, 564], [2.6703125, 561], [2.8015625, 563], [2.565625, 571], [3.171875, 575], [3.6125, 563], [2.00625, 564], [1.675, 573], [3.05, 552], [3.259375, 571], [2.975, 569], [0.5515625, 572], [3.7328125, 575]]}