{"episode_n": 80, "trajectory_len": 200, "trajectory_n": 160, "q_param": 0.1, "lamd": 0.1, "episode_data": [[-779.35, 143], [-777.44375, 141], [-769.65, 143], [-743.30625, 143], [-736.49375, 144], [-712.6125, 144], [-704.11875, 144], [-677.9875, 143], [-658.6625, 139], [-636.60625, 142], [-614.225, 139], [-588.9, 144], [-582.1625, 144], [-572.78125, 142], [-547.3125, 143], [-537.16875, 144], [-514.35625, 141], [-502.75, 144], [-489.93125, 143], [-466.84375, 144], [-454.11875, 143], [-444.0875, 140], [-444.31875, 139], [-427.7875, 144], [-414.8625, 142], [-412.5, 144], [-400.63125, 135], [-379.225, 140], [-364.6375, 143], [-361.11875, 144], [-354.025, 137], [-328.3375, 140], [-328.225, 143], [-322.525, 143], [-323.74375, 144], [-321.16875, 142], [-305.6625, 143], [-298.0625, 142], [-288.0875, 144], [-290.9375, 139], [-285.6, 141], [-260.4, 140], [-269.84375, 142], [-270.80625, 141], [-245.7125, 142], [-250.56875, 143], [-246.15, 142], [-246.9, 143], [-239.41875, 144], [-238.7, 143], [-235.53125, 144], [-227.06875, 144], [-232.25, 143], [-228.88125, 144], [-220.15, 144], [-224.875, 143], [-220.8375, 139], [-221.1375, 143], [-231.25625, 144], [-212.41875, 142], [-209.2875, 139], [-206.79375, 139], [-215.48125, 142], [-206.20625, 144], [-199.5625, 143], [-210.41875, 143], [-208.90625, 144], [-198.2, 138], [-185.83125, 143], [-207.225, 143], [-202.00625, 140], [-202.21875, 143], [-199.33125, 140], [-195.63125, 131], [-206.49375, 138], [-191.93125, 142], [-201.31875, 139], [-199.20625, 144], [-193.95625, 143], [-193.90625, 144]]}