{"episode_n": 100, "trajectory_len": 200, "trajectory_n": 640, "q_param": 0.01, "lamd": 0.1, "episode_data": [[-770.5609375, 633], [-765.0875, 631], [-759.2375, 632], [-756.86875, 632], [-750.9390625, 632], [-754.525, 633], [-752.9390625, 633], [-755.3765625, 630], [-748.853125, 633], [-742.3171875, 627], [-736.2875, 632], [-741.8265625, 632], [-743.371875, 633], [-741.0703125, 631], [-734.003125, 629], [-731.0453125, 633], [-726.3546875, 633], [-728.221875, 631], [-723.9296875, 633], [-717.1765625, 632], [-716.653125, 632], [-711.9546875, 633], [-713.6859375, 633], [-706.8546875, 633], [-714.6890625, 632], [-713.35, 633], [-711.8015625, 632], [-710.290625, 633], [-709.5671875, 631], [-711.521875, 633], [-710.075, 630], [-703.803125, 632], [-710.971875, 633], [-707.290625, 633], [-701.7859375, 632], [-695.98125, 633], [-697.1984375, 632], [-693.1203125, 631], [-683.76875, 631], [-672.6640625, 632], [-679.0703125, 633], [-675.45, 633], [-675.0953125, 632], [-673.878125, 630], [-674.3828125, 633], [-666.9078125, 631], [-656.9421875, 633], [-653.9375, 633], [-655.7984375, 633], [-651.1609375, 633], [-643.715625, 632], [-649.1140625, 631], [-647.4796875, 632], [-640.4765625, 633], [-636.4671875, 632], [-624.409375, 631], [-615.178125, 633], [-618.065625, 632], [-620.040625, 633], [-612.6625, 633], [-608.146875, 633], [-602.5125, 632], [-595.465625, 633], [-593.44375, 632], [-598.31875, 633], [-594.5671875, 633], [-594.1390625, 632], [-584.0, 631], [-588.0640625, 633], [-581.125, 632], [-577.9578125, 631], [-569.4078125, 632], [-574.753125, 633], [-572.196875, 633], [-573.50625, 633], [-559.8609375, 633], [-556.1625, 633], [-543.725, 631], [-540.3640625, 632], [-541.1578125, 632], [-531.84375, 633], [-523.9015625, 632], [-528.321875, 632], [-532.0171875, 632], [-526.36875, 633], [-535.0828125, 632], [-527.753125, 632], [-527.1953125, 630], [-528.8921875, 633], [-509.090625, 632], [-504.8234375, 632], [-498.0671875, 632], [-499.8171875, 630], [-496.1609375, 632], [-499.325, 633], [-494.03125, 632], [-496.125, 631], [-490.653125, 633], [-492.0140625, 629], [-494.4734375, 633]]}