{"episode_n": 100, "trajectory_len": 200, "trajectory_n": 160, "q_param": 0.8, "lamd": 0.99, "episode_data": [[-772.24375, 29], [-672.13125, 31], [-544.41875, 32], [-443.05625, 32], [-480.7375, 32], [-418.15625, 32], [-446.90625, 31], [-409.2, 32], [-440.44375, 32], [-451.025, 32], [-414.93125, 32], [-438.5625, 32], [-536.15625, 32], [-436.675, 32], [-344.55625, 32], [-463.9375, 31], [-515.38125, 32], [-501.59375, 32], [-472.15, 32], [-449.8875, 32], [-470.34375, 32], [-536.9625, 31], [-487.01875, 32], [-504.19375, 32], [-495.51875, 31], [-497.21875, 32], [-529.59375, 32], [-516.875, 32], [-507.23125, 32], [-478.84375, 30], [-490.24375, 31], [-514.9375, 31], [-475.8625, 32], [-513.61875, 32], [-485.83125, 27], [-542.09375, 32], [-467.06875, 32], [-461.35, 31], [-577.5, 32], [-533.8375, 31], [-519.74375, 32], [-519.78125, 32], [-493.59375, 32], [-538.39375, 32], [-509.6, 32], [-499.49375, 32], [-540.26875, 32], [-516.33125, 31], [-464.5625, 31], [-517.75625, 31], [-539.11875, 32], [-521.6125, 32], [-504.9875, 31], [-489.4, 31], [-501.05, 32], [-514.24375, 32], [-494.125, 30], [-564.125, 32], [-542.00625, 31], [-515.84375, 32], [-556.4625, 32], [-540.6375, 32], [-507.39375, 32], [-567.53125, 32], [-502.1625, 32], [-510.3875, 32], [-534.6125, 32], [-533.6, 32], [-515.2125, 32], [-490.6125, 31], [-469.21875, 32], [-507.4875, 32], [-515.06875, 31], [-494.8375, 32], [-530.60625, 32], [-502.05, 30], [-464.74375, 27], [-553.20625, 32], [-564.85625, 32], [-529.03125, 32], [-567.0, 32], [-506.675, 31], [-533.3125, 32], [-514.8375, 31], [-562.38125, 32], [-511.9, 32], [-486.775, 32], [-486.075, 30], [-470.33125, 32], [-518.45, 32], [-541.89375, 32], [-557.15, 32], [-533.09375, 32], [-543.7625, 30], [-518.2, 32], [-524.0375, 31], [-524.60625, 32], [-483.75625, 32], [-484.68125, 32], [-525.025, 32]]}