{"episode_n": 100, "trajectory_len": 200, "trajectory_n": 160, "q_param": 0.9, "lamd": 0.99, "episode_data": [[-769.4, 15], [-591.25625, 16], [-475.5, 16], [-420.9125, 16], [-481.49375, 16], [-501.65, 16], [-548.3375, 16], [-524.775, 16], [-538.44375, 16], [-550.24375, 16], [-534.31875, 16], [-597.78125, 16], [-519.8125, 15], [-591.56875, 16], [-558.1, 16], [-570.3375, 16], [-526.65, 16], [-589.1, 16], [-576.03125, 16], [-551.55625, 16], [-568.44375, 16], [-535.3125, 16], [-531.075, 15], [-465.0125, 16], [-576.1375, 16], [-558.6375, 16], [-592.69375, 16], [-570.59375, 16], [-583.7375, 16], [-571.73125, 15], [-567.18125, 16], [-599.5625, 16], [-587.91875, 11], [-663.7875, 16], [-505.1, 16], [-529.05, 13], [-598.75, 16], [-568.675, 12], [-587.9625, 16], [-598.48125, 16], [-572.2875, 16], [-583.1125, 16], [-571.76875, 16], [-572.0625, 14], [-627.4, 16], [-599.275, 16], [-540.93125, 15], [-558.5125, 16], [-587.475, 16], [-572.65, 16], [-616.5, 14], [-626.69375, 16], [-638.9875, 16], [-658.24375, 16], [-655.20625, 15], [-656.99375, 16], [-666.33125, 16], [-662.35, 16], [-664.80625, 16], [-627.61875, 16], [-636.14375, 16], [-636.7, 15], [-641.15625, 16], [-635.3625, 16], [-643.05625, 15], [-669.20625, 16], [-651.9625, 16], [-622.33125, 16], [-604.70625, 16], [-658.625, 16], [-644.90625, 16], [-652.96875, 16], [-636.95, 16], [-683.91875, 16], [-563.66875, 16], [-642.16875, 14], [-642.2125, 16], [-661.58125, 16], [-655.975, 16], [-628.3, 16], [-659.2625, 16], [-644.9875, 16], [-656.05, 16], [-651.225, 16], [-629.4125, 16], [-634.8125, 16], [-670.025, 15], [-653.10625, 16], [-638.6375, 15], [-611.75, 16], [-606.18125, 16], [-622.5375, 13], [-600.975, 16], [-666.71875, 16], [-578.9125, 16], [-592.825, 14], [-603.21875, 16], [-606.475, 16], [-606.4625, 15], [-591.075, 16]]}