{"episode_n": 100, "trajectory_len": 200, "trajectory_n": 640, "q_param": 0.9, "lamd": 0.1, "episode_data": [[-769.20625, 57], [-594.753125, 64], [-310.6234375, 64], [-150.3203125, 60], [-212.8265625, 63], [-200.1859375, 56], [-356.7765625, 56], [-395.8515625, 64], [-379.2390625, 54], [-498.91875, 64], [-501.1515625, 62], [-501.4796875, 62], [-515.1640625, 64], [-441.809375, 52], [-535.0703125, 64], [-417.8640625, 54], [-552.378125, 63], [-477.9484375, 52], [-566.5, 64], [-476.1078125, 61], [-552.60625, 63], [-498.0515625, 61], [-550.0234375, 64], [-516.8796875, 62], [-518.7421875, 61], [-550.4484375, 64], [-505.034375, 52], [-565.3, 64], [-482.2625, 48], [-568.1078125, 64], [-453.4953125, 48], [-519.584375, 63], [-518.6875, 53], [-541.9265625, 63], [-523.3625, 49], [-573.146875, 64], [-502.8375, 54], [-531.3265625, 64], [-496.73125, 61], [-519.025, 60], [-545.4375, 61], [-515.5515625, 48], [-528.915625, 61], [-563.071875, 64], [-487.753125, 55], [-539.11875, 63], [-545.6484375, 64], [-491.6203125, 61], [-502.440625, 45], [-546.35625, 63], [-476.315625, 61], [-504.1515625, 47], [-557.3890625, 64], [-495.640625, 54], [-531.5953125, 62], [-552.06875, 63], [-495.2328125, 64], [-515.9765625, 64], [-515.9703125, 50], [-554.55, 62], [-492.884375, 63], [-512.8640625, 46], [-568.4796875, 64], [-455.071875, 56], [-515.965625, 60], [-542.88125, 59], [-531.496875, 44], [-570.240625, 63], [-478.0328125, 51], [-536.69375, 63], [-499.8421875, 54], [-558.1140625, 64], [-396.903125, 52], [-522.2828125, 64], [-509.8625, 59], [-530.23125, 64], [-507.2484375, 60], [-515.0296875, 49], [-549.4375, 61], [-467.265625, 60], [-537.921875, 64], [-509.759375, 62], [-521.6109375, 49], [-538.7890625, 64], [-503.9046875, 49], [-554.4921875, 64], [-488.3578125, 58], [-516.259375, 62], [-522.3828125, 60], [-522.8703125, 47], [-552.7203125, 64], [-521.4859375, 56], [-530.4765625, 60], [-507.4203125, 42], [-548.89375, 64], [-503.74375, 52], [-533.859375, 62], [-497.09375, 59], [-519.6109375, 62], [-459.05625, 61]]}