{"episode_n": 100, "trajectory_len": 200, "trajectory_n": 160, "q_param": 0.1, "lamd": 0.99, "episode_data": [[-770.475, 142], [-762.275, 143], [-746.99375, 144], [-729.38125, 142], [-724.85, 142], [-702.4125, 144], [-694.01875, 142], [-669.79375, 143], [-644.7125, 144], [-625.35, 141], [-612.43125, 144], [-599.49375, 141], [-584.31875, 143], [-571.525, 142], [-551.33125, 144], [-544.03125, 142], [-519.23125, 140], [-508.0875, 144], [-486.525, 140], [-487.05, 143], [-481.8625, 141], [-466.85, 144], [-451.0625, 142], [-446.5375, 138], [-427.81875, 143], [-417.34375, 139], [-403.66875, 144], [-408.80625, 144], [-391.525, 144], [-383.16875, 143], [-377.2375, 143], [-392.61875, 143], [-384.55, 143], [-368.59375, 142], [-364.25625, 144], [-362.89375, 140], [-350.46875, 142], [-338.20625, 144], [-334.38125, 140], [-328.7, 143], [-316.775, 144], [-314.35625, 142], [-309.96875, 143], [-310.25, 140], [-306.875, 144], [-295.5125, 142], [-287.4125, 139], [-285.33125, 143], [-284.43125, 141], [-275.6, 143], [-267.33125, 142], [-267.3125, 141], [-271.94375, 141], [-261.65, 142], [-256.4, 138], [-255.06875, 140], [-252.59375, 142], [-248.31875, 141], [-241.45625, 134], [-239.54375, 143], [-237.125, 136], [-230.88125, 137], [-229.41875, 143], [-242.6375, 144], [-225.28125, 132], [-239.6, 144], [-232.2625, 142], [-226.14375, 143], [-224.94375, 144], [-220.1625, 138], [-220.11875, 144], [-214.9875, 143], [-218.1625, 140], [-212.26875, 144], [-214.00625, 142], [-213.39375, 143], [-210.3875, 136], [-206.675, 143], [-211.5875, 141], [-210.3375, 141], [-209.34375, 140], [-216.9625, 141], [-220.53125, 144], [-219.85625, 142], [-214.8375, 144], [-208.8875, 144], [-221.1875, 144], [-215.58125, 143], [-216.65, 144], [-213.8375, 144], [-216.0125, 141], [-214.625, 141], [-214.68125, 140], [-216.7625, 138], [-212.65625, 142], [-216.0875, 144], [-208.31875, 139], [-211.99375, 142], [-207.20625, 139], [-209.73125, 143]]}