{"episode_n": 100, "trajectory_len": 200, "trajectory_n": 160, "q_param": 0.4, "lamd": 0.99, "episode_data": [[-765.84375, 95], [-728.40625, 86], [-672.8375, 88], [-622.49375, 95], [-552.0875, 92], [-496.78125, 94], [-421.825, 89], [-370.01875, 96], [-310.975, 96], [-251.93125, 95], [-217.04375, 93], [-265.71875, 90], [-199.59375, 85], [-239.05625, 72], [-331.25, 96], [-256.875, 96], [-299.3375, 96], [-274.9375, 96], [-203.275, 96], [-131.0875, 96], [-126.825, 94], [-149.21875, 96], [-126.9, 95], [-95.725, 95], [-119.33125, 96], [-131.24375, 96], [-117.51875, 96], [-112.38125, 94], [-169.41875, 96], [-114.6875, 96], [-108.69375, 95], [-95.30625, 95], [-141.5, 94], [-90.24375, 95], [-77.5125, 95], [-65.0375, 95], [-34.73125, 95], [-38.25, 96], [-39.58125, 94], [-53.9875, 95], [-98.50625, 96], [-63.73125, 95], [-37.05, 96], [-55.2375, 96], [-48.8625, 95], [-46.5875, 95], [-53.675, 96], [-33.28125, 94], [-31.1, 95], [-36.04375, 96], [-36.99375, 96], [-48.98125, 96], [-74.85, 95], [-36.55625, 95], [-47.03125, 93], [-71.04375, 96], [-56.73125, 96], [-46.70625, 96], [-40.2, 95], [-35.79375, 96], [-21.96875, 96], [-23.71875, 91], [-47.49375, 94], [-75.8375, 95], [-59.00625, 96], [-57.30625, 94], [-68.08125, 96], [-91.85, 96], [-38.475, 96], [-83.13125, 96], [-71.4875, 96], [-74.825, 94], [-114.5125, 96], [-110.0, 96], [-118.3875, 95], [-81.5625, 96], [-83.65625, 96], [-79.7125, 95], [-102.91875, 96], [-59.08125, 96], [-87.0875, 96], [-81.34375, 95], [-63.26875, 96], [-65.24375, 94], [-73.98125, 96], [-63.91875, 95], [-69.4125, 95], [-149.9, 96], [-109.26875, 94], [-112.89375, 96], [-94.875, 96], [-89.90625, 96], [-97.825, 96], [-80.1375, 92], [-89.95, 93], [-103.1875, 96], [-128.2375, 96], [-103.8125, 95], [-63.08125, 95], [-114.88125, 96]]}