{"episode_n": 100, "trajectory_len": 200, "trajectory_n": 160, "q_param": 0.3, "lamd": 0.99, "episode_data": [[-770.35, 109], [-728.95, 107], [-684.36875, 108], [-628.175, 110], [-566.1, 109], [-512.6375, 110], [-473.41875, 111], [-422.2625, 109], [-374.075, 104], [-331.3625, 112], [-294.825, 111], [-261.64375, 108], [-236.525, 110], [-218.91875, 111], [-191.24375, 109], [-202.5375, 108], [-182.95625, 112], [-179.6, 106], [-186.68125, 68], [-434.01875, 111], [-405.48125, 112], [-332.9625, 110], [-225.45, 112], [-166.9375, 112], [-134.24375, 112], [-112.05625, 112], [-85.5875, 111], [-101.1125, 110], [-93.39375, 112], [-81.24375, 112], [-81.80625, 111], [-48.5, 112], [-64.4125, 112], [-22.225, 111], [-24.4375, 110], [-63.05625, 112], [-38.63125, 110], [-25.50625, 112], [-51.7, 112], [-68.975, 112], [-51.90625, 112], [-30.3625, 112], [-38.01875, 109], [-24.1375, 112], [-32.6375, 112], [-29.775, 112], [-28.9875, 111], [-61.05, 111], [-43.53125, 110], [-46.0125, 112], [-20.45, 111], [-16.43125, 112], [-39.81875, 112], [-14.25625, 111], [-28.0375, 112], [-29.35, 111], [-38.03125, 111], [-33.975, 109], [-37.5625, 112], [-27.01875, 112], [-24.8625, 112], [-46.7625, 112], [-21.63125, 112], [-25.5375, 111], [-51.46875, 112], [-28.98125, 112], [-31.3, 112], [-81.725, 112], [-59.35625, 111], [-37.10625, 112], [-31.85625, 111], [-27.675, 112], [-64.50625, 112], [-34.41875, 112], [-69.34375, 112], [-65.49375, 112], [-65.9125, 112], [-61.14375, 112], [-42.94375, 112], [-51.69375, 112], [-35.30625, 112], [-29.3125, 111], [-27.81875, 111], [-43.3875, 112], [-47.5375, 112], [-42.65625, 111], [-17.325, 110], [-15.0875, 111], [-22.61875, 111], [-21.9, 111], [-16.2, 111], [-28.36875, 112], [-50.80625, 112], [-9.55625, 111], [-46.9125, 112], [-40.0375, 110], [-55.6, 111], [-26.30625, 112], [-58.1, 112], [-31.575, 112]]}