{"episode_n": 100, "trajectory_len": 200, "trajectory_n": 160, "q_param": 0.2, "lamd": 0.2, "episode_data": [[-758.05, 126], [-734.10625, 122], [-702.29375, 127], [-671.75625, 126], [-629.50625, 125], [-578.31875, 127], [-558.83125, 124], [-534.23125, 128], [-544.84375, 124], [-487.25625, 122], [-444.0625, 128], [-412.71875, 126], [-387.65625, 124], [-373.10625, 128], [-327.7625, 127], [-316.49375, 127], [-312.5125, 121], [-290.86875, 121], [-271.5375, 127], [-255.175, 121], [-239.31875, 123], [-231.64375, 125], [-194.78125, 126], [-204.73125, 128], [-199.28125, 114], [-197.425, 124], [-193.0625, 127], [-170.375, 116], [-178.38125, 117], [-173.65, 128], [-170.7875, 127], [-167.6625, 125], [-135.8625, 74], [-394.14375, 124], [-452.6875, 126], [-322.93125, 128], [-299.15, 127], [-316.075, 127], [-265.2, 128], [-244.5, 128], [-225.95, 127], [-184.1375, 125], [-176.53125, 128], [-164.50625, 128], [-155.525, 128], [-144.35, 127], [-165.16875, 128], [-116.1, 128], [-178.2875, 128], [-148.45, 128], [-140.025, 127], [-122.6375, 128], [-83.06875, 128], [-53.26875, 128], [-44.55, 128], [-24.83125, 128], [-28.24375, 127], [-30.9625, 125], [-31.53125, 128], [-40.08125, 127], [-25.025, 127], [-27.525, 128], [-28.5125, 128], [-33.10625, 128], [-19.43125, 128], [-15.35625, 128], [-14.5375, 128], [-15.575, 127], [-16.65625, 128], [-13.6375, 128], [-23.03125, 128], [-12.4125, 127], [-15.19375, 128], [-12.76875, 128], [-11.46875, 128], [-34.86875, 128], [-25.7125, 128], [-10.2625, 128], [-22.03125, 128], [-5.85, 128], [-12.1875, 127], [-11.51875, 127], [-15.5, 128], [-26.73125, 128], [-10.7375, 127], [-15.53125, 128], [-19.10625, 127], [-23.8, 127], [-23.35625, 128], [-23.45, 128], [-20.18125, 127], [-12.84375, 128], [-6.94375, 128], [-11.15, 125], [-7.025, 127], [-6.23125, 128], [-23.3125, 128], [-10.35, 125], [-10.63125, 128], [-7.875, 128]]}