{"episode_n": 100, "trajectory_len": 200, "trajectory_n": 640, "q_param": 0.95, "lamd": 0.1, "episode_data": [[-773.8375, 26], [-529.846875, 32], [-383.209375, 32], [-403.671875, 31], [-426.165625, 30], [-490.546875, 30], [-578.559375, 27], [-625.6890625, 32], [-564.0921875, 21], [-615.409375, 31], [-616.003125, 23], [-626.88125, 32], [-615.76875, 26], [-629.3546875, 32], [-592.853125, 20], [-655.9453125, 32], [-548.15625, 32], [-583.9859375, 17], [-647.9015625, 32], [-582.08125, 30], [-591.9390625, 30], [-631.9140625, 26], [-647.1140625, 32], [-568.684375, 22], [-664.21875, 32], [-544.021875, 29], [-573.8234375, 15], [-640.0671875, 32], [-571.203125, 27], [-596.375, 16], [-641.571875, 32], [-576.696875, 32], [-558.4, 30], [-637.7125, 32], [-566.596875, 31], [-620.521875, 32], [-600.796875, 30], [-594.6328125, 17], [-674.0390625, 32], [-558.278125, 30], [-598.0375, 25], [-638.540625, 30], [-632.8453125, 32], [-586.14375, 25], [-654.2203125, 32], [-603.4625, 30], [-592.21875, 31], [-647.6125, 32], [-603.18125, 30], [-635.65, 32], [-640.0609375, 26], [-668.3640625, 32], [-654.040625, 32], [-587.4765625, 30], [-665.2375, 31], [-630.540625, 25], [-630.553125, 18], [-681.5703125, 32], [-577.1296875, 31], [-546.04375, 28], [-624.3375, 30], [-666.0921875, 32], [-615.0578125, 29], [-664.4875, 32], [-619.428125, 30], [-644.4859375, 28], [-632.6984375, 32], [-666.7640625, 32], [-623.7265625, 25], [-644.0125, 31], [-654.028125, 32], [-633.021875, 30], [-655.5265625, 32], [-591.9359375, 27], [-650.2515625, 32], [-616.609375, 30], [-657.53125, 31], [-637.4046875, 32], [-647.3359375, 32], [-607.921875, 26], [-649.5203125, 31], [-608.0484375, 20], [-673.2859375, 32], [-592.36875, 32], [-675.2921875, 32], [-572.68125, 31], [-642.909375, 27], [-656.075, 32], [-614.2015625, 28], [-632.7421875, 25], [-653.8484375, 32], [-609.8421875, 22], [-625.6671875, 22], [-681.35625, 32], [-559.08125, 28], [-658.0453125, 32], [-606.5515625, 22], [-651.99375, 32], [-612.04375, 24], [-653.875, 32]]}