{"episode_n": 200, "trajectory_len": 200, "trajectory_n": 30, "q_param": 0.3, "lamd": 0.99, "episode_data": [[-765.4, 21], [-722.6333333333333, 21], [-708.0333333333333, 21], [-646.3333333333334, 21], [-597.4333333333333, 21], [-691.9, 20], [-589.5666666666667, 21], [-602.3666666666667, 21], [-583.0, 21], [-579.4333333333333, 21], [-550.0666666666667, 21], [-496.2, 21], [-533.6666666666666, 21], [-448.06666666666666, 19], [-513.3, 21], [-509.1, 19], [-475.3666666666667, 21], [-471.56666666666666, 21], [-552.1666666666666, 21], [-600.2333333333333, 21], [-401.0, 21], [-469.46666666666664, 21], [-480.8333333333333, 20], [-509.7, 21], [-484.0, 21], [-510.6, 20], [-491.03333333333336, 21], [-563.3666666666667, 21], [-554.0333333333333, 21], [-522.5666666666667, 20], [-503.5, 21], [-569.9333333333333, 21], [-556.6333333333333, 21], [-510.26666666666665, 21], [-540.2333333333333, 21], [-559.6, 21], [-538.9333333333333, 21], [-543.5, 21], [-454.8333333333333, 21], [-558.3666666666667, 21], [-528.1333333333333, 21], [-527.5666666666667, 21], [-419.3, 20], [-453.96666666666664, 21], [-489.2, 21], [-450.3, 21], [-452.03333333333336, 21], [-463.3333333333333, 21], [-426.2, 21], [-430.4, 21], [-405.56666666666666, 21], [-368.7, 21], [-366.8, 21], [-429.3333333333333, 21], [-478.06666666666666, 21], [-384.3333333333333, 21], [-365.4, 21], [-302.1333333333333, 20], [-379.2, 21], [-243.56666666666666, 21], [-344.96666666666664, 21], [-259.73333333333335, 21], [-367.6333333333333, 21], [-348.6333333333333, 21], [-389.1333333333333, 20], [-325.26666666666665, 21], [-413.2, 21], [-460.9, 21], [-501.1, 21], [-511.6666666666667, 20], [-505.96666666666664, 21], [-355.8, 21], [-308.9, 21], [-363.53333333333336, 21], [-442.96666666666664, 21], [-385.6, 21], [-292.5, 21], [-362.06666666666666, 21], [-348.6666666666667, 21], [-434.43333333333334, 21], [-435.6666666666667, 21], [-597.5666666666667, 21], [-445.53333333333336, 21], [-636.2666666666667, 21], [-600.2666666666667, 20], [-583.1333333333333, 21], [-462.23333333333335, 21], [-543.1, 21], [-518.0666666666667, 20], [-415.76666666666665, 21], [-472.46666666666664, 21], [-509.1, 21], [-458.6333333333333, 21], [-390.3666666666667, 21], [-504.93333333333334, 21], [-409.3, 21], [-431.93333333333334, 21], [-410.43333333333334, 21], [-431.96666666666664, 21], [-408.4, 21], [-369.0, 21], [-460.0, 20], [-425.4, 21], [-421.3333333333333, 21], [-471.93333333333334, 21], [-354.0, 21], [-336.43333333333334, 21], [-439.4, 21], [-578.7333333333333, 20], [-568.1333333333333, 21], [-450.56666666666666, 20], [-499.1, 21], [-509.56666666666666, 21], [-558.6333333333333, 20], [-572.9, 21], [-540.4, 20], [-484.8333333333333, 21], [-449.56666666666666, 21], [-392.06666666666666, 21], [-471.26666666666665, 21], [-446.26666666666665, 21], [-450.56666666666666, 21], [-433.1666666666667, 21], [-466.96666666666664, 19], [-476.6333333333333, 21], [-473.96666666666664, 21], [-391.76666666666665, 21], [-462.06666666666666, 21], [-439.46666666666664, 21], [-478.56666666666666, 21], [-457.8666666666667, 21], [-539.9666666666667, 21], [-566.4333333333333, 21], [-528.6666666666666, 21], [-479.0, 21], [-431.7, 21], [-498.93333333333334, 21], [-413.6333333333333, 21], [-398.26666666666665, 21], [-334.7, 21], [-293.5, 21], [-285.8, 21], [-245.26666666666668, 21], [-397.96666666666664, 21], [-312.26666666666665, 21], [-269.76666666666665, 21], [-294.5, 21], [-328.5, 21], [-352.46666666666664, 21], [-335.1, 21], [-368.8666666666667, 21], [-393.3666666666667, 21], [-387.9, 21], [-365.3, 21], [-371.2, 21], [-389.3, 21], [-406.6, 21], [-413.46666666666664, 21], [-431.76666666666665, 21], [-337.56666666666666, 21], [-435.26666666666665, 21], [-432.06666666666666, 21], [-390.2, 21], [-490.1, 21], [-493.5, 20], [-422.73333333333335, 21], [-406.46666666666664, 21], [-453.06666666666666, 21], [-397.6333333333333, 21], [-478.8333333333333, 21], [-428.1333333333333, 21], [-525.7666666666667, 21], [-404.9, 21], [-483.23333333333335, 21], [-482.76666666666665, 21], [-459.2, 21], [-426.1666666666667, 21], [-417.96666666666664, 21], [-365.56666666666666, 21], [-369.93333333333334, 21], [-317.73333333333335, 21], [-405.1333333333333, 21], [-283.43333333333334, 21], [-428.3666666666667, 21], [-401.6333333333333, 21], [-399.3666666666667, 21], [-362.6666666666667, 21], [-319.8, 21], [-443.0, 21], [-396.26666666666665, 21], [-414.3333333333333, 21], [-477.6333333333333, 21], [-380.1, 21], [-199.13333333333333, 21], [-455.3333333333333, 21], [-311.43333333333334, 20], [-401.2, 21], [-465.53333333333336, 21], [-528.4333333333333, 21], [-468.1333333333333, 21]]}