{"episode_n": 80, "trajectory_len": 200, "trajectory_n": 160, "q_param": 0.2, "lamd": 0.1, "episode_data": [[-745.18125, 125], [-733.45625, 126], [-698.80625, 127], [-669.3125, 122], [-589.8625, 128], [-560.6125, 127], [-525.46875, 128], [-507.46875, 127], [-471.7375, 128], [-439.05625, 128], [-404.34375, 128], [-368.05625, 123], [-342.00625, 123], [-322.44375, 126], [-277.7125, 127], [-282.69375, 126], [-249.8625, 127], [-241.93125, 123], [-221.46875, 123], [-212.48125, 128], [-193.325, 121], [-183.1875, 127], [-183.5375, 118], [-171.8, 125], [-165.94375, 117], [-159.0875, 121], [-157.0375, 128], [-148.29375, 128], [-163.6875, 124], [-148.31875, 81], [-469.6125, 128], [-372.3375, 126], [-348.05625, 127], [-302.475, 128], [-311.73125, 127], [-279.5875, 128], [-269.3, 125], [-230.10625, 126], [-181.44375, 124], [-178.5375, 127], [-142.35625, 128], [-139.71875, 128], [-116.26875, 125], [-125.54375, 123], [-115.88125, 119], [-232.98125, 127], [-162.6875, 128], [-216.1875, 128], [-234.34375, 127], [-119.51875, 128], [-146.85625, 127], [-82.15625, 128], [-107.41875, 128], [-78.8, 128], [-87.7375, 127], [-85.63125, 127], [-53.24375, 127], [-35.35, 128], [-37.10625, 128], [-31.58125, 128], [-45.8375, 128], [-23.75625, 128], [-21.575, 127], [-31.2, 128], [-17.75, 128], [-38.55625, 128], [-36.84375, 128], [-30.2, 126], [-30.6625, 128], [-41.325, 127], [-14.34375, 127], [-13.93125, 128], [-18.175, 128], [-16.38125, 128], [-8.9625, 128], [-12.2, 126], [-8.55625, 125], [-17.11875, 128], [-14.3375, 124], [-14.025, 128]]}