{"episode_n": 100, "trajectory_len": 200, "trajectory_n": 640, "q_param": 0.6, "lamd": 0.1, "episode_data": [[-774.9234375, 228], [-699.0125, 256], [-610.396875, 250], [-510.625, 256], [-374.2, 256], [-233.7515625, 254], [-120.7703125, 253], [-65.7640625, 256], [-34.4703125, 252], [-23.9140625, 251], [-22.5171875, 241], [-35.0625, 236], [-69.6734375, 246], [-47.83125, 228], [-95.35, 227], [-96.565625, 251], [-96.2625, 241], [-116.6796875, 255], [-87.6875, 240], [-159.7703125, 247], [-137.4453125, 228], [-172.340625, 256], [-114.95625, 231], [-170.1984375, 255], [-109.65, 253], [-107.5671875, 185], [-241.3, 254], [-77.6921875, 249], [-126.1828125, 214], [-163.1890625, 251], [-125.0375, 229], [-190.64375, 254], [-87.6484375, 221], [-173.4140625, 254], [-103.9390625, 224], [-164.875, 255], [-113.4546875, 227], [-153.89375, 255], [-151.803125, 248], [-182.6171875, 252], [-75.0640625, 208], [-157.9828125, 256], [-79.2296875, 244], [-169.03125, 253], [-122.8421875, 250], [-152.734375, 256], [-132.4296875, 243], [-157.690625, 255], [-109.4875, 206], [-179.5890625, 252], [-124.5046875, 201], [-164.978125, 251], [-174.225, 239], [-155.4296875, 255], [-164.2328125, 208], [-192.728125, 253], [-96.1859375, 226], [-165.0203125, 252], [-129.3375, 225], [-175.6375, 256], [-131.1171875, 230], [-167.6359375, 255], [-150.221875, 227], [-148.378125, 232], [-149.1984375, 241], [-178.99375, 253], [-146.221875, 250], [-135.9265625, 242], [-176.303125, 248], [-148.415625, 245], [-160.3203125, 254], [-96.6734375, 242], [-190.6984375, 253], [-127.0484375, 238], [-185.725, 237], [-180.8296875, 252], [-160.7453125, 184], [-248.6828125, 256], [-89.8328125, 255], [-71.2578125, 242], [-178.0140625, 253], [-115.51875, 227], [-201.471875, 255], [-100.903125, 214], [-158.225, 256], [-142.0328125, 240], [-156.534375, 251], [-114.8, 236], [-156.1171875, 247], [-135.7109375, 222], [-184.8109375, 255], [-106.4515625, 216], [-179.3828125, 256], [-118.6, 234], [-150.5578125, 245], [-162.94375, 255], [-115.209375, 221], [-156.096875, 248], [-157.2515625, 234], [-155.7921875, 236]]}