{"episode_n": 200, "trajectory_len": 200, "trajectory_n": 30, "q_param": 0.7, "lamd": 0.99, "episode_data": [[-750.3666666666667, 8], [-704.8333333333334, 9], [-607.1666666666666, 9], [-549.2666666666667, 9], [-589.6666666666666, 9], [-627.8666666666667, 9], [-573.8666666666667, 9], [-386.1333333333333, 9], [-548.5333333333333, 9], [-568.4, 9], [-599.0666666666667, 9], [-528.7666666666667, 9], [-574.7333333333333, 9], [-602.4, 9], [-695.7333333333333, 9], [-644.4, 9], [-613.5666666666667, 9], [-616.6, 9], [-570.1, 9], [-660.0666666666667, 9], [-631.3666666666667, 9], [-586.9, 9], [-613.4, 9], [-634.8333333333334, 9], [-609.9, 9], [-679.7, 9], [-523.3, 9], [-548.2666666666667, 9], [-561.2666666666667, 9], [-602.9, 9], [-575.4, 9], [-721.4666666666667, 9], [-672.1666666666666, 9], [-625.7, 9], [-652.9666666666667, 9], [-585.0666666666667, 9], [-569.3, 9], [-569.9666666666667, 9], [-466.7, 9], [-534.7666666666667, 9], [-554.7666666666667, 9], [-613.9666666666667, 9], [-491.7, 9], [-523.5666666666667, 9], [-369.1666666666667, 9], [-557.5333333333333, 9], [-449.46666666666664, 9], [-457.5, 9], [-605.8, 9], [-627.6333333333333, 9], [-557.7, 9], [-567.8666666666667, 9], [-537.7333333333333, 9], [-545.5, 9], [-476.43333333333334, 9], [-492.7, 9], [-531.5666666666667, 9], [-482.1666666666667, 9], [-496.3333333333333, 9], [-547.5333333333333, 9], [-532.4, 9], [-606.7, 9], [-551.1666666666666, 9], [-661.1, 9], [-552.3666666666667, 9], [-616.8666666666667, 9], [-607.2666666666667, 9], [-544.8333333333334, 9], [-565.4333333333333, 9], [-529.8333333333334, 9], [-546.3333333333334, 9], [-553.7, 9], [-370.53333333333336, 9], [-587.0333333333333, 9], [-449.7, 9], [-551.8666666666667, 9], [-528.4666666666667, 9], [-463.1666666666667, 9], [-596.9, 9], [-621.0, 9], [-650.7666666666667, 8], [-622.3666666666667, 9], [-681.1333333333333, 8], [-577.5333333333333, 9], [-642.0666666666667, 9], [-574.0333333333333, 9], [-544.3333333333334, 9], [-499.73333333333335, 9], [-613.8, 9], [-593.1666666666666, 9], [-571.1333333333333, 9], [-388.1333333333333, 9], [-503.53333333333336, 9], [-580.9666666666667, 9], [-593.4333333333333, 9], [-344.6333333333333, 9], [-534.4333333333333, 9], [-497.1333333333333, 9], [-578.7666666666667, 9], [-469.76666666666665, 9], [-527.1, 9], [-603.1666666666666, 9], [-563.6, 9], [-595.4666666666667, 9], [-534.8333333333334, 9], [-495.3666666666667, 9], [-548.2333333333333, 9], [-503.3666666666667, 9], [-509.7, 9], [-624.8, 9], [-596.3333333333334, 9], [-504.0, 9], [-568.3, 9], [-514.0666666666667, 9], [-734.6666666666666, 9], [-585.7333333333333, 9], [-520.8, 9], [-545.5666666666667, 9], [-596.8, 9], [-604.6666666666666, 9], [-640.4, 9], [-659.0, 9], [-640.5, 9], [-605.9666666666667, 9], [-599.0666666666667, 9], [-542.1333333333333, 9], [-554.3333333333334, 9], [-535.6333333333333, 9], [-633.8, 9], [-618.8333333333334, 9], [-551.9333333333333, 9], [-568.0, 9], [-560.0666666666667, 9], [-530.5, 9], [-502.1, 9], [-589.3666666666667, 9], [-682.5666666666667, 8], [-761.6666666666666, 9], [-463.5, 9], [-647.2, 9], [-505.3, 9], [-583.5333333333333, 9], [-438.96666666666664, 9], [-577.8333333333334, 9], [-412.56666666666666, 9], [-534.2666666666667, 9], [-565.8, 9], [-496.3666666666667, 9], [-406.6666666666667, 9], [-575.8333333333334, 9], [-578.0666666666667, 9], [-508.03333333333336, 9], [-552.1666666666666, 9], [-535.4333333333333, 9], [-485.23333333333335, 9], [-578.2, 9], [-418.53333333333336, 9], [-598.8333333333334, 9], [-567.6666666666666, 9], [-580.6333333333333, 9], [-609.4333333333333, 9], [-591.2333333333333, 9], [-564.1333333333333, 9], [-601.0666666666667, 9], [-575.7666666666667, 9], [-472.8666666666667, 8], [-470.26666666666665, 9], [-571.3666666666667, 9], [-586.8333333333334, 9], [-578.3666666666667, 9], [-559.5333333333333, 9], [-554.5, 9], [-604.1, 9], [-619.0666666666667, 9], [-586.9666666666667, 9], [-442.06666666666666, 9], [-722.9333333333333, 9], [-686.6666666666666, 9], [-633.7333333333333, 9], [-571.5333333333333, 9], [-607.0333333333333, 9], [-612.5666666666667, 9], [-674.8333333333334, 8], [-551.6666666666666, 9], [-587.0666666666667, 9], [-590.8, 9], [-449.03333333333336, 9], [-484.73333333333335, 9], [-498.73333333333335, 9], [-528.5, 9], [-453.26666666666665, 9], [-578.4333333333333, 9], [-541.0333333333333, 9], [-545.7333333333333, 9], [-398.06666666666666, 9], [-507.43333333333334, 9], [-587.9333333333333, 9], [-533.4, 9], [-548.3333333333334, 9], [-452.26666666666665, 9]]}