{"episode_n": 100, "trajectory_len": 200, "trajectory_n": 160, "q_param": 0.95, "lamd": 0.99, "episode_data": [[-770.4375, 8], [-648.225, 8], [-591.96875, 8], [-578.53125, 8], [-590.675, 8], [-580.46875, 7], [-633.95, 8], [-697.76875, 8], [-678.175, 4], [-739.15625, 8], [-678.75625, 8], [-705.375, 8], [-708.05625, 8], [-721.08125, 8], [-738.7875, 8], [-691.8125, 8], [-674.5125, 8], [-686.89375, 8], [-731.11875, 8], [-740.875, 8], [-645.2375, 7], [-708.99375, 8], [-634.725, 8], [-722.725, 8], [-707.90625, 8], [-691.025, 8], [-718.00625, 8], [-698.20625, 8], [-690.8, 8], [-697.7875, 8], [-695.425, 7], [-732.03125, 8], [-660.4375, 8], [-675.31875, 8], [-662.95, 8], [-753.64375, 8], [-640.4125, 8], [-707.2625, 8], [-741.84375, 8], [-681.06875, 8], [-699.20625, 8], [-712.7625, 8], [-698.83125, 8], [-720.1375, 8], [-699.35625, 8], [-720.3375, 8], [-690.4625, 8], [-703.0, 8], [-725.10625, 7], [-728.05, 8], [-704.5625, 8], [-717.1125, 8], [-694.7375, 7], [-718.9375, 8], [-698.60625, 8], [-699.69375, 8], [-715.9125, 8], [-697.91875, 8], [-737.41875, 8], [-688.04375, 8], [-720.09375, 8], [-724.09375, 8], [-703.6125, 8], [-716.56875, 8], [-730.3375, 8], [-654.5875, 8], [-738.2, 8], [-714.60625, 8], [-683.70625, 8], [-735.99375, 8], [-654.2375, 7], [-700.3625, 8], [-705.25, 7], [-720.65, 8], [-676.98125, 8], [-686.89375, 8], [-697.5625, 8], [-687.4375, 7], [-718.11875, 7], [-691.58125, 8], [-695.5, 8], [-706.40625, 8], [-721.625, 8], [-690.04375, 8], [-715.68125, 8], [-718.80625, 8], [-678.81875, 8], [-696.26875, 8], [-679.55625, 5], [-704.2625, 8], [-738.88125, 8], [-722.29375, 8], [-695.9125, 8], [-710.15, 8], [-701.1375, 8], [-717.38125, 8], [-668.0375, 8], [-664.53125, 5], [-726.98125, 8], [-701.7125, 8]]}