{"episode_n": 100, "trajectory_len": 200, "trajectory_n": 640, "q_param": 0.4, "lamd": 0.1, "episode_data": [[-771.9484375, 381], [-729.8640625, 366], [-684.1328125, 371], [-634.6671875, 355], [-569.4171875, 358], [-508.6234375, 365], [-434.8828125, 384], [-369.1234375, 368], [-281.35625, 380], [-187.8015625, 383], [-123.23125, 384], [-81.8234375, 380], [-53.8265625, 376], [-32.85625, 384], [-18.7, 359], [-13.675, 369], [-4.621875, 359], [-13.50625, 367], [-5.2375, 359], [-14.28125, 371], [-18.2671875, 355], [-46.4, 382], [-33.328125, 376], [-36.465625, 346], [-47.8640625, 382], [-36.353125, 381], [-37.8296875, 364], [-52.1484375, 382], [-36.540625, 371], [-46.2375, 326], [-86.7953125, 382], [-21.6140625, 382], [-37.8125, 320], [-84.6578125, 384], [-32.228125, 370], [-43.171875, 334], [-86.73125, 383], [-17.6609375, 377], [-38.1, 379], [-53.0859375, 383], [-3.5671875, 378], [-34.396875, 328], [-99.7, 381], [-8.05, 377], [-43.41875, 316], [-89.2640625, 380], [-33.8765625, 332], [-85.36875, 382], [-31.6578125, 383], [-28.0515625, 346], [-85.9109375, 383], [-53.1546875, 366], [-45.2359375, 335], [-104.83125, 383], [-52.703125, 382], [-49.8671875, 332], [-100.5171875, 384], [-46.2890625, 372], [-39.1921875, 338], [-104.3046875, 383], [-24.2671875, 379], [-52.9109375, 383], [-34.06875, 343], [-90.3953125, 377], [-58.7453125, 368], [-45.103125, 334], [-88.8078125, 384], [-76.80625, 350], [-92.4796875, 381], [-37.8921875, 379], [-42.0125, 344], [-87.1875, 384], [-38.215625, 336], [-120.040625, 382], [-21.9125, 367], [-73.584375, 337], [-74.4828125, 379], [-52.3046875, 376], [-44.840625, 333], [-77.58125, 383], [-35.4390625, 353], [-83.096875, 379], [-21.4234375, 338], [-123.228125, 384], [-44.1359375, 364], [-44.896875, 330], [-96.159375, 382], [-55.240625, 383], [-30.61875, 343], [-105.6984375, 383], [-42.096875, 371], [-67.225, 380], [-39.7078125, 341], [-74.0921875, 382], [-23.865625, 345], [-88.7796875, 384], [-51.51875, 380], [-51.3953125, 320], [-98.7765625, 379], [-45.6609375, 382]]}