{"episode_n": 80, "trajectory_len": 200, "trajectory_n": 160, "q_param": 0.8, "lamd": 0.1, "episode_data": [[-759.81875, 32], [-649.26875, 32], [-412.3375, 31], [-354.29375, 32], [-200.16875, 30], [-287.00625, 31], [-305.5375, 30], [-298.7875, 32], [-376.3125, 32], [-427.4875, 32], [-466.49375, 29], [-533.33125, 32], [-481.48125, 32], [-479.125, 32], [-443.05, 31], [-530.26875, 32], [-581.90625, 32], [-513.40625, 32], [-544.33125, 32], [-483.5375, 32], [-549.8625, 32], [-442.10625, 32], [-548.675, 32], [-515.35625, 32], [-487.2125, 32], [-512.28125, 30], [-505.56875, 32], [-502.46875, 32], [-533.1625, 32], [-485.975, 31], [-518.19375, 31], [-502.45, 29], [-574.39375, 32], [-479.01875, 31], [-528.5375, 32], [-533.53125, 32], [-504.64375, 32], [-500.55, 32], [-529.38125, 32], [-481.5, 32], [-542.6625, 32], [-526.61875, 31], [-533.0375, 32], [-519.85625, 32], [-544.0875, 32], [-542.01875, 32], [-521.13125, 31], [-535.2125, 31], [-559.8125, 32], [-574.44375, 32], [-526.525, 32], [-582.54375, 32], [-591.525, 32], [-579.075, 32], [-490.83125, 32], [-534.46875, 32], [-533.3375, 32], [-529.1375, 32], [-490.875, 32], [-577.43125, 32], [-472.425, 32], [-493.44375, 31], [-505.2375, 32], [-479.71875, 32], [-516.1875, 32], [-526.9875, 32], [-515.35, 32], [-505.89375, 31], [-563.44375, 32], [-491.05625, 32], [-572.3125, 32], [-591.89375, 32], [-489.66875, 32], [-473.175, 30], [-545.79375, 32], [-492.375, 32], [-478.35625, 30], [-503.54375, 31], [-538.3, 32], [-503.7375, 32]]}