{"episode_n": 80, "trajectory_len": 200, "trajectory_n": 160, "q_param": 0.95, "lamd": 0.1, "episode_data": [[-777.99375, 7], [-664.7625, 8], [-510.34375, 8], [-612.91875, 8], [-642.46875, 8], [-611.61875, 7], [-640.5625, 8], [-678.3, 8], [-674.875, 8], [-697.60625, 8], [-690.45, 8], [-696.96875, 8], [-692.19375, 8], [-685.26875, 8], [-692.89375, 5], [-714.36875, 8], [-725.0625, 8], [-726.55625, 8], [-720.09375, 8], [-689.125, 7], [-698.675, 7], [-714.65625, 8], [-676.6625, 8], [-742.88125, 8], [-691.19375, 8], [-687.1875, 8], [-719.28125, 8], [-667.975, 8], [-676.24375, 8], [-664.775, 8], [-671.0, 8], [-714.675, 8], [-733.50625, 8], [-695.66875, 8], [-681.30625, 8], [-704.675, 8], [-676.19375, 7], [-725.3625, 8], [-720.45, 8], [-697.69375, 8], [-723.525, 8], [-696.51875, 8], [-711.69375, 8], [-736.24375, 8], [-667.4, 8], [-727.7875, 8], [-706.46875, 8], [-698.78125, 8], [-716.575, 8], [-607.20625, 8], [-613.1875, 8], [-724.96875, 8], [-715.3, 8], [-711.00625, 8], [-722.5375, 8], [-710.61875, 8], [-699.5875, 8], [-726.0625, 8], [-676.68125, 8], [-703.125, 8], [-726.7375, 8], [-688.375, 8], [-614.0, 8], [-683.28125, 8], [-683.35625, 7], [-651.35625, 8], [-685.05, 8], [-676.675, 8], [-624.10625, 8], [-629.7875, 8], [-606.0875, 6], [-720.54375, 8], [-669.53125, 8], [-646.7875, 8], [-714.0875, 8], [-714.625, 8], [-697.8125, 8], [-731.93125, 8], [-700.625, 8], [-689.15, 8]]}