{"episode_n": 100, "trajectory_len": 200, "trajectory_n": 640, "q_param": 0.7, "lamd": 0.1, "episode_data": [[-764.925, 183], [-653.590625, 177], [-512.35625, 192], [-324.5234375, 192], [-157.6296875, 190], [-91.4875, 190], [-51.934375, 192], [-52.9640625, 176], [-33.0296875, 186], [-83.025, 172], [-146.8265625, 185], [-113.7234375, 150], [-206.834375, 187], [-202.078125, 184], [-222.6484375, 184], [-227.9921875, 144], [-281.3609375, 192], [-191.9640625, 151], [-279.565625, 190], [-193.428125, 170], [-291.5953125, 188], [-196.4875, 150], [-291.075, 191], [-157.103125, 191], [-220.43125, 174], [-279.65625, 190], [-155.66875, 153], [-299.928125, 191], [-122.88125, 167], [-271.028125, 191], [-262.7171875, 187], [-251.15, 159], [-276.421875, 190], [-247.890625, 180], [-252.559375, 186], [-238.3140625, 186], [-213.0125, 156], [-303.525, 192], [-179.059375, 165], [-279.0265625, 188], [-176.6765625, 165], [-270.9796875, 188], [-207.9125, 158], [-293.528125, 191], [-264.1515625, 152], [-334.2421875, 192], [-227.021875, 189], [-249.5953125, 153], [-318.8953125, 191], [-209.121875, 173], [-257.0140625, 181], [-279.809375, 190], [-254.41875, 162], [-317.5109375, 191], [-206.7390625, 179], [-263.1703125, 141], [-290.1734375, 189], [-214.9390625, 190], [-214.4734375, 161], [-296.1375, 190], [-259.678125, 191], [-206.3328125, 163], [-299.0515625, 191], [-252.509375, 191], [-195.59375, 167], [-299.8390625, 192], [-215.4984375, 152], [-283.13125, 191], [-247.3546875, 180], [-249.7078125, 158], [-288.659375, 192], [-212.9, 166], [-276.0078125, 185], [-280.99375, 191], [-244.1828125, 156], [-267.1578125, 191], [-185.834375, 169], [-267.1359375, 192], [-138.3546875, 160], [-238.825, 190], [-209.5609375, 187], [-242.9234375, 189], [-209.8796875, 172], [-253.7921875, 189], [-154.5203125, 169], [-246.434375, 191], [-182.928125, 164], [-222.93125, 192], [-140.078125, 188], [-199.6046875, 161], [-245.01875, 188], [-137.884375, 187], [-229.0640625, 185], [-198.990625, 143], [-229.81875, 192], [-153.90625, 166], [-234.9765625, 191], [-153.91875, 160], [-250.9640625, 189], [-140.671875, 166]]}