{"episode_n": 100, "trajectory_len": 200, "trajectory_n": 640, "q_param": 0.3, "lamd": 0.1, "episode_data": [[-771.3078125, 425], [-729.6734375, 445], [-692.834375, 435], [-644.3078125, 445], [-602.9765625, 448], [-559.0765625, 443], [-514.0046875, 418], [-451.1953125, 429], [-381.2421875, 442], [-327.628125, 447], [-260.925, 446], [-212.4578125, 448], [-161.990625, 448], [-117.740625, 446], [-83.4796875, 448], [-63.209375, 447], [-43.7609375, 447], [-29.678125, 444], [-20.025, 447], [-14.3453125, 439], [-6.084375, 448], [-2.6609375, 445], [-2.3640625, 436], [0.946875, 429], [-0.715625, 423], [-4.1546875, 442], [-2.4984375, 434], [-10.85, 444], [-8.2328125, 414], [-16.096875, 418], [-16.0875, 438], [-12.01875, 429], [-16.9984375, 441], [-18.546875, 446], [-8.025, 427], [-9.8265625, 378], [-46.2515625, 442], [-27.178125, 443], [-25.8859375, 396], [-37.065625, 445], [-11.396875, 445], [-3.5578125, 391], [-30.159375, 446], [-18.834375, 409], [-33.1796875, 445], [-15.871875, 407], [-36.0578125, 447], [-12.3796875, 433], [-10.7421875, 419], [-34.3625, 448], [-14.3859375, 403], [-30.390625, 447], [-21.0875, 448], [-36.390625, 447], [-20.475, 404], [-39.3078125, 447], [-5.209375, 412], [-43.7484375, 444], [-7.009375, 442], [-14.1921875, 408], [-52.8921875, 446], [-17.4390625, 437], [-8.7234375, 428], [-27.9421875, 445], [-52.78125, 447], [-23.7390625, 409], [-42.5921875, 439], [-44.678125, 447], [-21.9046875, 443], [-18.5734375, 403], [-39.5296875, 447], [-22.7984375, 414], [-37.25625, 448], [-3.9625, 408], [-58.1890625, 446], [-24.646875, 448], [-8.0359375, 442], [-12.5703125, 410], [-54.64375, 443], [-18.1375, 433], [-20.13125, 405], [-48.109375, 445], [-16.08125, 446], [-14.99375, 421], [-36.1625, 447], [-34.034375, 444], [-34.2015625, 413], [-34.08125, 445], [-34.2171875, 420], [-42.734375, 448], [-20.4578125, 405], [-40.1203125, 448], [-19.06875, 413], [-44.109375, 448], [-2.740625, 434], [-35.309375, 444], [-3.421875, 416], [-59.621875, 447], [-23.3015625, 423], [-39.2234375, 448]]}