{"episode_n": 200, "trajectory_len": 200, "trajectory_n": 30, "q_param": 0.95, "lamd": 0.99, "episode_data": [[-786.3666666666667, 1], [-770.2333333333333, 2], [-695.9666666666667, 2], [-714.4, 2], [-694.8, 2], [-698.9333333333333, 2], [-717.2333333333333, 2], [-769.0, 2], [-740.1333333333333, 2], [-753.1, 2], [-624.3666666666667, 2], [-643.8, 2], [-695.2, 2], [-694.7, 2], [-669.6666666666666, 2], [-773.7333333333333, 1], [-721.5333333333333, 2], [-619.9333333333333, 2], [-799.7, 2], [-758.6, 2], [-761.3, 2], [-765.2666666666667, 2], [-717.8666666666667, 2], [-706.4, 2], [-766.8, 2], [-720.1333333333333, 2], [-668.7, 2], [-700.4333333333333, 2], [-689.6333333333333, 2], [-698.5, 2], [-752.9, 2], [-730.0333333333333, 2], [-668.8333333333334, 2], [-740.1333333333333, 2], [-705.8, 2], [-686.0666666666667, 2], [-693.9333333333333, 2], [-707.2333333333333, 2], [-758.2666666666667, 2], [-715.7333333333333, 2], [-727.2666666666667, 2], [-701.6666666666666, 2], [-740.9, 2], [-682.3666666666667, 2], [-680.8333333333334, 2], [-708.2666666666667, 2], [-718.0333333333333, 2], [-725.3, 2], [-724.7333333333333, 2], [-719.3666666666667, 2], [-756.1, 2], [-712.8, 2], [-723.6333333333333, 2], [-700.2666666666667, 2], [-756.9333333333333, 2], [-754.6, 2], [-735.3333333333334, 2], [-707.6333333333333, 2], [-653.2, 2], [-714.1333333333333, 2], [-650.4666666666667, 2], [-602.0333333333333, 2], [-705.6333333333333, 2], [-699.2333333333333, 2], [-677.4666666666667, 2], [-685.7666666666667, 2], [-697.2666666666667, 2], [-705.6666666666666, 2], [-780.8333333333334, 2], [-681.8666666666667, 2], [-742.7, 2], [-646.8, 2], [-699.0666666666667, 2], [-735.9, 2], [-619.0, 2], [-728.0333333333333, 2], [-677.4, 2], [-667.1, 2], [-738.5, 2], [-713.2, 2], [-679.4333333333333, 2], [-775.8666666666667, 2], [-702.7, 2], [-604.5, 2], [-698.7666666666667, 2], [-761.7, 2], [-748.1, 2], [-735.5333333333333, 2], [-722.0, 2], [-674.3, 2], [-706.9, 2], [-669.4333333333333, 2], [-729.4333333333333, 2], [-641.6333333333333, 2], [-668.3333333333334, 2], [-626.6666666666666, 2], [-667.8666666666667, 2], [-665.1666666666666, 2], [-550.4, 0], [-652.9333333333333, 2], [-680.7666666666667, 2], [-690.6666666666666, 2], [-699.7, 2], [-717.2, 2], [-760.6666666666666, 2], [-680.3333333333334, 2], [-705.3, 2], [-646.7333333333333, 2], [-711.9, 2], [-662.7333333333333, 2], [-695.7, 2], [-690.3666666666667, 2], [-620.7, 2], [-696.7333333333333, 2], [-687.1333333333333, 2], [-714.9666666666667, 2], [-655.0666666666667, 2], [-715.5666666666667, 2], [-710.3666666666667, 2], [-694.9666666666667, 2], [-689.5666666666667, 2], [-717.0, 2], [-608.8666666666667, 2], [-743.4, 2], [-673.1, 2], [-714.4333333333333, 2], [-655.1666666666666, 1], [-722.0333333333333, 2], [-743.2666666666667, 2], [-663.0, 2], [-646.1, 2], [-699.9666666666667, 2], [-753.0333333333333, 2], [-676.8666666666667, 2], [-752.3666666666667, 2], [-704.2666666666667, 2], [-729.6666666666666, 2], [-747.6333333333333, 2], [-692.7666666666667, 2], [-739.7666666666667, 2], [-744.6, 2], [-755.7666666666667, 2], [-579.7666666666667, 2], [-679.3333333333334, 2], [-758.3, 2], [-737.3, 2], [-627.8333333333334, 2], [-664.3, 2], [-676.4666666666667, 2], [-736.3, 2], [-724.3666666666667, 2], [-732.0, 2], [-620.5, 2], [-664.0333333333333, 2], [-646.6333333333333, 2], [-695.6, 2], [-627.3666666666667, 2], [-692.4333333333333, 2], [-690.0333333333333, 2], [-677.1333333333333, 2], [-662.9, 2], [-764.5, 1], [-657.4333333333333, 2], [-725.0, 2], [-719.9, 2], [-673.8333333333334, 2], [-717.2666666666667, 2], [-736.7, 2], [-655.7333333333333, 2], [-772.2333333333333, 2], [-737.1333333333333, 2], [-668.6333333333333, 2], [-699.4333333333333, 2], [-708.7333333333333, 2], [-732.4666666666667, 2], [-653.6333333333333, 2], [-719.2, 2], [-599.2333333333333, 2], [-621.2333333333333, 2], [-754.4666666666667, 2], [-668.5, 2], [-627.0, 2], [-744.2666666666667, 2], [-716.4666666666667, 2], [-596.3333333333334, 2], [-745.0333333333333, 2], [-719.7333333333333, 2], [-699.4333333333333, 2], [-740.8666666666667, 2], [-656.8666666666667, 2], [-704.0666666666667, 2], [-748.3333333333334, 2], [-641.8, 2], [-777.9666666666667, 2], [-724.7333333333333, 2], [-676.7, 2], [-727.1666666666666, 2], [-662.9, 2], [-698.0, 2], [-729.1333333333333, 2]]}