{"episode_n": 100, "trajectory_len": 200, "trajectory_n": 160, "q_param": 0.7, "lamd": 0.99, "episode_data": [[-756.0, 43], [-640.325, 47], [-508.625, 47], [-371.59375, 48], [-312.60625, 48], [-303.9375, 47], [-280.3625, 45], [-294.29375, 48], [-292.14375, 48], [-310.4875, 48], [-335.85625, 48], [-313.54375, 48], [-319.6875, 47], [-353.925, 47], [-265.95625, 48], [-300.2625, 48], [-360.325, 48], [-314.09375, 47], [-358.5125, 47], [-318.48125, 48], [-414.4125, 48], [-354.03125, 47], [-327.53125, 46], [-337.31875, 48], [-297.925, 46], [-309.75625, 48], [-341.875, 48], [-382.45, 48], [-361.25625, 48], [-344.49375, 48], [-404.5375, 47], [-353.7875, 48], [-293.80625, 48], [-284.53125, 47], [-266.875, 43], [-333.3375, 48], [-364.6125, 47], [-333.7125, 47], [-388.08125, 48], [-284.78125, 44], [-464.15, 48], [-354.4375, 47], [-338.48125, 48], [-329.33125, 48], [-373.39375, 48], [-380.86875, 48], [-360.85625, 48], [-346.38125, 47], [-294.88125, 48], [-307.9875, 47], [-426.51875, 48], [-377.84375, 48], [-444.55625, 48], [-297.675, 45], [-395.5, 47], [-311.5375, 46], [-399.69375, 48], [-311.61875, 46], [-357.525, 48], [-461.575, 48], [-350.2125, 47], [-422.1625, 48], [-374.76875, 47], [-441.2125, 48], [-443.84375, 48], [-370.08125, 48], [-424.125, 48], [-453.825, 48], [-404.375, 48], [-415.225, 47], [-404.69375, 47], [-464.09375, 47], [-474.6, 48], [-393.34375, 48], [-485.6625, 48], [-356.54375, 48], [-392.2125, 48], [-410.84375, 48], [-373.06875, 45], [-427.4875, 48], [-359.9125, 47], [-375.05625, 47], [-349.975, 48], [-413.94375, 48], [-314.15, 48], [-380.7125, 48], [-379.63125, 48], [-411.43125, 48], [-312.90625, 48], [-348.53125, 46], [-381.76875, 47], [-366.275, 46], [-344.30625, 48], [-380.61875, 48], [-360.26875, 48], [-383.8, 48], [-344.35, 48], [-366.65, 48], [-326.4375, 46], [-254.35, 45]]}