{"episode_n": 80, "trajectory_len": 200, "trajectory_n": 160, "q_param": 0.99, "lamd": 0.1, "episode_data": [[-775.65625, 2], [-716.18125, 2], [-723.74375, 2], [-683.95625, 2], [-715.25, 2], [-718.325, 2], [-743.55625, 2], [-690.61875, 2], [-670.1375, 2], [-745.36875, 2], [-687.80625, 2], [-734.675, 2], [-736.78125, 2], [-757.95, 2], [-724.525, 2], [-732.38125, 2], [-726.90625, 2], [-738.18125, 2], [-684.05, 1], [-729.575, 2], [-738.44375, 2], [-742.95625, 2], [-738.6, 0], [-747.93125, 2], [-699.7875, 2], [-708.925, 2], [-692.36875, 2], [-737.725, 2], [-754.95625, 2], [-708.8625, 1], [-738.90625, 2], [-726.15625, 2], [-707.95, 2], [-706.85, 2], [-749.5625, 2], [-674.43125, 2], [-744.35, 2], [-767.34375, 2], [-750.575, 2], [-725.1375, 2], [-747.7375, 2], [-712.59375, 1], [-750.2875, 2], [-751.31875, 2], [-680.04375, 2], [-751.98125, 2], [-763.0125, 2], [-694.5125, 2], [-729.56875, 2], [-735.4125, 2], [-675.43125, 1], [-750.15, 2], [-751.0375, 2], [-731.86875, 2], [-729.85625, 2], [-717.1625, 2], [-697.35625, 2], [-733.8375, 2], [-737.41875, 2], [-743.95, 2], [-761.41875, 2], [-669.53125, 2], [-735.575, 2], [-717.975, 1], [-736.66875, 2], [-740.76875, 2], [-738.4125, 2], [-749.9375, 2], [-653.19375, 2], [-712.1375, 2], [-711.68125, 2], [-752.9375, 2], [-711.29375, 2], [-758.1875, 2], [-683.35625, 1], [-749.4, 2], [-737.15, 2], [-705.1625, 2], [-696.975, 2], [-732.76875, 2]]}