{"episode_n": 100, "trajectory_len": 200, "trajectory_n": 160, "q_param": 0.2, "lamd": 0.3, "episode_data": [[-768.85625, 124], [-750.59375, 123], [-735.425, 125], [-690.95625, 121], [-666.2875, 124], [-627.50625, 127], [-594.80625, 128], [-556.4375, 126], [-510.79375, 124], [-505.09375, 122], [-479.0875, 128], [-478.625, 128], [-431.1625, 123], [-394.34375, 125], [-387.1375, 128], [-334.5125, 127], [-328.9, 124], [-289.94375, 127], [-268.29375, 126], [-264.05625, 127], [-232.26875, 119], [-256.15, 119], [-233.06875, 117], [-220.25625, 121], [-208.1375, 122], [-196.33125, 110], [-203.65, 119], [-175.525, 114], [-192.3375, 128], [-171.41875, 100], [-172.08125, 49], [-464.86875, 125], [-385.1125, 128], [-376.6875, 128], [-309.0, 128], [-265.9125, 128], [-212.0, 128], [-165.24375, 128], [-119.275, 128], [-85.08125, 128], [-64.2375, 128], [-57.6125, 128], [-47.45, 128], [-35.875, 128], [-36.28125, 126], [-27.31875, 128], [-39.275, 128], [-19.38125, 127], [-23.925, 128], [-13.54375, 126], [-22.0, 128], [-18.1875, 126], [-25.0875, 128], [-19.93125, 128], [-13.06875, 128], [-20.9875, 128], [-17.89375, 128], [-9.65, 127], [-15.06875, 128], [-10.425, 126], [-12.9875, 126], [-27.95625, 128], [-15.28125, 127], [-12.45625, 128], [-16.1625, 128], [-18.9, 128], [-7.18125, 128], [-11.95, 128], [-27.15625, 128], [-6.04375, 127], [-34.40625, 128], [-23.4875, 128], [-14.89375, 128], [-24.5875, 126], [-12.1375, 127], [-17.73125, 128], [-8.525, 128], [-9.3625, 127], [-9.51875, 128], [-15.8, 128], [-6.4375, 128], [-18.89375, 127], [-25.6, 127], [-16.48125, 128], [-28.75625, 128], [-17.75625, 128], [-12.95, 128], [-10.21875, 128], [-6.08125, 128], [-11.5, 127], [-8.56875, 128], [-15.5, 127], [-18.41875, 128], [-16.65625, 128], [-24.83125, 128], [-10.1375, 128], [-19.375, 128], [-26.875, 128], [-20.85, 128], [-29.56875, 128]]}