{"episode_n": 80, "trajectory_len": 200, "trajectory_n": 160, "q_param": 0.5, "lamd": 0.1, "episode_data": [[-765.60625, 78], [-721.79375, 76], [-632.025, 76], [-541.46875, 80], [-419.03125, 80], [-364.34375, 79], [-335.81875, 78], [-320.6125, 75], [-379.25, 80], [-377.725, 80], [-373.6375, 80], [-349.5875, 70], [-447.51875, 80], [-435.30625, 80], [-456.9, 80], [-212.39375, 80], [-179.96875, 80], [-132.05625, 80], [-82.0375, 80], [-94.5125, 80], [-102.94375, 79], [-89.49375, 80], [-70.8625, 80], [-84.93125, 76], [-125.4875, 80], [-147.5375, 80], [-123.29375, 78], [-129.9375, 80], [-138.7375, 80], [-115.86875, 80], [-195.0875, 80], [-182.45, 79], [-174.975, 80], [-190.05, 80], [-142.15, 79], [-218.5, 79], [-193.675, 78], [-212.11875, 79], [-145.1875, 80], [-240.3125, 80], [-205.575, 80], [-234.48125, 79], [-221.7125, 79], [-203.9125, 79], [-151.99375, 80], [-162.5375, 79], [-194.65, 80], [-185.04375, 80], [-191.13125, 80], [-202.0875, 79], [-206.2, 80], [-202.99375, 78], [-215.6375, 79], [-190.24375, 80], [-223.125, 80], [-213.9125, 80], [-173.05625, 80], [-172.275, 80], [-179.08125, 79], [-161.55, 80], [-143.1875, 80], [-137.5, 80], [-164.50625, 80], [-143.075, 80], [-171.5125, 80], [-140.13125, 80], [-131.08125, 79], [-176.2625, 80], [-130.14375, 80], [-180.21875, 80], [-158.43125, 80], [-183.2875, 80], [-152.25625, 78], [-160.7375, 80], [-122.725, 79], [-136.28125, 78], [-137.4125, 73], [-140.575, 80], [-143.9375, 79], [-139.3, 76]]}