{"episode_n": 100, "trajectory_len": 200, "trajectory_n": 160, "q_param": 0.99, "lamd": 0.99, "episode_data": [[-768.33125, 2], [-645.7375, 2], [-677.775, 2], [-703.1, 2], [-692.03125, 2], [-750.3, 2], [-728.0125, 2], [-717.975, 1], [-753.4125, 2], [-729.45, 2], [-747.01875, 2], [-732.29375, 2], [-726.15, 2], [-708.6125, 2], [-716.00625, 1], [-690.25, 2], [-717.71875, 2], [-740.6, 2], [-725.25625, 2], [-709.94375, 1], [-741.4625, 2], [-739.63125, 2], [-696.35625, 2], [-746.9, 2], [-706.23125, 1], [-755.2125, 2], [-681.475, 2], [-730.825, 2], [-724.88125, 2], [-742.63125, 2], [-753.40625, 2], [-703.9, 2], [-726.19375, 1], [-723.55625, 2], [-744.1375, 2], [-709.475, 1], [-747.6875, 2], [-710.3125, 0], [-735.40625, 0], [-741.96875, 2], [-741.325, 2], [-750.325, 2], [-713.1, 2], [-724.5625, 2], [-712.79375, 2], [-743.5875, 2], [-707.31875, 1], [-731.275, 2], [-718.15625, 2], [-693.65, 2], [-750.51875, 2], [-739.36875, 2], [-713.51875, 2], [-703.85625, 2], [-729.1375, 2], [-715.6375, 2], [-756.58125, 2], [-724.40625, 2], [-734.74375, 2], [-730.38125, 2], [-723.825, 2], [-710.6625, 2], [-715.05625, 2], [-757.26875, 2], [-709.3, 2], [-735.89375, 2], [-729.63125, 2], [-720.675, 2], [-743.49375, 2], [-731.54375, 2], [-721.3, 2], [-699.4, 2], [-738.61875, 1], [-743.15625, 2], [-722.2625, 2], [-737.31875, 2], [-714.88125, 2], [-745.675, 2], [-755.2625, 2], [-699.54375, 2], [-739.425, 2], [-707.9875, 2], [-739.5875, 2], [-750.05, 2], [-726.075, 2], [-751.9875, 2], [-720.09375, 1], [-745.8875, 2], [-713.14375, 2], [-726.60625, 2], [-737.325, 2], [-743.375, 2], [-732.1875, 2], [-690.39375, 2], [-706.75625, 2], [-758.775, 2], [-706.8875, 2], [-719.55, 1], [-720.5875, 2], [-720.04375, 2]]}