{"episode_n": 100, "trajectory_len": 200, "trajectory_n": 640, "q_param": 0.5, "lamd": 0.1, "episode_data": [[-770.3359375, 312], [-711.1921875, 310], [-633.8546875, 284], [-556.9203125, 292], [-462.7234375, 308], [-346.046875, 320], [-201.4265625, 319], [-115.375, 320], [-70.2546875, 320], [-38.7953125, 318], [-22.053125, 314], [-10.3828125, 314], [-7.3796875, 282], [-4.9578125, 291], [-16.7375, 314], [-25.2171875, 276], [-42.728125, 313], [-60.3640625, 271], [-99.803125, 286], [-142.91875, 320], [-83.0703125, 280], [-125.2921875, 320], [-53.4578125, 293], [-102.753125, 305], [-102.65625, 313], [-75.86875, 300], [-89.4921875, 318], [-91.440625, 314], [-97.1828125, 306], [-100.953125, 306], [-106.1140625, 307], [-113.4703125, 312], [-98.5140625, 304], [-100.0265625, 306], [-108.73125, 320], [-84.928125, 253], [-161.725, 320], [-72.5875, 311], [-93.5625, 317], [-84.1046875, 312], [-85.084375, 235], [-144.6359375, 316], [-72.1390625, 304], [-90.9515625, 251], [-160.24375, 319], [-61.6734375, 282], [-113.8453125, 315], [-71.1625, 320], [-115.284375, 319], [-33.334375, 269], [-165.996875, 318], [-46.0640625, 299], [-109.20625, 264], [-147.6625, 318], [-64.246875, 298], [-122.1015625, 320], [-107.528125, 309], [-104.5234375, 258], [-149.5375, 319], [-33.4375, 306], [-84.890625, 265], [-162.30625, 320], [-54.1796875, 314], [-85.7890625, 304], [-96.9421875, 303], [-89.7625, 316], [-83.8078125, 250], [-154.6359375, 320], [-42.65, 308], [-76.534375, 254], [-138.1609375, 319], [-39.0890625, 292], [-87.5359375, 248], [-162.65625, 320], [-23.55, 310], [-90.971875, 317], [-89.49375, 318], [-73.1171875, 252], [-171.7, 320], [-62.51875, 315], [-71.4515625, 239], [-141.25, 319], [-48.1015625, 294], [-108.5609375, 315], [-97.996875, 311], [-121.8984375, 307], [-108.4953125, 306], [-90.4390625, 317], [-93.09375, 245], [-157.58125, 320], [-61.3703125, 301], [-105.671875, 294], [-124.9171875, 311], [-126.165625, 318], [-73.7328125, 248], [-148.909375, 319], [-60.8828125, 297], [-121.875, 316], [-63.8796875, 294], [-88.784375, 252]]}