{"episode_n": 80, "trajectory_len": 200, "trajectory_n": 160, "q_param": 0.4, "lamd": 0.1, "episode_data": [[-775.175, 90], [-732.3, 94], [-681.70625, 90], [-594.94375, 93], [-519.2125, 96], [-448.625, 93], [-378.2375, 96], [-336.76875, 96], [-277.1125, 96], [-207.175, 96], [-218.3625, 96], [-193.51875, 96], [-176.25625, 95], [-191.225, 96], [-128.0125, 96], [-131.00625, 94], [-92.2875, 96], [-78.41875, 95], [-110.65625, 96], [-93.94375, 95], [-91.11875, 95], [-86.2625, 95], [-77.03125, 96], [-98.725, 96], [-127.55625, 96], [-68.7125, 95], [-89.78125, 96], [-86.4875, 96], [-78.96875, 94], [-87.50625, 95], [-112.49375, 95], [-93.0875, 96], [-84.60625, 93], [-118.69375, 96], [-155.28125, 95], [-146.83125, 94], [-114.1875, 96], [-169.6125, 96], [-73.90625, 95], [-149.21875, 96], [-92.95625, 96], [-117.99375, 96], [-102.58125, 94], [-97.21875, 94], [-81.24375, 96], [-80.775, 96], [-49.30625, 95], [-66.65625, 96], [-85.3375, 96], [-77.08125, 96], [-90.5375, 95], [-74.13125, 96], [-90.5625, 96], [-102.5, 96], [-128.325, 96], [-135.0, 96], [-92.91875, 96], [-126.35, 95], [-107.4625, 95], [-54.85, 94], [-115.88125, 95], [-130.39375, 96], [-83.16875, 96], [-123.7125, 95], [-72.59375, 95], [-123.9625, 96], [-62.0375, 95], [-116.28125, 96], [-97.925, 96], [-98.4875, 94], [-87.8875, 96], [-87.60625, 96], [-80.11875, 94], [-98.875, 95], [-108.51875, 96], [-111.8875, 95], [-82.08125, 96], [-49.1625, 96], [-79.025, 96], [-125.59375, 95]]}