{"episode_n": 100, "trajectory_len": 200, "trajectory_n": 160, "q_param": 0.2, "lamd": 0.1, "episode_data": [[-775.66875, 127], [-744.4625, 123], [-722.20625, 128], [-696.6625, 124], [-644.86875, 125], [-629.81875, 125], [-605.2875, 118], [-550.36875, 125], [-543.975, 127], [-512.59375, 122], [-475.95625, 125], [-480.43125, 128], [-446.7875, 122], [-428.75625, 128], [-409.9375, 125], [-371.18125, 128], [-377.3625, 127], [-342.03125, 125], [-322.4875, 124], [-321.59375, 127], [-308.54375, 125], [-292.76875, 124], [-280.93125, 126], [-278.1125, 124], [-263.7125, 124], [-248.53125, 117], [-229.1875, 125], [-232.73125, 127], [-212.1375, 120], [-218.99375, 123], [-209.85, 125], [-189.53125, 128], [-198.5375, 126], [-170.08125, 123], [-179.08125, 126], [-178.9875, 124], [-200.54375, 116], [-197.2625, 126], [-186.725, 128], [-172.66875, 119], [-193.2625, 125], [-198.10625, 127], [-166.59375, 128], [-180.3, 128], [-170.70625, 128], [-174.1, 124], [-171.2375, 122], [-163.84375, 125], [-154.19375, 124], [-199.025, 128], [-161.6125, 126], [-166.6, 128], [-167.54375, 121], [-181.54375, 127], [-175.40625, 122], [-168.025, 120], [-194.91875, 127], [-157.3125, 127], [-176.4375, 124], [-163.10625, 127], [-164.4125, 127], [-147.9125, 128], [-166.75, 126], [-166.9875, 102], [-152.675, 128], [-144.95, 120], [-179.05625, 125], [-162.26875, 127], [-146.06875, 125], [-192.875, 127], [-185.875, 127], [-189.59375, 122], [-231.20625, 127], [-173.08125, 111], [-168.24375, 127], [-177.21875, 120], [-190.9125, 128], [-152.35, 115], [-150.28125, 117], [-133.23125, 124], [-130.65625, 128], [-129.98125, 119], [-135.625, 128], [-118.2375, 126], [-141.0125, 128], [-137.19375, 124], [-158.0, 127], [-127.95625, 122], [-128.375, 123], [-228.95625, 128], [-184.21875, 128], [-115.8625, 128], [-152.075, 127], [-161.38125, 128], [-133.9375, 128], [-132.825, 128], [-123.00625, 127], [-105.99375, 128], [-132.4875, 128], [-112.93125, 128]]}