{"episode_n": 100, "trajectory_len": 200, "trajectory_n": 1280, "q_param": 0.2, "lamd": 0.1, "episode_data": [[-770.57109375, 1003], [-748.1859375, 1004], [-723.06015625, 1017], [-698.42265625, 991], [-671.884375, 1000], [-639.36953125, 969], [-612.4578125, 977], [-583.4078125, 979], [-551.965625, 992], [-524.4671875, 992], [-488.0453125, 987], [-455.8375, 977], [-412.9109375, 1001], [-379.340625, 998], [-343.22890625, 999], [-313.38515625, 1000], [-282.63359375, 1024], [-255.946875, 1015], [-222.0296875, 1014], [-185.4703125, 1024], [-159.4390625, 1023], [-129.9140625, 1022], [-105.04765625, 1020], [-81.67578125, 1024], [-64.675, 1023], [-51.6375, 1017], [-40.0046875, 1021], [-30.37734375, 1011], [-23.471875, 1021], [-17.640625, 1014], [-12.046875, 1017], [-8.9234375, 1012], [-5.56796875, 1002], [-2.91796875, 988], [-0.56953125, 1016], [0.65703125, 994], [1.303125, 1020], [2.203125, 993], [2.80546875, 977], [2.41796875, 966], [3.72265625, 1021], [3.8578125, 958], [3.59453125, 1016], [4.4171875, 973], [2.7453125, 983], [3.71484375, 1020], [4.634375, 1003], [3.76015625, 1003], [3.62578125, 1015], [4.61484375, 1008], [4.4453125, 941], [1.6703125, 1007], [3.89453125, 981], [1.8390625, 1015], [2.97734375, 975], [1.00390625, 1016], [4.2921875, 950], [0.8203125, 987], [1.83046875, 992], [3.428125, 1008], [2.33359375, 1022], [4.5828125, 989], [2.6046875, 984], [2.80078125, 978], [3.81875, 997], [2.271875, 983], [1.89453125, 990], [2.90078125, 981], [1.61484375, 988], [2.0296875, 964], [3.490625, 993], [1.6890625, 1022], [4.63671875, 990], [3.24921875, 985], [2.896875, 996], [3.2484375, 1011], [3.51015625, 1003], [2.83515625, 987], [1.71796875, 980], [2.55234375, 992], [0.76015625, 1011], [1.8453125, 988], [1.22734375, 982], [1.83515625, 994], [1.50234375, 989], [1.6390625, 1023], [3.74453125, 985], [2.19140625, 1017], [4.284375, 1011], [2.4734375, 1012], [2.596875, 998], [2.82109375, 1009], [3.484375, 989], [3.63828125, 985], [2.6703125, 990], [3.2421875, 1008], [2.73125, 1000], [3.5171875, 899], [-10.03125, 1009], [1.8765625, 1017]]}