{"episode_n": 100, "trajectory_len": 200, "trajectory_n": 320, "q_param": 0.2, "lamd": 0.1, "episode_data": [[-772.540625, 245], [-742.596875, 256], [-710.075, 247], [-689.478125, 244], [-668.5875, 247], [-650.284375, 252], [-629.765625, 252], [-602.365625, 252], [-581.128125, 255], [-553.828125, 249], [-506.475, 245], [-470.24375, 251], [-440.04375, 256], [-432.56875, 252], [-405.340625, 253], [-379.621875, 252], [-353.7625, 250], [-345.40625, 249], [-325.14375, 248], [-305.659375, 246], [-273.5125, 255], [-263.95625, 254], [-255.753125, 252], [-225.315625, 251], [-221.196875, 243], [-207.596875, 245], [-195.275, 250], [-186.5375, 239], [-169.78125, 256], [-170.153125, 256], [-151.084375, 244], [-147.775, 240], [-126.35, 237], [-132.34375, 243], [-117.490625, 221], [-220.471875, 256], [-198.290625, 256], [-166.996875, 256], [-116.6125, 256], [-93.390625, 254], [-80.15, 255], [-66.603125, 256], [-62.70625, 254], [-48.59375, 256], [-51.246875, 256], [-35.8375, 256], [-31.771875, 256], [-32.575, 256], [-28.559375, 255], [-24.825, 256], [-23.8375, 255], [-21.734375, 254], [-24.240625, 256], [-17.875, 256], [-20.053125, 256], [-20.6875, 254], [-16.196875, 252], [-18.24375, 256], [-15.76875, 256], [-14.1875, 255], [-21.478125, 256], [-18.890625, 255], [-15.0, 254], [-16.63125, 253], [-17.49375, 255], [-17.225, 254], [-14.0125, 253], [-11.8625, 252], [-13.6, 256], [-17.434375, 256], [-17.096875, 255], [-13.040625, 254], [-10.846875, 249], [-10.5125, 252], [-12.61875, 256], [-10.4, 252], [-11.078125, 256], [-14.91875, 253], [-12.9, 255], [-12.009375, 254], [-11.73125, 255], [-17.64375, 256], [-14.6875, 255], [-13.89375, 256], [-10.703125, 256], [-11.590625, 256], [-10.79375, 255], [-14.353125, 256], [-14.190625, 254], [-14.434375, 255], [-14.484375, 254], [-12.24375, 255], [-14.059375, 250], [-20.3875, 253], [-22.03125, 249], [-15.803125, 255], [-12.059375, 255], [-11.865625, 254], [-12.98125, 252], [-11.334375, 256]]}