{"episode_n": 200, "trajectory_len": 200, "trajectory_n": 30, "q_param": 0.6, "lamd": 0.99, "episode_data": [[-780.1, 12], [-743.5666666666667, 12], [-686.8, 12], [-703.2333333333333, 12], [-713.7, 12], [-713.8333333333334, 12], [-702.8333333333334, 12], [-724.6666666666666, 12], [-707.5666666666667, 11], [-711.6666666666666, 12], [-674.4333333333333, 12], [-696.7666666666667, 12], [-760.8666666666667, 11], [-732.2333333333333, 12], [-726.3666666666667, 10], [-740.6666666666666, 12], [-750.7, 12], [-722.2333333333333, 11], [-702.4666666666667, 11], [-741.4666666666667, 12], [-705.4333333333333, 12], [-701.1, 11], [-737.6, 11], [-748.9333333333333, 12], [-722.5, 12], [-649.0666666666667, 12], [-669.3, 12], [-695.7, 12], [-704.4666666666667, 12], [-718.6, 12], [-693.9, 12], [-712.0, 12], [-656.6, 12], [-730.9666666666667, 11], [-732.3666666666667, 11], [-750.4666666666667, 12], [-716.1666666666666, 11], [-758.7, 12], [-728.9666666666667, 12], [-731.8333333333334, 12], [-714.8666666666667, 12], [-745.4333333333333, 11], [-722.9, 11], [-727.3333333333334, 10], [-742.6333333333333, 10], [-733.1, 11], [-750.8, 11], [-743.9, 12], [-713.5666666666667, 10], [-726.6333333333333, 11], [-719.7333333333333, 12], [-719.6, 12], [-723.5, 12], [-707.2, 12], [-688.8666666666667, 12], [-732.6333333333333, 12], [-714.3, 12], [-746.6666666666666, 12], [-698.2333333333333, 12], [-691.7, 12], [-713.6666666666666, 12], [-716.3, 12], [-737.2333333333333, 12], [-733.4, 12], [-734.4, 12], [-734.3666666666667, 12], [-703.2666666666667, 12], [-743.0, 12], [-730.7666666666667, 12], [-638.9333333333333, 11], [-714.6333333333333, 11], [-710.0, 12], [-711.7666666666667, 12], [-682.4333333333333, 12], [-716.0666666666667, 12], [-749.8666666666667, 11], [-744.7333333333333, 12], [-742.9, 12], [-749.0, 12], [-695.8333333333334, 12], [-716.9, 12], [-738.5, 10], [-751.8333333333334, 11], [-727.9666666666667, 12], [-752.6, 10], [-742.4, 12], [-722.6, 11], [-720.5, 9], [-733.3, 12], [-712.7666666666667, 12], [-755.8666666666667, 11], [-747.8, 11], [-724.8333333333334, 12], [-727.4, 11], [-757.8, 12], [-728.3, 10], [-744.4666666666667, 12], [-780.5, 12], [-763.4, 11], [-768.2, 12], [-741.6666666666666, 12], [-748.7, 12], [-702.3333333333334, 12], [-697.3666666666667, 12], [-721.1666666666666, 11], [-701.7333333333333, 12], [-716.5666666666667, 10], [-690.8, 12], [-736.6, 11], [-708.8666666666667, 11], [-741.0666666666667, 12], [-713.8666666666667, 11], [-735.6333333333333, 12], [-747.3666666666667, 12], [-680.7, 12], [-683.9666666666667, 10], [-670.9, 12], [-729.2333333333333, 12], [-701.6333333333333, 12], [-731.9666666666667, 11], [-695.8333333333334, 12], [-694.7333333333333, 12], [-750.6666666666666, 11], [-775.0333333333333, 12], [-688.6666666666666, 11], [-745.8666666666667, 12], [-742.1, 12], [-738.2, 11], [-743.7, 12], [-732.8666666666667, 10], [-737.1666666666666, 12], [-742.9333333333333, 12], [-664.4, 11], [-687.4333333333333, 12], [-687.7666666666667, 11], [-730.3, 11], [-727.2, 12], [-694.4666666666667, 12], [-728.4, 11], [-677.9666666666667, 12], [-682.9, 10], [-718.8, 11], [-724.4, 11], [-743.1666666666666, 11], [-757.8, 11], [-744.5, 12], [-692.3333333333334, 11], [-740.8, 11], [-732.4333333333333, 12], [-698.9666666666667, 11], [-709.1666666666666, 12], [-709.1333333333333, 11], [-668.7333333333333, 12], [-695.6333333333333, 11], [-749.6333333333333, 12], [-702.6, 10], [-730.9, 12], [-693.1333333333333, 12], [-731.2333333333333, 11], [-769.1, 10], [-749.0, 11], [-758.3, 12], [-754.7, 12], [-724.7, 12], [-732.5, 11], [-739.0666666666667, 12], [-734.3666666666667, 12], [-722.0, 12], [-724.5, 12], [-694.8333333333334, 10], [-761.3666666666667, 11], [-694.5333333333333, 12], [-675.8, 11], [-708.7, 12], [-731.9, 11], [-712.7333333333333, 12], [-691.5333333333333, 11], [-723.8333333333334, 12], [-663.2, 12], [-706.0, 12], [-688.5666666666667, 12], [-709.9333333333333, 12], [-713.8, 11], [-732.7333333333333, 12], [-737.3, 12], [-750.5666666666667, 12], [-753.2, 10], [-706.5666666666667, 12], [-718.6666666666666, 12], [-716.7, 12], [-676.6, 11], [-668.4666666666667, 11], [-714.0333333333333, 10], [-732.8333333333334, 12], [-727.8333333333334, 10], [-725.7666666666667, 11], [-720.0333333333333, 12], [-681.5333333333333, 11], [-688.4, 12], [-662.0, 12]]}