{"episode_n": 100, "trajectory_len": 200, "trajectory_n": 160, "q_param": 0.9, "lamd": 0.9, "episode_data": [[-783.0875, 14], [-732.49375, 16], [-665.1625, 16], [-640.3, 16], [-618.39375, 16], [-651.74375, 16], [-622.3875, 16], [-673.53125, 16], [-649.89375, 16], [-674.11875, 16], [-684.4875, 16], [-685.35, 16], [-644.775, 16], [-685.45625, 16], [-598.225, 16], [-567.8125, 16], [-610.61875, 16], [-645.025, 16], [-633.69375, 16], [-671.0625, 16], [-607.525, 16], [-673.7625, 16], [-662.19375, 16], [-645.90625, 16], [-577.23125, 16], [-609.53125, 16], [-679.74375, 16], [-665.53125, 16], [-673.59375, 16], [-610.79375, 16], [-633.875, 16], [-658.9, 16], [-611.575, 16], [-594.84375, 16], [-656.54375, 16], [-617.99375, 16], [-653.64375, 16], [-670.4, 16], [-676.96875, 16], [-658.4125, 16], [-598.73125, 16], [-658.0375, 16], [-661.91875, 16], [-649.51875, 16], [-674.5125, 15], [-669.31875, 16], [-648.88125, 16], [-646.13125, 16], [-638.2375, 16], [-591.0375, 16], [-618.49375, 16], [-647.0875, 16], [-629.33125, 16], [-666.60625, 16], [-669.25, 16], [-687.5125, 16], [-605.39375, 16], [-698.21875, 16], [-629.26875, 16], [-671.24375, 16], [-614.4625, 16], [-643.975, 16], [-637.56875, 16], [-667.6875, 16], [-664.9625, 16], [-651.96875, 16], [-662.15, 16], [-695.81875, 16], [-684.10625, 16], [-663.1625, 16], [-673.51875, 16], [-658.0625, 16], [-672.59375, 16], [-654.275, 15], [-670.85, 16], [-618.46875, 16], [-662.94375, 16], [-618.1125, 16], [-652.79375, 16], [-655.7375, 16], [-628.75, 16], [-625.85625, 16], [-667.5, 16], [-639.19375, 16], [-653.1, 16], [-674.05, 16], [-609.4625, 16], [-653.79375, 15], [-640.36875, 16], [-662.375, 16], [-660.29375, 16], [-653.7625, 16], [-607.99375, 16], [-694.1875, 16], [-657.875, 16], [-684.66875, 16], [-672.05, 16], [-621.9625, 16], [-587.0875, 16], [-641.15, 16]]}