{"episode_n": 100, "trajectory_len": 200, "trajectory_n": 1280, "q_param": 0.9, "lamd": 0.5, "episode_data": [[-770.146875, 123], [-611.83125, 128], [-382.5765625, 126], [-258.871875, 121], [-262.48125, 127], [-324.5453125, 122], [-351.65, 125], [-394.425, 126], [-435.365625, 123], [-443.421875, 127], [-477.93203125, 123], [-508.69375, 125], [-515.2921875, 125], [-548.77734375, 124], [-513.31015625, 122], [-559.77109375, 121], [-518.8984375, 124], [-518.40703125, 127], [-534.58984375, 125], [-532.8125, 123], [-509.6125, 123], [-527.16953125, 123], [-541.240625, 127], [-534.4734375, 123], [-528.9984375, 124], [-546.396875, 125], [-536.4765625, 126], [-537.73203125, 128], [-529.49296875, 126], [-551.99921875, 119], [-552.64921875, 127], [-554.3703125, 124], [-569.15078125, 125], [-580.85546875, 123], [-580.10078125, 121], [-575.26015625, 124], [-575.10546875, 125], [-576.87734375, 127], [-593.10625, 124], [-574.58671875, 122], [-571.51171875, 123], [-590.64375, 125], [-579.3546875, 120], [-605.53203125, 127], [-574.23984375, 120], [-590.04765625, 125], [-589.11328125, 128], [-574.11875, 126], [-590.98828125, 128], [-581.93671875, 127], [-578.90859375, 127], [-566.3046875, 123], [-588.5296875, 125], [-578.0421875, 128], [-580.3546875, 128], [-580.45546875, 119], [-572.40703125, 122], [-576.84609375, 127], [-602.11875, 125], [-575.44296875, 125], [-579.7796875, 128], [-578.8875, 128], [-568.04375, 122], [-578.584375, 124], [-590.53203125, 127], [-580.025, 121], [-576.4203125, 122], [-591.4828125, 124], [-574.73828125, 128], [-580.375, 122], [-584.83046875, 120], [-597.553125, 128], [-564.7171875, 126], [-582.75390625, 125], [-576.06484375, 125], [-597.0796875, 124], [-568.82421875, 126], [-570.45390625, 125], [-590.71328125, 123], [-597.709375, 127], [-563.47421875, 122], [-565.16640625, 126], [-578.24921875, 120], [-565.278125, 122], [-572.8765625, 128], [-572.38515625, 125], [-593.3078125, 128], [-586.25, 128], [-574.6484375, 123], [-596.6828125, 127], [-585.88125, 126], [-590.88671875, 121], [-603.75234375, 123], [-602.63125, 125], [-635.52109375, 124], [-648.68203125, 124], [-628.93828125, 127], [-636.88984375, 127], [-642.721875, 128], [-634.996875, 128]]}