{"episode_n": 200, "trajectory_len": 200, "trajectory_n": 30, "q_param": 0.4, "lamd": 0.99, "episode_data": [[-771.8, 17], [-779.6, 18], [-756.2333333333333, 18], [-721.4333333333333, 17], [-738.1, 18], [-749.9666666666667, 18], [-757.1, 16], [-703.2, 18], [-728.9, 17], [-713.0333333333333, 17], [-728.5333333333333, 17], [-723.4333333333333, 18], [-750.7666666666667, 18], [-752.0, 16], [-742.2, 18], [-731.0666666666667, 17], [-710.3333333333334, 14], [-704.9666666666667, 16], [-728.8, 18], [-651.4666666666667, 17], [-661.4333333333333, 17], [-672.3, 17], [-691.6, 18], [-683.2666666666667, 18], [-682.8666666666667, 18], [-671.5333333333333, 17], [-675.1, 18], [-744.6666666666666, 17], [-743.2333333333333, 17], [-713.8, 17], [-704.4, 16], [-699.1666666666666, 18], [-735.3666666666667, 18], [-738.6666666666666, 18], [-712.4333333333333, 18], [-694.6666666666666, 18], [-732.1666666666666, 17], [-711.5333333333333, 18], [-753.6333333333333, 18], [-740.2, 18], [-757.1, 18], [-764.6, 16], [-740.2, 18], [-758.2666666666667, 18], [-799.0, 18], [-768.3666666666667, 16], [-741.6, 17], [-706.8, 17], [-742.7, 15], [-694.0333333333333, 18], [-661.7333333333333, 18], [-703.6333333333333, 18], [-690.3666666666667, 18], [-705.7333333333333, 18], [-719.0, 18], [-714.6, 17], [-683.9333333333333, 17], [-711.6333333333333, 17], [-712.4333333333333, 18], [-715.8, 16], [-743.7666666666667, 18], [-753.0666666666667, 18], [-728.0333333333333, 18], [-749.6666666666666, 18], [-746.1333333333333, 18], [-734.0, 18], [-695.0, 18], [-679.9666666666667, 17], [-669.7666666666667, 18], [-712.7, 17], [-739.2, 18], [-689.6333333333333, 17], [-700.5333333333333, 17], [-709.1666666666666, 18], [-719.2666666666667, 18], [-738.0666666666667, 18], [-759.1666666666666, 18], [-701.0666666666667, 18], [-694.7666666666667, 15], [-740.5, 18], [-709.4666666666667, 17], [-730.6, 18], [-745.1333333333333, 18], [-743.6, 17], [-700.9666666666667, 18], [-721.6333333333333, 18], [-734.0, 18], [-737.4333333333333, 18], [-683.9666666666667, 18], [-745.9, 18], [-716.1333333333333, 18], [-697.2, 18], [-689.7, 17], [-693.4666666666667, 18], [-708.4666666666667, 18], [-692.7666666666667, 17], [-722.7333333333333, 18], [-698.1666666666666, 18], [-726.9, 18], [-654.1666666666666, 17], [-695.8, 17], [-754.3333333333334, 18], [-741.5, 18], [-725.1333333333333, 18], [-712.5666666666667, 18], [-731.0666666666667, 18], [-725.9, 17], [-712.2333333333333, 18], [-743.0, 18], [-691.5, 17], [-733.3666666666667, 17], [-708.7666666666667, 18], [-707.3, 17], [-689.4666666666667, 18], [-710.9333333333333, 18], [-690.9666666666667, 18], [-730.8333333333334, 16], [-700.2666666666667, 18], [-734.6, 17], [-741.1333333333333, 18], [-697.9333333333333, 18], [-687.4333333333333, 18], [-706.8666666666667, 18], [-677.8, 18], [-703.6333333333333, 18], [-677.0666666666667, 15], [-683.1666666666666, 16], [-722.4, 17], [-733.3666666666667, 18], [-721.0666666666667, 18], [-742.4, 18], [-749.9, 15], [-754.4, 17], [-716.7, 16], [-685.1333333333333, 18], [-699.7, 18], [-684.4666666666667, 18], [-708.7, 17], [-716.8666666666667, 17], [-731.0, 17], [-742.1, 18], [-702.2666666666667, 18], [-738.7333333333333, 18], [-719.3, 17], [-713.3, 17], [-744.5333333333333, 17], [-683.9666666666667, 18], [-745.4333333333333, 18], [-710.0666666666667, 18], [-728.6333333333333, 17], [-717.6666666666666, 18], [-760.4, 15], [-731.9, 16], [-709.6333333333333, 18], [-749.6, 16], [-741.2, 18], [-736.1, 16], [-737.1666666666666, 18], [-666.0, 18], [-721.5666666666667, 18], [-719.1, 17], [-683.4666666666667, 18], [-709.7, 18], [-701.0666666666667, 16], [-707.9, 18], [-711.4333333333333, 17], [-780.2, 17], [-709.2333333333333, 17], [-690.9666666666667, 16], [-672.7666666666667, 17], [-739.8, 18], [-715.6333333333333, 17], [-765.5, 17], [-719.6666666666666, 18], [-720.9333333333333, 17], [-737.0333333333333, 17], [-718.9666666666667, 18], [-739.5666666666667, 18], [-744.6333333333333, 16], [-688.6, 18], [-704.6666666666666, 17], [-685.4666666666667, 18], [-696.0333333333333, 18], [-723.2666666666667, 18], [-707.6, 18], [-707.6, 15], [-686.5666666666667, 18], [-716.0666666666667, 17], [-704.4, 18], [-726.8, 17], [-714.4666666666667, 18], [-732.5333333333333, 18], [-732.3, 16], [-753.0, 18], [-729.9333333333333, 15], [-707.0333333333333, 17], [-735.8, 18], [-729.8, 17], [-738.4333333333333, 17], [-703.4666666666667, 18]]}