{"episode_n": 200, "trajectory_len": 200, "trajectory_n": 30, "q_param": 0.95, "lamd": 0.99, "episode_data": [[-737.1333333333333, 2], [-782.2, 2], [-754.1666666666666, 2], [-767.0, 2], [-753.3333333333334, 2], [-789.9333333333333, 2], [-772.1, 2], [-742.5333333333333, 1], [-745.9666666666667, 2], [-704.7666666666667, 2], [-758.2666666666667, 2], [-774.8, 2], [-742.0, 2], [-723.2333333333333, 2], [-763.8666666666667, 2], [-764.3, 1], [-730.2666666666667, 2], [-772.0666666666667, 2], [-765.4333333333333, 2], [-768.7, 2], [-762.9666666666667, 2], [-774.8, 2], [-763.1666666666666, 2], [-770.9, 2], [-759.1, 2], [-743.9, 2], [-772.1333333333333, 2], [-744.4, 2], [-749.2333333333333, 2], [-730.6666666666666, 2], [-693.3333333333334, 2], [-755.2, 2], [-710.6333333333333, 2], [-760.5, 2], [-753.4333333333333, 2], [-786.9666666666667, 2], [-767.0, 2], [-776.8, 2], [-799.7, 2], [-770.3, 1], [-779.6, 2], [-721.8666666666667, 2], [-763.3, 2], [-774.4333333333333, 2], [-705.9, 2], [-778.7, 2], [-765.0333333333333, 2], [-753.0666666666667, 2], [-763.5, 2], [-755.0333333333333, 2], [-752.4666666666667, 2], [-734.6666666666666, 2], [-760.9, 2], [-760.7, 2], [-710.5, 2], [-748.9666666666667, 2], [-730.8, 2], [-767.7, 2], [-766.1, 2], [-758.7, 2], [-768.8, 2], [-758.6666666666666, 2], [-769.4333333333333, 2], [-804.1666666666666, 2], [-762.4666666666667, 2], [-772.2333333333333, 2], [-730.9, 2], [-781.4, 0], [-748.0666666666667, 2], [-769.1, 2], [-737.0333333333333, 2], [-776.1333333333333, 1], [-762.3666666666667, 2], [-763.6333333333333, 2], [-751.0, 2], [-746.0666666666667, 2], [-742.8666666666667, 2], [-771.2333333333333, 2], [-770.1333333333333, 2], [-766.0666666666667, 2], [-756.8, 2], [-750.3, 2], [-766.6, 2], [-716.7666666666667, 2], [-785.6, 2], [-773.7, 1], [-775.3, 2], [-753.3666666666667, 2], [-740.6333333333333, 2], [-767.1, 2], [-750.0, 2], [-755.4666666666667, 2], [-760.8, 2], [-758.2333333333333, 2], [-752.6666666666666, 2], [-747.6333333333333, 2], [-756.0, 2], [-789.8, 2], [-761.4, 2], [-758.4, 1], [-755.9, 2], [-782.9, 0], [-786.7333333333333, 2], [-774.5, 2], [-749.7666666666667, 2], [-757.8, 2], [-706.1666666666666, 2], [-733.0, 2], [-772.8333333333334, 2], [-723.7333333333333, 2], [-694.1, 2], [-746.6, 1], [-776.3, 2], [-773.1, 2], [-718.8, 2], [-753.7, 2], [-759.2, 2], [-777.5666666666667, 2], [-757.4, 1], [-766.2, 2], [-775.4, 2], [-763.5333333333333, 1], [-767.9, 2], [-751.6, 2], [-738.0666666666667, 2], [-769.8333333333334, 1], [-765.7666666666667, 2], [-698.7, 2], [-758.0666666666667, 2], [-695.4, 2], [-739.2666666666667, 2], [-770.6333333333333, 2], [-749.8666666666667, 2], [-707.4, 2], [-774.5, 2], [-772.1666666666666, 2], [-756.3333333333334, 2], [-740.8, 2], [-766.0666666666667, 2], [-760.8333333333334, 2], [-748.8666666666667, 2], [-706.8, 2], [-769.6666666666666, 2], [-779.0, 2], [-758.6, 2], [-764.7, 2], [-748.2, 2], [-788.9333333333333, 2], [-763.6333333333333, 2], [-753.9333333333333, 2], [-762.9333333333333, 2], [-759.2333333333333, 2], [-715.2666666666667, 2], [-717.3666666666667, 2], [-761.3, 2], [-738.8666666666667, 2], [-765.3333333333334, 2], [-780.4333333333333, 1], [-734.3, 2], [-747.0666666666667, 2], [-780.0666666666667, 2], [-741.4666666666667, 2], [-764.0, 2], [-780.1333333333333, 2], [-764.6, 2], [-771.5, 2], [-782.0, 1], [-767.0, 2], [-762.1666666666666, 2], [-753.4, 2], [-758.7333333333333, 2], [-754.6666666666666, 2], [-764.8666666666667, 2], [-750.6666666666666, 2], [-750.2333333333333, 2], [-731.8, 2], [-688.1, 2], [-748.3666666666667, 2], [-730.3333333333334, 2], [-744.1666666666666, 2], [-736.9333333333333, 2], [-745.3666666666667, 2], [-688.5, 2], [-749.8, 2], [-722.0666666666667, 2], [-729.6, 2], [-796.2333333333333, 2], [-736.8333333333334, 2], [-773.7333333333333, 2], [-751.9, 2], [-766.2666666666667, 2], [-784.5, 2], [-755.5666666666667, 2], [-799.4, 1], [-736.7333333333333, 2], [-774.0, 2], [-705.3333333333334, 2], [-755.8, 2], [-724.0666666666667, 2], [-796.4, 2]]}