{"episode_n": 200, "trajectory_len": 200, "trajectory_n": 30, "q_param": 0.2, "lamd": 0.99, "episode_data": [[-796.4, 24], [-754.0666666666667, 23], [-728.9, 24], [-756.1, 24], [-759.5, 24], [-716.1333333333333, 23], [-720.8666666666667, 23], [-712.6333333333333, 23], [-715.8666666666667, 24], [-729.6666666666666, 24], [-713.5666666666667, 24], [-689.8666666666667, 24], [-690.3333333333334, 24], [-726.2, 24], [-752.7666666666667, 24], [-749.1, 23], [-742.7, 24], [-744.8, 24], [-714.2, 24], [-760.5666666666667, 24], [-768.2333333333333, 24], [-752.1666666666666, 24], [-755.5333333333333, 23], [-717.5333333333333, 23], [-734.8333333333334, 24], [-754.4, 24], [-765.8, 24], [-766.1, 24], [-759.8, 24], [-778.1, 23], [-755.2333333333333, 23], [-773.6, 23], [-735.2, 24], [-735.9666666666667, 24], [-740.4333333333333, 24], [-737.8333333333334, 24], [-778.9333333333333, 23], [-748.5, 23], [-726.8, 24], [-727.5666666666667, 23], [-748.8666666666667, 23], [-703.1, 23], [-745.2333333333333, 24], [-742.9, 24], [-763.2333333333333, 24], [-741.2, 23], [-764.6666666666666, 23], [-759.3666666666667, 24], [-748.7, 24], [-728.8, 21], [-753.8, 24], [-723.2333333333333, 23], [-699.4666666666667, 24], [-711.3, 24], [-739.1, 24], [-694.6333333333333, 24], [-661.3, 24], [-716.7333333333333, 24], [-755.2666666666667, 24], [-720.3666666666667, 24], [-735.2, 23], [-747.5, 24], [-715.6, 23], [-746.0666666666667, 23], [-719.0, 24], [-703.7666666666667, 24], [-666.6, 24], [-695.2666666666667, 24], [-696.3333333333334, 23], [-727.8666666666667, 24], [-709.6666666666666, 22], [-734.6333333333333, 22], [-739.9, 24], [-710.0333333333333, 22], [-704.1666666666666, 24], [-739.8666666666667, 24], [-741.7666666666667, 24], [-719.4666666666667, 24], [-707.2, 24], [-712.8333333333334, 23], [-688.7333333333333, 23], [-701.4666666666667, 22], [-712.6333333333333, 24], [-704.7333333333333, 20], [-719.2666666666667, 23], [-715.0666666666667, 24], [-729.9666666666667, 24], [-715.9333333333333, 24], [-720.7, 24], [-706.2, 24], [-723.4666666666667, 24], [-728.0666666666667, 24], [-739.4, 24], [-726.0333333333333, 23], [-725.5333333333333, 23], [-745.2333333333333, 24], [-740.6, 24], [-759.6666666666666, 23], [-736.1666666666666, 21], [-757.7, 24], [-697.4666666666667, 24], [-703.3666666666667, 24], [-726.4, 24], [-734.0, 23], [-748.9333333333333, 24], [-749.9, 23], [-720.2, 24], [-723.0666666666667, 23], [-690.3, 24], [-739.4, 24], [-714.2666666666667, 22], [-720.8666666666667, 23], [-774.2666666666667, 24], [-716.3333333333334, 24], [-726.4666666666667, 24], [-708.7666666666667, 24], [-701.8666666666667, 24], [-724.7333333333333, 22], [-752.4, 23], [-761.6, 23], [-752.6, 23], [-763.7666666666667, 21], [-732.3, 23], [-734.1, 22], [-743.8666666666667, 23], [-764.0, 22], [-759.2666666666667, 22], [-740.3333333333334, 23], [-778.7, 23], [-753.4, 24], [-735.8333333333334, 24], [-744.5, 23], [-734.6, 24], [-730.1, 24], [-771.5, 22], [-760.4, 24], [-725.8666666666667, 24], [-721.0666666666667, 24], [-747.2, 24], [-764.9, 24], [-768.2, 23], [-750.8666666666667, 24], [-669.3333333333334, 24], [-733.0333333333333, 24], [-747.7, 24], [-764.3, 23], [-730.1, 24], [-707.1666666666666, 23], [-688.3333333333334, 24], [-681.0333333333333, 24], [-672.2, 24], [-739.4, 24], [-734.9666666666667, 23], [-723.5, 22], [-746.1666666666666, 24], [-709.7666666666667, 24], [-692.1, 23], [-728.8, 24], [-742.1333333333333, 24], [-734.3666666666667, 24], [-743.2666666666667, 23], [-746.6, 24], [-707.5, 24], [-732.2, 22], [-756.8, 23], [-747.7666666666667, 24], [-728.1, 24], [-738.7333333333333, 23], [-768.8666666666667, 23], [-772.6666666666666, 24], [-765.5, 23], [-733.8666666666667, 24], [-765.9666666666667, 24], [-736.5333333333333, 24], [-735.9, 23], [-733.9333333333333, 24], [-746.5, 24], [-731.0, 22], [-721.4666666666667, 24], [-660.1333333333333, 23], [-750.2, 23], [-742.7, 23], [-714.8333333333334, 24], [-709.6, 24], [-726.0, 23], [-740.8333333333334, 24], [-731.3666666666667, 24], [-746.2666666666667, 24], [-719.7, 24], [-734.1, 24], [-721.6, 24], [-734.3, 24], [-743.0, 24], [-759.4, 24], [-731.5, 22], [-741.8333333333334, 23], [-743.8333333333334, 24], [-760.1666666666666, 24], [-741.5, 24], [-748.4333333333333, 24]]}