{"episode_n": 100, "trajectory_len": 200, "trajectory_n": 160, "q_param": 0.9, "lamd": 0.99, "episode_data": [[-779.63125, 15], [-708.81875, 15], [-635.7875, 16], [-670.38125, 16], [-679.4375, 16], [-649.71875, 16], [-630.10625, 16], [-629.78125, 16], [-631.275, 16], [-609.3625, 16], [-698.39375, 16], [-653.4125, 16], [-664.75, 16], [-684.5875, 16], [-657.5625, 16], [-704.875, 16], [-676.625, 16], [-671.48125, 16], [-670.225, 16], [-679.65, 16], [-681.875, 16], [-632.25, 16], [-644.15625, 16], [-677.30625, 16], [-621.28125, 16], [-667.09375, 16], [-640.025, 16], [-702.83125, 16], [-648.3125, 16], [-593.23125, 16], [-653.40625, 16], [-634.44375, 16], [-624.2, 16], [-656.14375, 15], [-659.11875, 16], [-669.11875, 16], [-650.90625, 16], [-643.43125, 16], [-649.9, 16], [-655.31875, 16], [-685.41875, 16], [-703.3, 16], [-632.71875, 16], [-607.66875, 16], [-622.3375, 16], [-689.6125, 16], [-624.89375, 16], [-631.93125, 16], [-638.40625, 16], [-656.83125, 16], [-651.5125, 16], [-671.60625, 16], [-707.66875, 16], [-648.85625, 16], [-643.3875, 16], [-669.775, 16], [-644.50625, 16], [-629.1625, 16], [-632.425, 16], [-689.43125, 16], [-641.5, 16], [-666.51875, 16], [-651.35, 16], [-649.25, 16], [-669.66875, 16], [-630.20625, 16], [-632.3125, 16], [-642.70625, 16], [-647.48125, 16], [-674.05625, 16], [-668.51875, 16], [-638.8125, 16], [-628.95625, 16], [-667.6375, 16], [-630.94375, 16], [-675.19375, 16], [-659.70625, 16], [-667.625, 16], [-643.66875, 16], [-629.04375, 16], [-687.99375, 16], [-596.66875, 16], [-675.2625, 16], [-650.0375, 16], [-621.9875, 16], [-635.4, 16], [-648.65, 16], [-657.9, 16], [-636.8, 16], [-681.65, 16], [-643.8375, 16], [-641.78125, 16], [-646.81875, 16], [-679.23125, 16], [-646.33125, 16], [-659.26875, 16], [-661.59375, 16], [-636.525, 16], [-640.025, 16], [-643.1, 16]]}