{"episode_n": 100, "trajectory_len": 200, "trajectory_n": 320, "q_param": 0.9, "lamd": 0.5, "episode_data": [[-778.734375, 27], [-682.153125, 32], [-591.634375, 32], [-512.228125, 30], [-464.659375, 32], [-532.815625, 32], [-531.075, 31], [-555.075, 32], [-576.35625, 32], [-573.175, 32], [-608.046875, 32], [-598.59375, 32], [-596.41875, 32], [-590.609375, 32], [-573.765625, 32], [-556.96875, 31], [-597.053125, 32], [-603.878125, 32], [-572.128125, 32], [-573.334375, 32], [-603.925, 32], [-589.13125, 32], [-625.928125, 32], [-631.153125, 32], [-630.53125, 32], [-613.75625, 32], [-607.5875, 32], [-612.290625, 32], [-579.553125, 32], [-623.325, 32], [-614.515625, 32], [-615.85625, 32], [-645.571875, 32], [-597.228125, 32], [-620.559375, 32], [-657.721875, 32], [-686.915625, 32], [-663.625, 32], [-614.209375, 32], [-594.553125, 32], [-574.184375, 32], [-607.26875, 32], [-626.94375, 32], [-614.665625, 32], [-600.7625, 31], [-618.240625, 32], [-602.5375, 32], [-615.36875, 32], [-616.9625, 32], [-608.746875, 32], [-595.64375, 32], [-578.928125, 32], [-608.225, 32], [-570.45625, 32], [-612.521875, 31], [-623.4, 32], [-591.921875, 32], [-620.328125, 32], [-569.875, 31], [-549.90625, 32], [-613.846875, 32], [-656.725, 32], [-671.375, 32], [-637.16875, 32], [-639.9125, 32], [-667.578125, 32], [-659.11875, 32], [-655.40625, 32], [-666.084375, 32], [-629.33125, 32], [-640.153125, 32], [-642.25, 32], [-656.99375, 32], [-637.2125, 31], [-665.353125, 32], [-655.85625, 32], [-638.1375, 32], [-649.8875, 31], [-634.515625, 32], [-643.5875, 32], [-641.48125, 32], [-663.55, 32], [-671.653125, 32], [-649.971875, 32], [-657.94375, 32], [-668.596875, 32], [-651.2375, 32], [-648.221875, 32], [-648.090625, 32], [-658.425, 32], [-649.228125, 32], [-658.771875, 32], [-663.809375, 32], [-649.79375, 32], [-661.228125, 32], [-629.325, 32], [-617.5125, 32], [-617.421875, 32], [-615.2, 32], [-588.36875, 32]]}