{"episode_n": 100, "trajectory_len": 200, "trajectory_n": 320, "q_param": 0.9, "lamd": 0.8, "episode_data": [[-769.99375, 30], [-642.9375, 32], [-540.546875, 32], [-533.19375, 32], [-525.146875, 32], [-591.484375, 32], [-596.08125, 32], [-616.66875, 32], [-611.609375, 32], [-589.2, 32], [-630.60625, 32], [-584.078125, 31], [-632.4875, 31], [-667.165625, 32], [-666.215625, 32], [-643.865625, 32], [-669.6875, 31], [-656.971875, 32], [-657.0, 32], [-621.05, 32], [-606.86875, 29], [-636.409375, 32], [-653.190625, 32], [-616.56875, 32], [-624.228125, 30], [-628.365625, 32], [-645.796875, 32], [-680.721875, 31], [-656.490625, 32], [-592.75, 32], [-620.315625, 32], [-612.209375, 31], [-613.725, 32], [-584.3875, 32], [-597.4125, 32], [-569.63125, 31], [-562.571875, 32], [-581.184375, 32], [-598.33125, 32], [-585.640625, 31], [-608.7375, 31], [-581.28125, 32], [-610.8875, 32], [-573.20625, 32], [-580.165625, 32], [-586.065625, 32], [-598.328125, 32], [-583.05625, 31], [-589.475, 32], [-571.6, 32], [-587.9125, 32], [-612.35, 32], [-605.65625, 32], [-589.103125, 31], [-595.978125, 32], [-577.115625, 32], [-611.590625, 32], [-646.609375, 32], [-636.00625, 32], [-585.634375, 32], [-638.190625, 32], [-637.296875, 32], [-598.590625, 32], [-612.46875, 32], [-627.71875, 31], [-630.246875, 32], [-630.428125, 32], [-635.184375, 32], [-636.528125, 31], [-622.875, 32], [-602.159375, 32], [-626.784375, 32], [-603.00625, 32], [-633.7, 32], [-588.76875, 32], [-629.703125, 32], [-605.9875, 32], [-649.44375, 32], [-636.66875, 32], [-616.134375, 32], [-620.028125, 32], [-647.90625, 32], [-602.709375, 32], [-653.6125, 32], [-608.91875, 32], [-606.2125, 32], [-576.359375, 32], [-628.503125, 32], [-656.93125, 32], [-625.528125, 32], [-637.7875, 32], [-602.71875, 32], [-585.078125, 32], [-625.98125, 32], [-594.021875, 32], [-612.278125, 32], [-627.18125, 32], [-623.709375, 32], [-583.184375, 31], [-641.96875, 32]]}