{"episode_n": 100, "trajectory_len": 200, "trajectory_n": 160, "q_param": 0.9, "lamd": 0.8, "episode_data": [[-772.9125, 15], [-668.95625, 16], [-616.6875, 16], [-635.3375, 16], [-645.03125, 16], [-643.15625, 16], [-636.20625, 16], [-588.375, 16], [-613.1, 16], [-640.9875, 16], [-637.80625, 16], [-627.35, 16], [-666.96875, 16], [-680.4875, 16], [-669.48125, 16], [-637.6, 16], [-649.8375, 16], [-664.73125, 16], [-639.7125, 16], [-614.8125, 16], [-624.5875, 15], [-607.36875, 16], [-615.15625, 16], [-617.61875, 16], [-623.5125, 16], [-671.29375, 16], [-618.55, 16], [-623.33125, 16], [-662.225, 16], [-627.725, 16], [-635.23125, 16], [-620.0625, 16], [-616.50625, 16], [-649.2375, 16], [-607.73125, 16], [-628.65, 16], [-619.81875, 16], [-631.29375, 16], [-607.69375, 16], [-610.8875, 16], [-673.98125, 16], [-636.3125, 16], [-673.36875, 16], [-680.2625, 16], [-634.0625, 16], [-688.19375, 16], [-653.44375, 16], [-633.56875, 16], [-618.4875, 16], [-652.3875, 16], [-668.325, 16], [-632.99375, 16], [-632.05, 16], [-681.93125, 16], [-652.7, 16], [-634.50625, 16], [-604.80625, 16], [-663.5, 16], [-616.80625, 16], [-623.48125, 16], [-664.025, 16], [-672.75, 16], [-635.46875, 16], [-678.8125, 16], [-622.65625, 16], [-663.6375, 16], [-619.74375, 16], [-688.53125, 15], [-662.3875, 16], [-617.4875, 16], [-702.7625, 16], [-678.7, 16], [-684.88125, 16], [-684.45625, 16], [-651.90625, 16], [-620.48125, 16], [-623.03125, 16], [-597.8375, 16], [-609.125, 16], [-620.9375, 16], [-677.4125, 16], [-643.0125, 16], [-654.8375, 16], [-635.4875, 16], [-621.4375, 16], [-623.25, 16], [-634.6125, 16], [-564.125, 16], [-625.95625, 16], [-612.0875, 16], [-636.10625, 16], [-629.08125, 16], [-658.175, 16], [-658.60625, 16], [-624.73125, 16], [-662.08125, 16], [-610.15, 16], [-658.35625, 15], [-590.75, 16], [-631.45625, 16]]}