{"episode_n": 200, "trajectory_len": 200, "trajectory_n": 30, "q_param": 0.5, "lamd": 0.99, "episode_data": [[-775.4, 15], [-761.6333333333333, 14], [-785.6, 13], [-767.3, 15], [-742.7, 14], [-743.6333333333333, 14], [-741.9666666666667, 15], [-729.3, 15], [-691.7333333333333, 13], [-705.9, 15], [-710.4666666666667, 14], [-742.7, 15], [-703.3333333333334, 15], [-737.5333333333333, 15], [-750.3666666666667, 13], [-774.9, 15], [-736.7, 14], [-734.5666666666667, 13], [-693.2666666666667, 14], [-714.0, 14], [-662.1, 15], [-691.0, 15], [-712.6333333333333, 15], [-713.8333333333334, 15], [-678.5333333333333, 15], [-755.0333333333333, 11], [-738.8666666666667, 15], [-756.4666666666667, 12], [-669.0666666666667, 15], [-743.4666666666667, 14], [-758.9, 15], [-716.8, 15], [-728.9, 15], [-743.9333333333333, 14], [-742.7, 15], [-745.9666666666667, 14], [-766.4, 15], [-721.3, 13], [-750.1, 15], [-731.9666666666667, 15], [-706.8, 15], [-713.9, 15], [-732.0666666666667, 15], [-715.4333333333333, 14], [-748.4, 15], [-695.8333333333334, 15], [-733.7333333333333, 14], [-731.4333333333333, 15], [-746.2333333333333, 13], [-747.9333333333333, 14], [-750.0, 14], [-688.3666666666667, 15], [-698.4666666666667, 15], [-691.8666666666667, 14], [-722.3, 15], [-681.8, 15], [-670.7, 14], [-675.9, 13], [-720.0333333333333, 14], [-682.5666666666667, 15], [-718.9666666666667, 12], [-750.0, 14], [-769.6333333333333, 12], [-726.9333333333333, 15], [-729.8, 14], [-703.8, 13], [-718.7, 15], [-720.5, 15], [-735.4666666666667, 15], [-734.2333333333333, 14], [-758.3, 15], [-766.4, 14], [-739.0333333333333, 12], [-733.9, 14], [-691.4, 15], [-717.2, 14], [-697.5666666666667, 14], [-723.3, 15], [-713.4, 14], [-694.4333333333333, 15], [-689.5333333333333, 14], [-741.8, 15], [-709.8, 15], [-677.8, 14], [-708.2666666666667, 15], [-719.0, 14], [-706.4333333333333, 15], [-752.2333333333333, 15], [-765.2333333333333, 13], [-761.4666666666667, 15], [-666.5, 13], [-702.8333333333334, 15], [-680.1666666666666, 15], [-726.3333333333334, 15], [-731.8333333333334, 15], [-741.1, 14], [-739.1, 14], [-703.6666666666666, 15], [-693.4, 15], [-719.2, 14], [-709.0, 15], [-672.1333333333333, 15], [-672.5666666666667, 15], [-717.6333333333333, 15], [-720.7, 15], [-744.2666666666667, 13], [-728.6, 15], [-748.8333333333334, 15], [-765.7, 14], [-749.9, 15], [-700.5, 15], [-715.2333333333333, 15], [-727.3666666666667, 15], [-752.6, 14], [-733.6666666666666, 15], [-755.0666666666667, 15], [-765.1666666666666, 15], [-745.5666666666667, 15], [-757.7666666666667, 15], [-719.9333333333333, 14], [-701.3333333333334, 15], [-689.7333333333333, 14], [-736.7, 13], [-750.2, 14], [-758.0333333333333, 14], [-723.9333333333333, 15], [-724.3333333333334, 15], [-722.2666666666667, 13], [-657.4666666666667, 15], [-666.7666666666667, 15], [-705.5, 13], [-701.9333333333333, 14], [-732.7666666666667, 14], [-762.7333333333333, 15], [-728.4666666666667, 15], [-725.1, 13], [-711.3, 13], [-720.5333333333333, 14], [-685.3333333333334, 15], [-689.3666666666667, 15], [-718.3333333333334, 14], [-738.7, 15], [-748.0333333333333, 15], [-705.8333333333334, 15], [-741.2333333333333, 15], [-710.4666666666667, 15], [-725.1333333333333, 14], [-718.3666666666667, 13], [-750.7, 14], [-729.8, 14], [-710.4333333333333, 12], [-710.2, 14], [-705.0333333333333, 15], [-693.1666666666666, 15], [-669.2, 13], [-716.1666666666666, 15], [-705.7, 15], [-699.3666666666667, 13], [-696.2666666666667, 14], [-755.6666666666666, 15], [-767.7, 13], [-761.3, 15], [-762.5, 14], [-720.7, 15], [-739.7, 14], [-764.6666666666666, 15], [-749.3333333333334, 14], [-748.4666666666667, 15], [-770.6, 15], [-730.7333333333333, 15], [-757.4, 15], [-754.4, 15], [-695.3, 15], [-732.2, 14], [-692.5333333333333, 15], [-678.5, 15], [-717.9333333333333, 15], [-724.8666666666667, 15], [-726.3, 15], [-726.5, 13], [-754.0333333333333, 15], [-735.0333333333333, 14], [-746.3, 14], [-718.3, 14], [-693.2, 14], [-629.4, 15], [-695.1, 13], [-712.3666666666667, 15], [-735.1, 15], [-734.9333333333333, 13], [-699.5666666666667, 15], [-750.8666666666667, 12], [-724.2666666666667, 15], [-729.7333333333333, 13], [-747.2, 15], [-716.7666666666667, 15], [-731.3, 14], [-709.6, 15], [-689.6, 15], [-737.5, 14]]}