{"episode_n": 100, "trajectory_len": 200, "trajectory_n": 1280, "q_param": 0.9, "lamd": 0.1, "episode_data": [[-766.77734375, 120], [-583.3671875, 128], [-309.57890625, 128], [-159.865625, 126], [-124.2203125, 125], [-118.540625, 102], [-264.17890625, 96], [-378.8296875, 114], [-356.6765625, 110], [-483.48984375, 105], [-499.10859375, 128], [-472.40703125, 105], [-471.0078125, 125], [-449.76328125, 106], [-476.88359375, 120], [-469.05390625, 120], [-466.56015625, 127], [-432.7640625, 115], [-494.1109375, 123], [-447.296875, 123], [-480.86875, 110], [-504.0921875, 125], [-475.79140625, 120], [-480.84375, 83], [-547.69296875, 127], [-421.0203125, 116], [-456.74296875, 110], [-499.496875, 109], [-503.0828125, 107], [-549.23359375, 120], [-512.3625, 112], [-502.68359375, 90], [-584.75078125, 127], [-511.78828125, 122], [-547.53046875, 107], [-550.50859375, 122], [-562.65234375, 117], [-563.175, 111], [-548.77265625, 114], [-568.35546875, 117], [-540.63828125, 121], [-516.2609375, 119], [-571.09296875, 118], [-545.3109375, 128], [-546.73359375, 116], [-535.96875, 126], [-517.975, 122], [-541.75, 128], [-534.69140625, 111], [-545.75, 89], [-581.28984375, 124], [-510.8609375, 110], [-564.22890625, 127], [-515.87734375, 115], [-549.42890625, 121], [-533.3671875, 114], [-559.79375, 126], [-524.4328125, 116], [-536.13671875, 109], [-541.01640625, 126], [-541.984375, 125], [-537.92421875, 103], [-553.64140625, 112], [-545.1828125, 118], [-559.334375, 128], [-547.91484375, 121], [-553.1828125, 122], [-559.59609375, 119], [-549.82578125, 127], [-554.39453125, 115], [-555.77578125, 128], [-529.0421875, 102], [-576.08125, 128], [-534.725, 102], [-547.50234375, 120], [-554.67109375, 128], [-516.97421875, 117], [-542.18515625, 125], [-543.27265625, 94], [-580.88671875, 125], [-531.42421875, 128], [-513.94609375, 121], [-539.2625, 117], [-529.23046875, 115], [-544.0875, 87], [-555.365625, 126], [-546.9609375, 126], [-513.00625, 79], [-599.453125, 128], [-489.13359375, 126], [-502.00625, 100], [-532.58671875, 122], [-550.56171875, 115], [-565.2828125, 121], [-550.86484375, 123], [-549.0109375, 125], [-519.1515625, 127], [-549.24375, 111], [-542.459375, 126], [-547.8328125, 108]]}