{"episode_n": 100, "trajectory_len": 200, "trajectory_n": 640, "q_param": 0.99, "lamd": 0.1, "episode_data": [[-759.1203125, 7], [-684.115625, 7], [-679.7765625, 7], [-689.4578125, 7], [-679.4578125, 7], [-675.0859375, 7], [-721.934375, 5], [-733.8375, 7], [-734.584375, 7], [-725.0859375, 7], [-713.15, 7], [-714.05625, 7], [-704.6078125, 7], [-723.1015625, 7], [-726.95625, 7], [-718.1578125, 6], [-725.7671875, 7], [-734.3515625, 7], [-715.721875, 7], [-713.55, 3], [-736.1171875, 7], [-704.846875, 7], [-727.840625, 6], [-732.2546875, 7], [-715.5546875, 7], [-716.221875, 7], [-725.2015625, 6], [-717.7703125, 5], [-736.153125, 7], [-715.9421875, 5], [-723.621875, 6], [-712.3984375, 7], [-725.065625, 4], [-728.059375, 7], [-728.5765625, 7], [-717.5765625, 7], [-720.8, 4], [-736.2375, 7], [-684.4671875, 7], [-729.3, 7], [-725.2984375, 7], [-715.9203125, 7], [-718.203125, 7], [-726.9265625, 7], [-735.2890625, 7], [-709.3609375, 4], [-728.190625, 7], [-705.421875, 4], [-742.978125, 7], [-717.525, 7], [-722.65625, 5], [-734.5125, 7], [-729.3953125, 6], [-735.3046875, 7], [-711.921875, 7], [-712.728125, 7], [-726.8171875, 5], [-739.5171875, 7], [-724.403125, 7], [-719.3765625, 6], [-724.4796875, 6], [-728.8046875, 7], [-712.7609375, 7], [-715.81875, 7], [-726.1859375, 7], [-728.375, 5], [-723.7625, 7], [-712.58125, 6], [-732.8609375, 7], [-715.5625, 7], [-736.9671875, 7], [-718.4453125, 7], [-717.2546875, 7], [-721.96875, 7], [-723.5875, 7], [-733.99375, 6], [-714.8734375, 7], [-716.546875, 7], [-717.0859375, 6], [-744.0984375, 7], [-719.053125, 7], [-734.153125, 7], [-713.396875, 7], [-711.41875, 7], [-718.7265625, 7], [-732.584375, 7], [-718.7515625, 7], [-730.85625, 7], [-717.4015625, 6], [-714.9640625, 5], [-718.4875, 7], [-727.190625, 3], [-731.6703125, 7], [-729.6171875, 7], [-726.3796875, 7], [-706.5265625, 5], [-723.99375, 7], [-748.45, 7], [-722.7859375, 7], [-728.5453125, 6]]}