{"episode_n": 20, "trajectory_len": 200, "trajectory_n": 640, "q_param": 0.1, "lamd": 0.99, "episode_data": [[-770.046875, 576], [-758.421875, 568], [-736.190625, 575], [-727.2203125, 565], [-706.928125, 573], [-694.7296875, 562], [-683.303125, 573], [-672.965625, 565], [-660.878125, 576], [-650.328125, 568], [-631.503125, 564], [-626.3578125, 574], [-615.3390625, 572], [-603.3765625, 555], [-583.7109375, 566], [-573.859375, 575], [-573.2390625, 567], [-555.896875, 565], [-567.15, 571], [-554.7609375, 572]]}