{"episode_n": 100, "trajectory_len": 200, "trajectory_n": 640, "q_param": 0.3, "lamd": 0.1, "episode_data": [[-773.653125, 441], [-732.86875, 426], [-684.0921875, 433], [-635.209375, 425], [-587.003125, 427], [-540.5875, 430], [-478.434375, 447], [-423.3890625, 439], [-367.1125, 444], [-300.6890625, 448], [-224.9140625, 446], [-167.2984375, 448], [-123.2359375, 446], [-90.1796875, 448], [-69.2234375, 447], [-52.9609375, 444], [-38.64375, 448], [-27.878125, 443], [-20.059375, 441], [-13.4765625, 448], [-8.6109375, 448], [-8.3265625, 438], [-7.1, 427], [-6.075, 435], [-5.0671875, 439], [-7.6140625, 440], [-4.4078125, 447], [-4.9171875, 441], [-3.0859375, 433], [-7.0515625, 445], [-2.01875, 441], [-2.115625, 433], [-0.6875, 446], [-2.54375, 446], [-3.3671875, 438], [-1.7734375, 427], [-5.671875, 438], [-0.059375, 429], [-2.415625, 447], [-1.171875, 425], [-1.896875, 430], [-6.9671875, 445], [-7.721875, 441], [-2.2125, 431], [-4.2125, 437], [-0.140625, 428], [-4.3296875, 445], [-2.584375, 445], [-4.1640625, 432], [-0.3546875, 447], [-1.478125, 442], [0.0921875, 415], [-5.8234375, 445], [-5.871875, 439], [-5.7328125, 445], [-1.33125, 434], [-5.3203125, 444], [-2.546875, 431], [-4.228125, 440], [-4.459375, 448], [-0.21875, 440], [-3.871875, 439], [0.003125, 432], [-3.2625, 436], [-1.2234375, 426], [-5.1203125, 446], [-1.6375, 439], [0.284375, 448], [1.096875, 438], [0.0421875, 448], [-1.540625, 448], [-0.6953125, 440], [0.6296875, 444], [1.3171875, 441], [-1.4953125, 442], [-0.0484375, 442], [-4.54375, 438], [-1.171875, 445], [-5.5640625, 441], [-1.2953125, 441], [-2.43125, 440], [0.1296875, 427], [-5.6796875, 440], [-3.9421875, 444], [0.428125, 421], [1.3109375, 440], [-4.35, 445], [1.4640625, 441], [-1.396875, 446], [-0.5109375, 430], [-5.7734375, 442], [-1.6171875, 446], [-3.590625, 442], [-1.903125, 437], [-3.1234375, 444], [-1.0515625, 443], [-0.5078125, 445], [-0.3296875, 437], [-3.2859375, 448], [2.325, 444]]}