{"episode_n": 200, "trajectory_len": 200, "trajectory_n": 30, "q_param": 0.9, "lamd": 0.99, "episode_data": [[-777.1, 3], [-781.7, 3], [-722.8, 3], [-793.1, 2], [-764.4666666666667, 2], [-742.2, 3], [-743.3, 3], [-732.1666666666666, 3], [-737.6333333333333, 3], [-744.6333333333333, 3], [-742.8333333333334, 3], [-775.1333333333333, 3], [-790.1, 3], [-758.5, 3], [-744.1, 3], [-756.6333333333333, 3], [-765.8, 3], [-753.0333333333333, 3], [-756.6666666666666, 3], [-797.6, 2], [-788.9, 3], [-772.7, 1], [-780.2, 3], [-749.2, 3], [-762.4666666666667, 3], [-768.9666666666667, 3], [-749.7, 3], [-768.9, 3], [-749.8333333333334, 3], [-776.3, 3], [-786.6333333333333, 3], [-778.5, 3], [-773.3, 3], [-774.8, 3], [-767.3, 3], [-777.8, 3], [-781.3666666666667, 3], [-770.3, 3], [-756.6666666666666, 3], [-735.2666666666667, 3], [-736.9, 3], [-775.2666666666667, 3], [-724.2333333333333, 3], [-739.5333333333333, 3], [-707.5333333333333, 3], [-756.2666666666667, 3], [-752.9666666666667, 3], [-749.7333333333333, 3], [-747.6666666666666, 2], [-752.5, 3], [-761.6, 2], [-753.7666666666667, 3], [-768.4666666666667, 3], [-777.0333333333333, 3], [-757.7, 3], [-736.4666666666667, 2], [-716.7333333333333, 3], [-773.0, 3], [-765.3333333333334, 3], [-710.8666666666667, 3], [-730.3666666666667, 3], [-757.9666666666667, 3], [-747.8333333333334, 3], [-764.5333333333333, 3], [-734.1, 3], [-772.4, 3], [-776.3333333333334, 3], [-736.1333333333333, 3], [-764.0333333333333, 3], [-694.1, 3], [-749.6333333333333, 3], [-701.9333333333333, 3], [-748.3666666666667, 3], [-732.2333333333333, 3], [-753.4, 3], [-765.2666666666667, 3], [-766.9, 3], [-779.2666666666667, 3], [-726.1666666666666, 3], [-725.1666666666666, 3], [-752.8333333333334, 3], [-757.7, 2], [-763.1, 3], [-768.9666666666667, 3], [-770.3, 3], [-770.8333333333334, 3], [-748.2333333333333, 3], [-756.5, 3], [-757.6666666666666, 3], [-738.7666666666667, 3], [-733.1666666666666, 2], [-768.1333333333333, 3], [-727.9333333333333, 3], [-738.6333333333333, 3], [-722.6333333333333, 3], [-766.3666666666667, 3], [-733.5666666666667, 3], [-738.0, 3], [-696.5333333333333, 3], [-726.3666666666667, 3], [-753.9333333333333, 3], [-726.2666666666667, 3], [-758.8666666666667, 3], [-718.4333333333333, 3], [-744.2, 3], [-696.1333333333333, 3], [-703.3, 3], [-733.9666666666667, 3], [-789.7666666666667, 3], [-761.9333333333333, 3], [-780.5333333333333, 3], [-772.6333333333333, 3], [-757.7666666666667, 3], [-763.0, 3], [-730.6333333333333, 3], [-742.7666666666667, 3], [-741.6, 3], [-734.2, 3], [-771.9666666666667, 2], [-783.3, 3], [-743.0333333333333, 3], [-739.9, 3], [-736.3, 3], [-745.8, 3], [-752.9666666666667, 3], [-728.3666666666667, 3], [-746.8666666666667, 3], [-769.0, 3], [-733.8333333333334, 3], [-702.0333333333333, 3], [-731.0, 3], [-707.6, 3], [-707.7, 3], [-730.1666666666666, 3], [-730.0333333333333, 3], [-744.9, 3], [-793.5, 3], [-755.9, 2], [-755.8666666666667, 3], [-729.9, 3], [-779.2, 3], [-734.7, 3], [-761.8, 3], [-721.4333333333333, 3], [-748.3, 3], [-763.6333333333333, 3], [-750.0, 3], [-724.7666666666667, 3], [-760.1, 3], [-697.4, 3], [-727.0, 3], [-706.9333333333333, 3], [-747.9666666666667, 3], [-734.3, 3], [-709.2333333333333, 3], [-783.2666666666667, 3], [-793.1, 3], [-775.1333333333333, 3], [-759.2333333333333, 3], [-715.0666666666667, 3], [-745.7333333333333, 3], [-735.1, 3], [-763.7333333333333, 3], [-777.4, 3], [-757.2333333333333, 3], [-724.8, 3], [-756.1, 3], [-768.0333333333333, 3], [-766.6333333333333, 3], [-749.0666666666667, 3], [-692.1, 3], [-770.7666666666667, 3], [-743.6, 2], [-760.0666666666667, 3], [-733.5, 3], [-755.1333333333333, 3], [-792.6333333333333, 2], [-751.7666666666667, 3], [-765.1333333333333, 3], [-754.7, 3], [-695.5666666666667, 3], [-724.2, 3], [-770.6, 3], [-752.7666666666667, 2], [-753.7, 3], [-755.0, 3], [-752.7, 3], [-736.8666666666667, 3], [-784.4666666666667, 3], [-774.4333333333333, 3], [-755.1, 2], [-746.1666666666666, 3], [-744.4666666666667, 3], [-766.5, 3], [-719.9, 3], [-766.4333333333333, 3], [-763.2333333333333, 3], [-736.1333333333333, 3], [-706.4, 3], [-708.7, 3]]}