{"episode_n": 100, "trajectory_len": 200, "trajectory_n": 640, "q_param": 0.95, "lamd": 0.1, "episode_data": [[-768.5703125, 32], [-488.890625, 31], [-445.7203125, 32], [-369.690625, 29], [-463.09375, 31], [-519.1515625, 32], [-513.528125, 31], [-542.809375, 28], [-566.3140625, 28], [-581.2765625, 31], [-554.1421875, 29], [-634.084375, 32], [-616.8609375, 30], [-608.2421875, 28], [-651.6203125, 32], [-656.8265625, 32], [-664.8328125, 31], [-665.728125, 29], [-652.1671875, 32], [-642.5671875, 30], [-663.05625, 32], [-650.8, 32], [-659.6953125, 32], [-653.584375, 27], [-648.890625, 24], [-666.696875, 32], [-644.9359375, 32], [-654.446875, 31], [-641.1140625, 28], [-662.8234375, 32], [-635.4859375, 30], [-649.6421875, 31], [-663.021875, 31], [-648.2875, 32], [-648.2109375, 26], [-661.98125, 30], [-642.346875, 32], [-652.4703125, 32], [-648.9609375, 26], [-651.7921875, 32], [-645.6078125, 29], [-675.1625, 32], [-631.4046875, 31], [-676.9015625, 32], [-649.615625, 29], [-662.6625, 32], [-642.496875, 32], [-648.9, 30], [-652.2234375, 29], [-654.51875, 28], [-681.4046875, 32], [-659.9578125, 30], [-642.9125, 30], [-657.7234375, 31], [-674.053125, 30], [-645.140625, 32], [-672.15, 31], [-664.565625, 31], [-631.3328125, 24], [-650.8328125, 32], [-657.6953125, 31], [-641.3953125, 31], [-638.9078125, 32], [-648.5171875, 26], [-662.6125, 31], [-668.0984375, 30], [-643.571875, 30], [-653.103125, 30], [-653.746875, 30], [-658.8515625, 27], [-671.66875, 32], [-656.834375, 28], [-671.35625, 30], [-681.6515625, 32], [-668.6078125, 26], [-627.8078125, 29], [-624.35625, 32], [-653.0984375, 32], [-630.3640625, 30], [-668.4203125, 31], [-627.6875, 28], [-644.0203125, 30], [-657.8265625, 31], [-661.0890625, 30], [-674.1171875, 32], [-648.7171875, 29], [-672.4515625, 31], [-678.5953125, 31], [-669.396875, 32], [-661.1109375, 28], [-655.521875, 32], [-653.6109375, 30], [-653.1859375, 25], [-684.6109375, 32], [-651.7625, 31], [-649.390625, 29], [-633.4921875, 29], [-622.828125, 25], [-649.4859375, 32], [-653.3796875, 31]]}