{"episode_n": 200, "trajectory_len": 200, "trajectory_n": 30, "q_param": 0.8, "lamd": 0.99, "episode_data": [[-777.9, 6], [-741.7666666666667, 6], [-728.2, 6], [-740.0, 6], [-777.8, 5], [-720.8333333333334, 6], [-733.3666666666667, 6], [-720.1, 6], [-687.7666666666667, 6], [-717.9666666666667, 6], [-721.0, 6], [-749.4, 5], [-687.9333333333333, 6], [-738.4666666666667, 5], [-739.6666666666666, 5], [-724.4, 6], [-706.1666666666666, 6], [-733.8666666666667, 6], [-735.4666666666667, 6], [-753.2, 6], [-738.3666666666667, 6], [-744.8, 6], [-701.4333333333333, 5], [-743.1333333333333, 6], [-776.0666666666667, 5], [-804.0333333333333, 6], [-771.6666666666666, 5], [-757.0333333333333, 6], [-769.1, 5], [-729.7333333333333, 6], [-779.9, 4], [-773.6, 6], [-757.6333333333333, 6], [-724.3, 5], [-748.9, 4], [-767.4666666666667, 6], [-753.1333333333333, 5], [-708.8666666666667, 6], [-715.9333333333333, 6], [-722.1666666666666, 6], [-760.8333333333334, 5], [-775.7, 6], [-735.7666666666667, 6], [-740.0, 5], [-736.3666666666667, 6], [-715.4333333333333, 6], [-742.9333333333333, 6], [-762.8, 5], [-754.8333333333334, 5], [-724.6333333333333, 5], [-770.3, 5], [-754.7, 6], [-713.9333333333333, 6], [-701.6666666666666, 5], [-733.2, 6], [-720.7, 6], [-751.2333333333333, 6], [-732.7, 6], [-707.7, 6], [-721.2, 6], [-734.6666666666666, 6], [-728.1, 6], [-710.2, 6], [-672.5, 6], [-738.9333333333333, 6], [-734.5666666666667, 6], [-718.0666666666667, 6], [-713.3, 5], [-739.0666666666667, 6], [-726.2, 5], [-695.5333333333333, 6], [-716.6, 5], [-664.0333333333333, 6], [-695.0, 6], [-695.3333333333334, 6], [-767.1, 5], [-791.2, 5], [-705.7333333333333, 6], [-722.7666666666667, 6], [-745.8666666666667, 5], [-699.4666666666667, 6], [-692.0666666666667, 6], [-656.4666666666667, 6], [-759.2, 6], [-707.2666666666667, 5], [-749.4, 6], [-742.2333333333333, 6], [-750.3, 6], [-756.7666666666667, 6], [-737.2333333333333, 6], [-731.8, 6], [-748.2333333333333, 6], [-793.8333333333334, 4], [-736.3333333333334, 6], [-660.0, 6], [-742.0, 6], [-704.0666666666667, 6], [-721.8, 6], [-695.5666666666667, 6], [-753.8333333333334, 6], [-770.7666666666667, 6], [-742.9666666666667, 6], [-699.8, 6], [-712.9, 5], [-717.4333333333333, 6], [-710.3333333333334, 5], [-739.7333333333333, 6], [-756.3, 4], [-726.4, 5], [-730.9666666666667, 6], [-721.3, 6], [-688.4, 6], [-760.7333333333333, 6], [-725.7666666666667, 6], [-701.6333333333333, 6], [-695.4333333333333, 6], [-702.4333333333333, 6], [-743.2666666666667, 6], [-749.4, 4], [-752.6333333333333, 5], [-759.8666666666667, 6], [-736.4, 6], [-702.1333333333333, 6], [-724.5666666666667, 6], [-730.5666666666667, 5], [-743.8666666666667, 6], [-743.5333333333333, 6], [-753.2, 6], [-721.9666666666667, 6], [-734.7333333333333, 6], [-723.5333333333333, 6], [-740.8666666666667, 3], [-764.0666666666667, 6], [-729.3333333333334, 6], [-751.7, 5], [-760.3333333333334, 5], [-776.0, 6], [-720.3666666666667, 6], [-700.5666666666667, 6], [-715.3666666666667, 6], [-686.8666666666667, 6], [-758.9, 6], [-742.0333333333333, 6], [-751.1, 6], [-772.7, 6], [-735.0, 4], [-770.3, 6], [-739.8333333333334, 6], [-748.5, 5], [-730.4, 6], [-715.5666666666667, 6], [-697.5333333333333, 6], [-747.0, 6], [-706.3333333333334, 6], [-690.0, 6], [-689.3666666666667, 6], [-763.3333333333334, 3], [-720.0666666666667, 6], [-746.4666666666667, 6], [-711.3, 6], [-698.2666666666667, 6], [-760.4, 6], [-759.8, 6], [-717.5666666666667, 5], [-733.5, 6], [-730.6, 6], [-699.1, 6], [-746.8, 6], [-708.6666666666666, 6], [-749.0333333333333, 6], [-746.5333333333333, 6], [-736.9, 5], [-722.4333333333333, 6], [-763.2666666666667, 6], [-769.0666666666667, 5], [-756.0, 6], [-782.6, 5], [-761.0333333333333, 6], [-788.1333333333333, 6], [-732.0666666666667, 5], [-723.0666666666667, 6], [-750.0, 5], [-733.4666666666667, 6], [-761.2333333333333, 6], [-747.5, 5], [-761.6, 6], [-751.2333333333333, 5], [-773.1333333333333, 6], [-771.5, 4], [-787.7, 5], [-766.7, 6], [-739.6666666666666, 6], [-759.6666666666666, 6], [-715.5333333333333, 6], [-743.2333333333333, 6], [-768.0666666666667, 6], [-760.6, 5], [-709.5, 6], [-736.1, 6], [-775.7, 6]]}