{"episode_n": 100, "trajectory_len": 200, "trajectory_n": 1280, "q_param": 0.9, "lamd": 0.2, "episode_data": [[-774.73046875, 118], [-603.5765625, 127], [-336.49453125, 128], [-213.490625, 128], [-177.75703125, 121], [-235.87890625, 125], [-350.41484375, 121], [-347.971875, 124], [-405.6609375, 128], [-408.2609375, 115], [-409.66484375, 104], [-464.07109375, 127], [-470.80625, 123], [-484.33125, 110], [-511.15390625, 123], [-502.0796875, 127], [-537.04609375, 104], [-531.446875, 124], [-527.9984375, 106], [-554.528125, 125], [-543.3546875, 111], [-539.95234375, 127], [-524.71015625, 116], [-525.38671875, 103], [-554.615625, 122], [-539.475, 127], [-531.9984375, 107], [-543.78984375, 124], [-536.56484375, 120], [-538.0234375, 113], [-539.1125, 127], [-541.9625, 122], [-528.0375, 112], [-545.01015625, 126], [-529.2703125, 123], [-549.87890625, 127], [-522.571875, 114], [-554.8125, 128], [-527.07890625, 127], [-540.45703125, 107], [-549.43359375, 128], [-542.16640625, 124], [-509.5375, 111], [-554.1625, 126], [-560.4328125, 126], [-535.44609375, 99], [-577.6234375, 124], [-519.83984375, 125], [-507.49765625, 119], [-543.59765625, 122], [-527.4171875, 113], [-533.5140625, 111], [-545.6953125, 127], [-527.87578125, 123], [-546.2515625, 122], [-531.30625, 114], [-555.5359375, 126], [-523.84765625, 115], [-527.99921875, 128], [-528.203125, 117], [-544.28984375, 120], [-552.44140625, 123], [-549.9953125, 104], [-537.08203125, 121], [-550.63359375, 128], [-538.5484375, 103], [-557.41953125, 127], [-531.98046875, 119], [-526.18984375, 126], [-520.0890625, 120], [-540.75390625, 127], [-535.80546875, 105], [-552.87265625, 125], [-543.8046875, 119], [-530.29296875, 115], [-551.41328125, 126], [-520.828125, 124], [-523.63828125, 116], [-519.2953125, 110], [-554.58828125, 128], [-538.2671875, 128], [-512.9109375, 118], [-517.79296875, 115], [-535.93984375, 125], [-536.41875, 123], [-530.9265625, 123], [-539.08203125, 116], [-551.334375, 122], [-515.603125, 115], [-535.59765625, 127], [-531.58984375, 108], [-524.6, 125], [-545.565625, 128], [-545.85546875, 128], [-523.2125, 120], [-537.36875, 128], [-547.39375, 124], [-545.52890625, 119], [-522.16953125, 110], [-529.7046875, 122]]}