{"episode_n": 100, "trajectory_len": 200, "trajectory_n": 320, "q_param": 0.9, "lamd": 0.99, "episode_data": [[-772.471875, 32], [-674.371875, 32], [-588.196875, 31], [-554.71875, 32], [-569.915625, 31], [-590.346875, 32], [-611.08125, 32], [-614.915625, 32], [-590.565625, 32], [-605.2875, 32], [-626.565625, 32], [-587.096875, 32], [-627.871875, 32], [-638.78125, 32], [-608.6875, 31], [-651.975, 32], [-616.45625, 31], [-607.696875, 32], [-554.415625, 32], [-644.471875, 32], [-600.846875, 32], [-621.225, 32], [-631.6625, 32], [-647.334375, 32], [-620.584375, 32], [-613.834375, 32], [-600.3125, 32], [-639.7375, 32], [-664.025, 32], [-636.75, 32], [-645.50625, 32], [-615.925, 32], [-621.371875, 32], [-624.45, 32], [-613.334375, 32], [-650.28125, 32], [-606.071875, 32], [-623.684375, 32], [-641.634375, 32], [-614.065625, 32], [-625.175, 32], [-628.76875, 32], [-618.553125, 31], [-634.465625, 32], [-626.328125, 32], [-596.053125, 30], [-619.63125, 32], [-578.271875, 32], [-625.3375, 32], [-653.98125, 32], [-621.046875, 32], [-620.509375, 32], [-634.225, 32], [-656.09375, 32], [-614.61875, 32], [-652.7875, 32], [-669.378125, 32], [-657.78125, 32], [-651.775, 32], [-606.34375, 32], [-588.390625, 32], [-624.09375, 32], [-621.428125, 32], [-590.475, 32], [-618.65, 32], [-634.35625, 32], [-595.696875, 32], [-598.671875, 32], [-624.334375, 32], [-626.09375, 32], [-589.334375, 31], [-650.1875, 32], [-620.725, 32], [-592.18125, 32], [-608.603125, 31], [-626.671875, 31], [-633.778125, 32], [-640.484375, 32], [-647.39375, 32], [-656.5125, 29], [-684.209375, 32], [-636.184375, 32], [-622.6375, 32], [-642.565625, 31], [-634.5875, 32], [-661.103125, 32], [-666.803125, 32], [-658.0875, 32], [-634.215625, 30], [-625.25625, 32], [-667.51875, 32], [-671.35625, 32], [-618.215625, 32], [-679.3125, 32], [-604.35, 32], [-615.11875, 32], [-632.775, 32], [-623.79375, 32], [-611.540625, 32], [-618.228125, 32]]}