{"episode_n": 200, "trajectory_len": 200, "trajectory_n": 30, "q_param": 0.7, "lamd": 0.99, "episode_data": [[-765.0333333333333, 8], [-719.7, 8], [-752.6333333333333, 9], [-684.0333333333333, 9], [-771.1, 7], [-696.8666666666667, 9], [-693.7333333333333, 9], [-727.9, 7], [-725.0, 6], [-742.5666666666667, 9], [-747.6, 9], [-730.2333333333333, 9], [-735.0333333333333, 9], [-710.0, 8], [-686.6666666666666, 9], [-737.1, 8], [-744.8333333333334, 9], [-686.0, 9], [-697.4666666666667, 9], [-705.1666666666666, 9], [-664.3, 9], [-731.0333333333333, 9], [-751.3666666666667, 9], [-725.9333333333333, 8], [-735.6, 9], [-711.2, 7], [-702.4666666666667, 9], [-741.0, 9], [-748.5333333333333, 9], [-754.1, 7], [-761.6, 6], [-766.1, 8], [-717.6666666666666, 8], [-723.1, 9], [-751.0, 9], [-729.2333333333333, 9], [-765.1333333333333, 9], [-767.5, 8], [-744.2333333333333, 9], [-706.0, 9], [-624.3333333333334, 8], [-614.5333333333333, 9], [-726.8, 9], [-763.3, 8], [-750.2333333333333, 9], [-752.9666666666667, 9], [-722.2666666666667, 9], [-749.6, 9], [-696.6, 9], [-715.3, 8], [-718.5333333333333, 9], [-772.6333333333333, 9], [-746.3, 9], [-723.2333333333333, 9], [-729.8333333333334, 9], [-714.6, 9], [-707.3666666666667, 8], [-706.0, 9], [-706.2, 8], [-742.1, 9], [-747.2, 9], [-750.4333333333333, 8], [-744.6, 8], [-767.9, 8], [-713.1, 9], [-748.3666666666667, 9], [-736.3, 9], [-735.4666666666667, 7], [-760.4, 9], [-787.4, 8], [-761.2333333333333, 8], [-737.6, 8], [-704.1666666666666, 9], [-699.9333333333333, 9], [-747.7333333333333, 8], [-717.0333333333333, 8], [-734.8666666666667, 9], [-709.2666666666667, 8], [-751.7, 9], [-777.1333333333333, 8], [-763.0, 9], [-764.3333333333334, 8], [-763.9333333333333, 9], [-726.3666666666667, 9], [-755.4666666666667, 9], [-740.9333333333333, 9], [-756.5, 9], [-755.3333333333334, 9], [-732.9666666666667, 9], [-711.0666666666667, 8], [-734.9333333333333, 9], [-778.2, 8], [-733.7333333333333, 7], [-717.6666666666666, 9], [-748.3333333333334, 8], [-736.8333333333334, 9], [-701.5, 9], [-727.6666666666666, 9], [-716.4333333333333, 9], [-732.5333333333333, 8], [-744.7666666666667, 8], [-729.2, 8], [-748.7, 7], [-759.5, 9], [-746.3, 8], [-717.9, 9], [-712.4333333333333, 9], [-760.6666666666666, 9], [-711.0333333333333, 9], [-770.7666666666667, 8], [-740.5666666666667, 6], [-734.4, 9], [-766.3, 8], [-706.3, 9], [-759.1333333333333, 9], [-760.4, 8], [-753.1666666666666, 9], [-753.7333333333333, 9], [-661.2, 9], [-699.2333333333333, 9], [-713.1333333333333, 9], [-738.8, 9], [-738.8666666666667, 8], [-760.1, 9], [-743.7666666666667, 9], [-704.8, 7], [-768.0, 7], [-771.5666666666667, 9], [-744.5333333333333, 8], [-664.1333333333333, 9], [-693.0, 9], [-728.7333333333333, 9], [-686.6666666666666, 9], [-725.3333333333334, 9], [-739.2333333333333, 9], [-698.0, 8], [-717.6666666666666, 9], [-756.8, 8], [-753.3, 7], [-763.3333333333334, 8], [-758.9, 8], [-745.9666666666667, 9], [-747.7333333333333, 9], [-748.8333333333334, 8], [-771.5666666666667, 6], [-754.6333333333333, 8], [-746.5666666666667, 8], [-727.3666666666667, 9], [-703.8, 7], [-746.4666666666667, 9], [-703.7, 9], [-737.8, 9], [-723.8666666666667, 9], [-735.2666666666667, 8], [-685.9, 9], [-738.5, 9], [-781.4, 9], [-763.4, 9], [-751.3333333333334, 7], [-736.3666666666667, 9], [-778.1, 9], [-743.3, 9], [-742.3666666666667, 8], [-743.7666666666667, 9], [-750.0333333333333, 9], [-692.2666666666667, 9], [-751.6333333333333, 9], [-702.7, 7], [-760.9666666666667, 9], [-722.4333333333333, 8], [-696.5333333333333, 8], [-727.7666666666667, 9], [-731.0333333333333, 8], [-747.0, 9], [-748.4666666666667, 8], [-747.5666666666667, 9], [-750.2, 9], [-757.1, 7], [-716.7666666666667, 9], [-700.7, 9], [-743.5333333333333, 9], [-724.6333333333333, 9], [-755.0, 8], [-737.5, 9], [-765.8, 9], [-770.6, 9], [-736.2666666666667, 9], [-730.4, 9], [-683.8, 9], [-711.6333333333333, 9], [-761.7666666666667, 9], [-725.3666666666667, 9], [-689.3666666666667, 9], [-724.0333333333333, 9], [-721.7333333333333, 9], [-758.7333333333333, 8], [-749.9333333333333, 9], [-757.6333333333333, 9], [-722.6333333333333, 9], [-747.5, 8]]}