{"episode_n": 100, "trajectory_len": 200, "trajectory_n": 640, "q_param": 0.9, "lamd": 0.99, "episode_data": [[-768.334375, 64], [-623.0828125, 64], [-514.0140625, 64], [-451.4546875, 64], [-492.7265625, 62], [-458.1359375, 64], [-469.628125, 62], [-485.4984375, 63], [-556.0421875, 64], [-587.684375, 64], [-574.284375, 64], [-563.55, 63], [-601.7015625, 64], [-606.4625, 64], [-610.55625, 64], [-607.6859375, 61], [-585.359375, 62], [-617.1828125, 64], [-594.9546875, 64], [-606.278125, 64], [-574.1796875, 64], [-600.0609375, 64], [-597.609375, 64], [-619.5984375, 64], [-584.2890625, 63], [-597.28125, 63], [-605.3453125, 64], [-620.4765625, 63], [-626.8171875, 63], [-620.5171875, 64], [-629.8328125, 64], [-625.59375, 62], [-655.4046875, 64], [-642.06875, 63], [-652.434375, 63], [-651.896875, 64], [-647.3546875, 64], [-655.178125, 64], [-638.2953125, 64], [-644.6703125, 63], [-657.99375, 63], [-644.978125, 64], [-647.2421875, 64], [-634.05, 64], [-634.4921875, 63], [-650.0203125, 63], [-619.8578125, 64], [-630.6671875, 64], [-634.8828125, 62], [-621.7796875, 62], [-644.4453125, 64], [-622.478125, 64], [-628.028125, 64], [-637.0921875, 64], [-630.79375, 64], [-626.6734375, 64], [-638.3796875, 64], [-643.8375, 64], [-632.5671875, 64], [-652.2875, 64], [-656.8328125, 63], [-622.5953125, 63], [-630.6125, 64], [-641.5984375, 64], [-630.1390625, 64], [-640.6875, 64], [-642.365625, 63], [-657.971875, 64], [-636.003125, 63], [-643.3390625, 64], [-638.95, 64], [-656.1640625, 64], [-648.721875, 64], [-645.2, 64], [-633.8625, 64], [-614.196875, 64], [-613.275, 62], [-621.7828125, 64], [-645.21875, 64], [-627.8921875, 63], [-629.6890625, 64], [-646.6765625, 64], [-646.9109375, 64], [-646.54375, 64], [-649.884375, 64], [-639.35625, 63], [-648.4953125, 64], [-634.846875, 64], [-632.06875, 64], [-604.928125, 64], [-595.2046875, 64], [-620.453125, 64], [-591.478125, 64], [-593.465625, 64], [-602.9953125, 63], [-621.5265625, 64], [-615.65625, 64], [-611.6796875, 62], [-614.4359375, 64], [-592.0609375, 64]]}