{"episode_n": 20, "trajectory_len": 200, "trajectory_n": 640, "q_param": 0.99, "lamd": 0.99, "episode_data": [[-762.940625, 7], [-720.2921875, 7], [-727.9515625, 7], [-744.13125, 7], [-724.5015625, 7], [-726.928125, 7], [-728.5359375, 7], [-734.565625, 7], [-740.3546875, 7], [-714.3359375, 7], [-708.415625, 7], [-709.040625, 7], [-712.5640625, 7], [-707.59375, 7], [-728.56875, 5], [-721.9828125, 7], [-728.3515625, 7], [-727.64375, 7], [-720.6, 7], [-722.9328125, 7]]}