{"episode_n": 100, "trajectory_len": 200, "trajectory_n": 2560, "q_param": 0.5, "lamd": 0.5, "episode_data": [[-770.105078125, 1257], [-711.40234375, 1214], [-642.67109375, 1210], [-561.152734375, 1210], [-466.169921875, 1280], [-357.277734375, 1276], [-226.038671875, 1271], [-135.86640625, 1272], [-85.115625, 1274], [-53.3046875, 1259], [-33.285546875, 1246], [-20.943359375, 1259], [-12.411328125, 1242], [-7.152734375, 1204], [-4.224609375, 1255], [-4.858984375, 1191], [-6.58203125, 1206], [-7.3796875, 1155], [-19.6453125, 1258], [-18.608203125, 1220], [-16.321484375, 1252], [-20.1890625, 1264], [-25.296875, 1200], [-38.84765625, 1261], [-24.4078125, 1259], [-31.85703125, 1271], [-33.734375, 1222], [-33.544140625, 1280], [-31.8515625, 1182], [-41.18125, 1258], [-26.60234375, 1226], [-34.426953125, 1205], [-31.23984375, 1211], [-37.99140625, 1231], [-38.480078125, 1232], [-41.6203125, 1260], [-32.073046875, 1252], [-32.2671875, 1266], [-37.50703125, 1195], [-52.120703125, 1220], [-57.5953125, 1280], [-36.80546875, 1259], [-50.6046875, 1247], [-48.203125, 1249], [-27.666796875, 1255], [-29.92734375, 1247], [-39.924609375, 1272], [-35.757421875, 1278], [-44.7328125, 1202], [-49.246875, 1203], [-32.33359375, 1265], [-46.82578125, 1212], [-45.130859375, 1213], [-38.26953125, 1244], [-44.76484375, 1261], [-30.684375, 1268], [-29.77734375, 1258], [-25.912109375, 1263], [-26.088671875, 1117], [-53.422265625, 1265], [-27.792578125, 1207], [-30.940234375, 1194], [-35.930078125, 1203], [-36.876171875, 1209], [-30.107421875, 1262], [-29.02578125, 1231], [-33.6390625, 1207], [-35.676953125, 1225], [-34.30703125, 1210], [-31.256640625, 1216], [-39.7640625, 1219], [-40.728515625, 1224], [-44.92890625, 1242], [-39.770703125, 1242], [-40.028515625, 1253], [-37.35859375, 1256], [-40.4859375, 1242], [-52.951171875, 1227], [-40.354296875, 1235], [-30.68671875, 1225], [-39.662890625, 1226], [-45.009375, 1220], [-40.50703125, 1195], [-37.647265625, 1258], [-33.5546875, 1243], [-25.5015625, 1280], [-19.022265625, 1276], [-24.825390625, 1116], [-49.613671875, 1239], [-31.937109375, 1280], [-41.34375, 1258], [-31.753515625, 1275], [-25.947265625, 1219], [-36.725390625, 1231], [-27.96484375, 1174], [-52.535546875, 1248], [-40.175, 1225], [-46.38515625, 1181], [-47.184765625, 1195], [-29.762109375, 1240]]}