{"episode_n": 100, "trajectory_len": 200, "trajectory_n": 1280, "q_param": 0.9, "lamd": 0.99, "episode_data": [[-767.85859375, 115], [-610.3484375, 128], [-404.80546875, 128], [-316.278125, 127], [-308.9359375, 128], [-356.5765625, 128], [-390.4, 125], [-390.77265625, 124], [-490.13203125, 124], [-498.58828125, 128], [-501.39765625, 125], [-524.06484375, 124], [-562.58984375, 126], [-556.4921875, 125], [-559.38984375, 128], [-580.5546875, 125], [-564.64296875, 128], [-587.98359375, 123], [-577.6921875, 127], [-580.88984375, 125], [-592.92109375, 124], [-588.2890625, 128], [-599.81796875, 128], [-595.078125, 128], [-606.9125, 128], [-604.65, 126], [-602.51953125, 128], [-593.23515625, 124], [-591.5484375, 127], [-622.7546875, 126], [-637.96953125, 128], [-644.303125, 124], [-647.34609375, 124], [-643.65546875, 127], [-630.10390625, 127], [-647.365625, 127], [-650.825, 128], [-626.95625, 127], [-639.91640625, 127], [-646.70703125, 126], [-641.01484375, 127], [-644.18671875, 127], [-634.9125, 128], [-635.6265625, 127], [-632.746875, 127], [-641.015625, 127], [-640.646875, 128], [-650.178125, 128], [-637.72421875, 126], [-643.9109375, 126], [-646.38125, 126], [-625.1328125, 128], [-633.35703125, 120], [-652.1546875, 125], [-652.0640625, 126], [-636.48515625, 127], [-625.86171875, 128], [-638.6625, 127], [-647.9953125, 128], [-638.58125, 125], [-639.54921875, 128], [-622.66875, 123], [-631.48671875, 126], [-636.15390625, 127], [-640.2515625, 123], [-652.2, 127], [-641.4984375, 128], [-652.50625, 127], [-652.18671875, 128], [-631.23046875, 127], [-633.190625, 126], [-646.94765625, 128], [-653.58515625, 127], [-649.815625, 127], [-623.60703125, 124], [-642.1203125, 123], [-632.21015625, 128], [-635.0421875, 128], [-637.86171875, 126], [-646.2515625, 126], [-625.02265625, 125], [-620.83046875, 128], [-643.1484375, 126], [-649.95625, 125], [-646.5984375, 127], [-647.28984375, 126], [-635.890625, 125], [-654.5578125, 127], [-639.859375, 127], [-639.7078125, 126], [-652.1859375, 128], [-637.19921875, 128], [-647.9265625, 127], [-638.2890625, 125], [-634.31640625, 127], [-637.4671875, 128], [-643.0609375, 128], [-641.3421875, 126], [-620.1515625, 128], [-639.9296875, 122]]}