{"episode_n": 100, "trajectory_len": 200, "trajectory_n": 160, "q_param": 0.9, "lamd": 0.5, "episode_data": [[-781.04375, 16], [-707.45625, 16], [-626.29375, 16], [-602.2125, 16], [-615.95625, 16], [-612.275, 16], [-592.58125, 16], [-606.24375, 16], [-638.425, 16], [-623.26875, 16], [-628.125, 16], [-605.89375, 16], [-652.6, 16], [-570.8125, 16], [-653.7, 16], [-635.6, 16], [-637.79375, 16], [-629.90625, 16], [-625.78125, 16], [-658.64375, 16], [-673.9875, 16], [-654.20625, 16], [-648.16875, 16], [-678.0875, 16], [-666.39375, 16], [-669.8375, 16], [-676.175, 16], [-631.175, 16], [-668.15, 16], [-660.725, 16], [-655.84375, 16], [-682.81875, 16], [-638.08125, 16], [-581.575, 16], [-660.65, 16], [-641.25625, 16], [-581.60625, 15], [-609.83125, 15], [-630.35625, 16], [-661.4875, 16], [-645.9, 16], [-643.15625, 16], [-637.76875, 16], [-657.80625, 16], [-640.2625, 16], [-555.46875, 16], [-698.7, 16], [-685.53125, 16], [-653.025, 16], [-623.7, 16], [-613.9125, 16], [-646.99375, 16], [-641.88125, 16], [-616.45625, 16], [-632.4, 16], [-567.46875, 16], [-641.80625, 15], [-700.9375, 16], [-646.675, 15], [-627.1, 16], [-580.23125, 16], [-616.1875, 16], [-625.9625, 16], [-596.225, 16], [-587.09375, 16], [-606.9, 16], [-590.29375, 16], [-650.40625, 16], [-583.00625, 16], [-616.06875, 16], [-654.675, 16], [-580.71875, 16], [-624.0625, 16], [-657.85, 16], [-643.64375, 16], [-670.45625, 16], [-660.4125, 15], [-637.71875, 16], [-601.76875, 16], [-612.0125, 16], [-692.6375, 16], [-638.51875, 16], [-630.88125, 16], [-642.6875, 16], [-612.68125, 16], [-632.14375, 16], [-672.94375, 16], [-623.8625, 16], [-644.6875, 16], [-651.4875, 16], [-660.10625, 16], [-632.275, 16], [-615.675, 16], [-644.53125, 16], [-630.275, 16], [-646.26875, 16], [-645.44375, 16], [-594.31875, 16], [-663.93125, 16], [-644.48125, 16]]}