{"episode_n": 100, "trajectory_len": 200, "trajectory_n": 640, "q_param": 0.8, "lamd": 0.1, "episode_data": [[-768.68125, 118], [-647.6671875, 124], [-433.4125, 126], [-208.2921875, 126], [-129.846875, 125], [-126.0359375, 127], [-118.9125, 128], [-128.878125, 124], [-133.034375, 116], [-196.5046875, 121], [-231.8140625, 125], [-232.1078125, 114], [-270.1859375, 127], [-238.95, 121], [-271.9875, 121], [-253.0640625, 127], [-257.290625, 126], [-261.190625, 126], [-277.5578125, 122], [-282.6671875, 119], [-295.190625, 126], [-321.9375, 126], [-390.646875, 128], [-371.9359375, 124], [-367.959375, 126], [-368.43125, 123], [-408.3421875, 114], [-419.115625, 127], [-463.496875, 126], [-426.096875, 119], [-479.1625, 127], [-420.2203125, 126], [-398.8046875, 126], [-444.00625, 128], [-407.775, 119], [-442.2265625, 127], [-446.8203125, 107], [-438.58125, 126], [-448.0359375, 126], [-431.63125, 112], [-441.234375, 127], [-430.1109375, 128], [-446.18125, 112], [-439.009375, 112], [-434.6375, 128], [-443.2890625, 125], [-460.5921875, 118], [-419.3390625, 128], [-426.759375, 109], [-457.340625, 128], [-431.7109375, 122], [-441.4859375, 127], [-412.10625, 111], [-441.415625, 128], [-392.7171875, 110], [-480.9015625, 124], [-420.6796875, 126], [-439.1953125, 124], [-421.8625, 125], [-418.509375, 127], [-415.2765625, 126], [-416.53125, 128], [-415.33125, 123], [-440.646875, 124], [-443.13125, 125], [-438.9734375, 126], [-431.4265625, 127], [-406.365625, 114], [-434.7296875, 120], [-470.546875, 124], [-405.4203125, 128], [-440.6390625, 123], [-434.765625, 118], [-444.209375, 126], [-431.7296875, 126], [-439.5609375, 125], [-403.909375, 111], [-481.359375, 128], [-421.796875, 127], [-450.4109375, 116], [-458.925, 127], [-458.675, 127], [-443.6984375, 128], [-447.5390625, 123], [-475.4125, 126], [-435.1765625, 120], [-470.990625, 124], [-470.7984375, 127], [-454.2796875, 121], [-479.8875, 124], [-476.040625, 127], [-470.0078125, 128], [-470.1625, 127], [-476.93125, 123], [-455.240625, 126], [-460.815625, 121], [-477.653125, 127], [-459.509375, 123], [-483.6484375, 126], [-457.209375, 126]]}