{"episode_n": 200, "trajectory_len": 200, "trajectory_n": 30, "q_param": 0.1, "lamd": 0.99, "episode_data": [[-772.3, 27], [-776.9333333333333, 27], [-766.2666666666667, 27], [-770.6, 27], [-776.3, 27], [-744.3333333333334, 26], [-713.4333333333333, 27], [-735.4, 27], [-764.9, 26], [-729.8333333333334, 26], [-731.6666666666666, 27], [-740.9666666666667, 27], [-720.5333333333333, 27], [-758.1666666666666, 27], [-762.4, 27], [-744.8333333333334, 27], [-738.6666666666666, 25], [-739.3, 26], [-761.7333333333333, 27], [-720.2666666666667, 27], [-731.0333333333333, 27], [-760.7, 27], [-765.5, 27], [-789.4, 27], [-752.3666666666667, 27], [-740.9333333333333, 27], [-709.1666666666666, 27], [-741.5, 27], [-751.1, 27], [-751.5333333333333, 27], [-762.4666666666667, 27], [-749.2666666666667, 27], [-769.2333333333333, 26], [-753.2, 26], [-749.6, 25], [-740.8666666666667, 26], [-755.6, 27], [-758.9, 27], [-766.2, 27], [-744.7666666666667, 27], [-757.2, 26], [-743.4666666666667, 27], [-776.6, 27], [-757.7, 27], [-735.0, 27], [-742.1, 27], [-707.0, 27], [-718.0333333333333, 27], [-700.1333333333333, 27], [-727.2666666666667, 26], [-746.6, 26], [-769.1, 27], [-754.7, 26], [-762.8, 27], [-725.2666666666667, 27], [-757.2333333333333, 27], [-734.4, 27], [-738.8, 27], [-707.1666666666666, 27], [-686.3666666666667, 27], [-739.0, 26], [-773.0, 27], [-768.9, 27], [-756.7, 27], [-758.5, 25], [-732.1666666666666, 27], [-716.9, 27], [-717.9, 27], [-755.7666666666667, 27], [-732.0, 27], [-711.9, 26], [-745.4, 26], [-724.5333333333333, 27], [-729.0666666666667, 27], [-741.8333333333334, 27], [-742.9333333333333, 27], [-766.7, 26], [-761.3333333333334, 27], [-714.3333333333334, 27], [-736.7, 26], [-756.2333333333333, 27], [-735.1666666666666, 27], [-758.9, 27], [-736.5, 27], [-739.8333333333334, 27], [-708.1333333333333, 27], [-752.6, 27], [-783.2, 27], [-740.6666666666666, 26], [-718.7, 27], [-713.6, 27], [-707.7, 27], [-713.2333333333333, 27], [-645.7333333333333, 27], [-699.3, 27], [-715.2, 26], [-704.0666666666667, 26], [-740.9333333333333, 27], [-767.8, 27], [-756.6333333333333, 27], [-738.3333333333334, 27], [-731.3333333333334, 27], [-740.3, 27], [-749.2666666666667, 27], [-734.4666666666667, 27], [-749.6, 27], [-728.3666666666667, 27], [-707.0, 27], [-709.7, 27], [-732.1333333333333, 27], [-768.2, 27], [-736.4, 27], [-717.9666666666667, 27], [-736.5333333333333, 27], [-720.7, 27], [-731.4666666666667, 26], [-720.7, 27], [-740.6666666666666, 27], [-742.9666666666667, 27], [-780.6, 27], [-739.4666666666667, 27], [-779.0, 27], [-750.4, 27], [-761.1666666666666, 27], [-775.1, 27], [-748.2333333333333, 27], [-740.4, 27], [-736.7666666666667, 25], [-727.0666666666667, 27], [-759.1333333333333, 27], [-753.5333333333333, 27], [-731.7333333333333, 27], [-745.1, 27], [-730.0333333333333, 27], [-700.6, 26], [-705.5333333333333, 27], [-734.6, 26], [-730.5, 26], [-745.4, 27], [-759.5, 26], [-791.6, 27], [-769.7, 27], [-748.5666666666667, 23], [-735.1, 26], [-763.0, 27], [-742.0666666666667, 27], [-758.3, 27], [-741.7333333333333, 26], [-764.2666666666667, 27], [-711.0666666666667, 27], [-795.5, 27], [-784.9, 26], [-770.0, 27], [-791.0, 27], [-736.4666666666667, 27], [-719.2666666666667, 27], [-756.8, 26], [-746.6, 27], [-762.5, 27], [-761.9, 26], [-755.1, 27], [-748.6, 27], [-752.0, 27], [-735.8, 26], [-753.0666666666667, 27], [-702.8, 27], [-775.9, 27], [-786.8, 27], [-781.1333333333333, 27], [-754.7, 27], [-730.2333333333333, 27], [-693.6333333333333, 25], [-711.7666666666667, 27], [-682.9666666666667, 27], [-714.5, 27], [-721.7333333333333, 27], [-692.5333333333333, 27], [-729.2666666666667, 27], [-736.8333333333334, 27], [-731.7666666666667, 27], [-735.5666666666667, 27], [-759.8, 26], [-761.7, 27], [-738.2333333333333, 27], [-736.6333333333333, 27], [-702.6333333333333, 27], [-697.7666666666667, 27], [-736.3333333333334, 27], [-751.3, 27], [-707.9333333333333, 26], [-710.8666666666667, 26], [-723.6, 27], [-757.1, 27], [-715.5, 27], [-717.4, 27], [-726.7666666666667, 26], [-727.8, 27], [-701.9, 27], [-685.7, 27], [-724.0666666666667, 27]]}