{"episode_n": 100, "trajectory_len": 200, "trajectory_n": 160, "q_param": 0.2, "lamd": 0.3, "episode_data": [[-768.21875, 125], [-749.4375, 127], [-715.36875, 125], [-688.09375, 127], [-654.3, 125], [-643.29375, 127], [-612.45, 126], [-592.1875, 127], [-568.59375, 127], [-550.11875, 128], [-528.7875, 126], [-513.2375, 128], [-487.48125, 125], [-486.1, 124], [-472.2625, 125], [-439.71875, 126], [-419.7375, 127], [-418.00625, 121], [-394.06875, 125], [-411.425, 124], [-397.925, 128], [-372.44375, 127], [-372.0625, 124], [-370.3125, 124], [-351.7125, 127], [-349.41875, 128], [-357.34375, 128], [-348.6375, 121], [-350.10625, 128], [-330.84375, 127], [-331.2625, 126], [-323.15, 124], [-307.26875, 123], [-305.475, 127], [-300.275, 127], [-288.4625, 127], [-292.23125, 124], [-295.66875, 124], [-273.70625, 126], [-276.75, 127], [-271.3875, 127], [-262.725, 126], [-257.93125, 124], [-249.01875, 127], [-249.5375, 128], [-260.925, 125], [-268.425, 124], [-259.65625, 128], [-232.7125, 128], [-219.0625, 124], [-225.84375, 128], [-236.875, 127], [-218.275, 128], [-249.9875, 128], [-193.81875, 127], [-217.125, 125], [-233.5375, 124], [-206.49375, 128], [-225.5125, 127], [-214.0, 127], [-200.71875, 126], [-203.9375, 125], [-190.55625, 125], [-161.78125, 127], [-167.0, 128], [-172.7875, 127], [-184.4125, 128], [-161.975, 128], [-160.85, 124], [-165.36875, 127], [-158.76875, 128], [-160.08125, 127], [-169.275, 128], [-154.15, 126], [-168.9375, 123], [-156.39375, 128], [-171.66875, 128], [-176.575, 126], [-159.0125, 128], [-187.03125, 128], [-162.3, 128], [-220.38125, 128], [-208.2125, 128], [-219.4, 128], [-233.23125, 128], [-235.375, 128], [-169.5625, 128], [-159.08125, 128], [-184.2625, 128], [-162.625, 128], [-161.78125, 128], [-158.64375, 128], [-173.94375, 128], [-151.725, 128], [-148.1125, 128], [-143.675, 124], [-150.05625, 128], [-135.63125, 128], [-130.09375, 128], [-125.2875, 128]]}