{"episode_n": 200, "trajectory_len": 200, "trajectory_n": 30, "q_param": 0.99, "lamd": 0.99, "episode_data": [[-779.7, 1], [-766.0333333333333, 1], [-790.1333333333333, 0], [-704.4, 1], [-771.5, 1], [-779.9, 1], [-794.6, 1], [-749.3, 1], [-712.1, 1], [-758.4, 1], [-784.1333333333333, 1], [-739.1, 1], [-780.1, 1], [-673.9, 1], [-731.9666666666667, 1], [-742.8, 1], [-760.6666666666666, 1], [-756.4333333333333, 1], [-748.4, 1], [-780.9, 0], [-776.9666666666667, 1], [-713.3666666666667, 1], [-731.1333333333333, 1], [-729.4666666666667, 1], [-786.5666666666667, 1], [-751.9666666666667, 1], [-726.2333333333333, 1], [-770.0333333333333, 1], [-776.9, 1], [-784.3333333333334, 1], [-745.9333333333333, 1], [-766.7333333333333, 1], [-682.5333333333333, 1], [-738.4333333333333, 1], [-743.4333333333333, 1], [-774.6, 1], [-668.0666666666667, 1], [-774.3, 1], [-779.5666666666667, 1], [-788.6666666666666, 1], [-755.4333333333333, 1], [-757.3666666666667, 1], [-736.0666666666667, 1], [-776.6, 1], [-750.5333333333333, 1], [-750.2, 1], [-776.2333333333333, 1], [-743.2666666666667, 1], [-781.7, 1], [-786.0666666666667, 1], [-705.3333333333334, 1], [-750.5333333333333, 1], [-776.7, 1], [-755.3333333333334, 1], [-766.3, 0], [-798.3333333333334, 1], [-765.8666666666667, 1], [-752.3333333333334, 1], [-747.0666666666667, 1], [-783.7, 1], [-764.4333333333333, 1], [-755.6, 1], [-719.2666666666667, 1], [-726.6, 1], [-736.7, 1], [-740.7666666666667, 1], [-749.2333333333333, 1], [-773.4666666666667, 1], [-743.2, 1], [-769.6666666666666, 1], [-766.3666666666667, 1], [-746.5333333333333, 1], [-745.7333333333333, 1], [-753.4666666666667, 1], [-796.5666666666667, 1], [-763.3, 1], [-754.9333333333333, 1], [-768.4333333333333, 1], [-777.5, 1], [-785.7333333333333, 1], [-792.2, 1], [-784.6, 1], [-730.1333333333333, 1], [-769.9666666666667, 1], [-768.0333333333333, 1], [-780.5666666666667, 1], [-777.5333333333333, 1], [-746.8, 1], [-759.3, 1], [-732.7666666666667, 1], [-777.6, 1], [-758.1, 1], [-734.4333333333333, 1], [-774.7333333333333, 1], [-763.9666666666667, 1], [-789.1666666666666, 1], [-743.4666666666667, 1], [-775.1, 1], [-767.6666666666666, 1], [-765.1, 1], [-724.8, 1], [-773.6, 1], [-779.0333333333333, 1], [-783.5, 0], [-729.1666666666666, 1], [-767.0, 1], [-770.2, 1], [-737.5, 1], [-763.6333333333333, 1], [-763.6333333333333, 1], [-773.9333333333333, 1], [-778.4, 1], [-752.8666666666667, 1], [-757.6666666666666, 1], [-732.5, 1], [-770.6, 0], [-795.6, 1], [-776.9666666666667, 1], [-788.6666666666666, 1], [-776.9, 1], [-803.0, 1], [-772.1, 1], [-771.5, 1], [-752.0333333333333, 1], [-782.9666666666667, 1], [-751.9, 1], [-757.1, 1], [-782.6666666666666, 1], [-767.0, 1], [-780.4333333333333, 1], [-762.1, 1], [-761.0, 1], [-774.9333333333333, 1], [-766.8, 1], [-705.9333333333333, 1], [-729.0333333333333, 1], [-756.8, 1], [-760.9666666666667, 1], [-787.4, 1], [-768.0333333333333, 1], [-749.9333333333333, 1], [-779.2666666666667, 1], [-788.4, 1], [-746.4666666666667, 1], [-721.4333333333333, 1], [-739.0, 1], [-759.4, 1], [-761.9666666666667, 1], [-772.8666666666667, 1], [-762.5333333333333, 1], [-793.8333333333334, 1], [-770.6666666666666, 1], [-730.9666666666667, 1], [-725.4333333333333, 1], [-748.3666666666667, 1], [-771.5, 1], [-774.0666666666667, 1], [-752.9, 1], [-786.1, 1], [-763.0666666666667, 1], [-753.6666666666666, 1], [-774.8, 1], [-775.7666666666667, 1], [-790.2, 1], [-780.9333333333333, 0], [-774.8, 1], [-713.7666666666667, 1], [-750.4333333333333, 1], [-757.3, 1], [-775.6, 1], [-781.4333333333333, 1], [-759.0, 1], [-756.3333333333334, 1], [-738.9333333333333, 1], [-755.2333333333333, 1], [-783.2, 1], [-749.0333333333333, 1], [-783.9666666666667, 1], [-754.2, 1], [-756.9333333333333, 1], [-749.3666666666667, 1], [-738.3666666666667, 1], [-772.0, 1], [-772.7, 1], [-779.6, 1], [-766.5666666666667, 1], [-744.3333333333334, 1], [-783.8, 1], [-755.5333333333333, 1], [-739.8, 1], [-719.9, 1], [-778.7, 1], [-739.4666666666667, 1], [-790.4, 1], [-759.7666666666667, 1], [-763.6666666666666, 1], [-728.3333333333334, 1], [-765.1333333333333, 1], [-780.5666666666667, 1], [-738.1, 1]]}