{"episode_n": 100, "trajectory_len": 200, "trajectory_n": 640, "q_param": 0.5, "lamd": 0.1, "episode_data": [[-765.5546875, 313], [-699.7453125, 299], [-619.28125, 314], [-551.8125, 317], [-461.696875, 316], [-348.4953125, 320], [-234.6234375, 320], [-133.6765625, 317], [-92.9296875, 319], [-58.303125, 319], [-41.7609375, 315], [-25.5484375, 317], [-19.51875, 317], [-14.5296875, 319], [-10.678125, 315], [-9.8203125, 316], [-14.2546875, 291], [-35.934375, 301], [-47.165625, 313], [-36.2734375, 318], [-50.7328125, 318], [-45.91875, 318], [-33.5359375, 295], [-54.98125, 313], [-24.1875, 312], [-52.9015625, 314], [-45.05, 284], [-52.6671875, 312], [-43.2125, 319], [-31.3625, 299], [-43.3609375, 313], [-35.834375, 300], [-43.0765625, 313], [-27.7609375, 314], [-44.884375, 320], [-41.021875, 309], [-42.890625, 313], [-37.2625, 314], [-38.4046875, 293], [-52.796875, 314], [-47.76875, 313], [-40.4625, 313], [-52.846875, 313], [-62.3328125, 319], [-55.2609375, 295], [-56.5671875, 320], [-46.709375, 297], [-28.9265625, 319], [-19.0328125, 295], [-29.678125, 310], [-53.7125, 306], [-44.7640625, 317], [-33.896875, 306], [-33.815625, 319], [-31.5296875, 313], [-29.5453125, 314], [-52.9234375, 310], [-62.578125, 313], [-75.040625, 316], [-50.6984375, 315], [-33.884375, 315], [-32.4125, 311], [-44.9296875, 318], [-49.18125, 312], [-67.584375, 315], [-89.109375, 306], [-57.23125, 309], [-69.8296875, 314], [-67.9671875, 288], [-140.2015625, 317], [-69.3109375, 318], [-91.0828125, 308], [-83.3921875, 310], [-97.425, 311], [-76.828125, 320], [-58.4796875, 314], [-59.95, 301], [-64.2578125, 298], [-82.815625, 310], [-77.89375, 318], [-54.8046875, 308], [-64.6390625, 317], [-36.5515625, 303], [-68.3375, 315], [-60.4578125, 315], [-59.66875, 319], [-62.3265625, 311], [-48.9046875, 289], [-59.371875, 306], [-52.5734375, 282], [-72.5265625, 320], [-41.7171875, 317], [-44.78125, 309], [-53.35, 313], [-46.5828125, 320], [-34.8859375, 301], [-37.128125, 310], [-35.81875, 308], [-60.0984375, 316], [-51.515625, 299]]}