{"episode_n": 20, "trajectory_len": 200, "trajectory_n": 640, "q_param": 0.2, "lamd": 0.99, "episode_data": [[-775.746875, 493], [-751.2953125, 492], [-722.9375, 507], [-696.015625, 494], [-675.840625, 512], [-660.953125, 484], [-635.9859375, 493], [-605.965625, 507], [-585.7734375, 506], [-560.3375, 491], [-537.296875, 507], [-513.3765625, 486], [-497.75625, 510], [-472.70625, 485], [-449.6875, 505], [-438.5703125, 492], [-418.0125, 488], [-392.4125, 509], [-384.690625, 508], [-362.0546875, 497]]}