{"episode_n": 100, "trajectory_len": 200, "trajectory_n": 640, "q_param": 0.4, "lamd": 0.1, "episode_data": [[-777.3421875, 365], [-728.6546875, 352], [-673.3, 374], [-617.3875, 365], [-547.44375, 360], [-481.5015625, 383], [-415.8328125, 384], [-353.409375, 384], [-293.8875, 383], [-214.334375, 384], [-150.9578125, 382], [-97.1828125, 380], [-65.140625, 384], [-44.98125, 379], [-32.18125, 383], [-19.9359375, 379], [-16.221875, 384], [-11.7234375, 380], [-7.0125, 365], [-6.828125, 371], [-10.1390625, 364], [-9.296875, 383], [-6.271875, 357], [-11.0171875, 367], [-8.89375, 375], [-8.2671875, 353], [-11.5109375, 377], [-5.678125, 369], [-7.3765625, 378], [-6.7125, 365], [-12.428125, 373], [-8.8046875, 377], [-9.6015625, 375], [-6.6078125, 376], [-9.1953125, 372], [-7.6015625, 358], [-13.828125, 369], [-11.8921875, 380], [-13.7921875, 365], [-9.340625, 377], [-12.8484375, 383], [-15.6640625, 364], [-21.5703125, 381], [-11.2421875, 381], [-9.984375, 382], [-18.534375, 379], [-14.6109375, 362], [-21.153125, 384], [-14.4078125, 356], [-27.0234375, 381], [-9.4078125, 379], [-6.4, 377], [-13.171875, 363], [-27.775, 380], [-17.4359375, 373], [-23.9921875, 377], [-5.8375, 380], [-6.346875, 373], [-12.3671875, 377], [-12.1265625, 376], [-18.4890625, 377], [-24.6046875, 381], [-28.709375, 366], [-29.66875, 383], [-23.825, 384], [-17.428125, 381], [-15.66875, 363], [-33.359375, 378], [-18.0453125, 358], [-25.33125, 384], [-6.8953125, 364], [-6.91875, 381], [-5.5296875, 382], [-7.5765625, 366], [-7.234375, 366], [-11.071875, 376], [-6.346875, 366], [-7.0625, 358], [-17.3734375, 384], [-8.546875, 384], [-13.9125, 373], [-12.3359375, 359], [-16.946875, 369], [-24.7796875, 369], [-27.2671875, 370], [-18.2953125, 365], [-26.178125, 364], [-22.9734375, 378], [-13.5984375, 382], [-15.615625, 380], [-19.059375, 366], [-13.5125, 378], [-6.6109375, 361], [-6.815625, 366], [-16.34375, 369], [-8.20625, 363], [-23.6359375, 380], [-21.1640625, 382], [-23.225, 373], [-21.365625, 375]]}