{"episode_n": 20, "trajectory_len": 200, "trajectory_n": 640, "q_param": 0.9, "lamd": 0.99, "episode_data": [[-765.865625, 56], [-657.934375, 64], [-523.55, 63], [-441.8125, 63], [-463.5625, 64], [-473.703125, 64], [-529.4390625, 64], [-536.3265625, 64], [-547.709375, 64], [-541.5125, 64], [-584.56875, 63], [-579.6078125, 64], [-546.5703125, 64], [-561.925, 64], [-557.0421875, 64], [-573.7671875, 63], [-581.45625, 64], [-596.503125, 63], [-609.79375, 64], [-597.1828125, 63]]}