{"episode_n": 100, "trajectory_len": 200, "trajectory_n": 640, "q_param": 0.9, "lamd": 0.5, "episode_data": [[-770.959375, 58], [-604.58125, 64], [-393.3046875, 63], [-321.4390625, 64], [-329.5453125, 62], [-391.825, 64], [-441.040625, 64], [-448.025, 60], [-487.6234375, 63], [-469.134375, 64], [-446.1734375, 64], [-463.8609375, 64], [-495.409375, 64], [-494.028125, 64], [-558.4015625, 64], [-549.19375, 63], [-551.59375, 63], [-511.653125, 64], [-559.7234375, 63], [-572.8296875, 64], [-561.5765625, 64], [-559.790625, 61], [-575.253125, 64], [-565.9921875, 64], [-573.6109375, 64], [-577.60625, 56], [-600.228125, 64], [-608.99375, 64], [-600.8109375, 64], [-581.7875, 63], [-613.384375, 63], [-581.765625, 64], [-561.8734375, 64], [-553.5140625, 64], [-596.4171875, 64], [-608.7515625, 63], [-576.5453125, 60], [-572.834375, 62], [-579.6703125, 64], [-598.6359375, 64], [-581.0015625, 63], [-609.2453125, 64], [-592.7953125, 62], [-597.209375, 63], [-587.2953125, 63], [-586.3375, 64], [-587.0375, 64], [-584.715625, 64], [-591.05625, 64], [-581.184375, 60], [-602.2125, 63], [-594.6875, 62], [-621.525, 64], [-632.871875, 63], [-627.1109375, 64], [-652.6609375, 64], [-651.1984375, 64], [-662.0875, 64], [-633.215625, 64], [-636.4921875, 63], [-626.475, 63], [-634.8953125, 64], [-626.45625, 64], [-642.2, 62], [-641.971875, 64], [-653.9671875, 64], [-633.9703125, 63], [-645.5359375, 62], [-634.121875, 64], [-644.1234375, 64], [-630.234375, 64], [-619.0671875, 63], [-651.50625, 64], [-641.8015625, 63], [-640.4140625, 64], [-635.63125, 64], [-628.021875, 64], [-640.678125, 63], [-657.4734375, 64], [-638.0546875, 64], [-649.6828125, 64], [-642.834375, 63], [-642.4734375, 64], [-641.646875, 64], [-641.8640625, 63], [-644.7890625, 64], [-639.496875, 63], [-641.8640625, 64], [-633.3, 64], [-647.3921875, 61], [-634.9, 61], [-611.78125, 64], [-647.8546875, 62], [-655.0828125, 63], [-654.4453125, 63], [-657.95625, 63], [-634.559375, 64], [-651.3703125, 63], [-640.1171875, 61], [-638.9359375, 63]]}