{"episode_n": 20, "trajectory_len": 200, "trajectory_n": 640, "q_param": 0.7, "lamd": 0.99, "episode_data": [[-773.4484375, 186], [-692.1421875, 174], [-607.6453125, 182], [-517.1015625, 192], [-401.5453125, 192], [-317.4515625, 189], [-248.696875, 190], [-243.8625, 192], [-231.371875, 188], [-287.1375, 192], [-247.5859375, 189], [-284.571875, 192], [-334.3515625, 192], [-331.4046875, 192], [-298.4390625, 190], [-300.4265625, 191], [-319.7125, 192], [-313.3578125, 190], [-339.9984375, 190], [-348.8078125, 190]]}