{"episode_n": 100, "trajectory_len": 200, "trajectory_n": 1280, "q_param": 0.9, "lamd": 0.8, "episode_data": [[-770.16328125, 114], [-617.4859375, 128], [-419.2359375, 128], [-333.98359375, 128], [-332.26796875, 128], [-359.996875, 127], [-377.3515625, 121], [-400.55703125, 126], [-431.2796875, 127], [-494.25859375, 126], [-484.7078125, 125], [-474.82265625, 119], [-502.41953125, 125], [-515.07890625, 126], [-517.61484375, 127], [-531.178125, 127], [-565.17421875, 128], [-572.85234375, 128], [-586.86640625, 127], [-594.50703125, 126], [-558.00859375, 126], [-584.3828125, 126], [-588.7703125, 128], [-572.80703125, 128], [-571.08515625, 123], [-582.2203125, 125], [-579.3625, 128], [-589.4921875, 124], [-571.7375, 125], [-590.6390625, 128], [-586.27265625, 126], [-566.87265625, 121], [-586.03125, 126], [-592.934375, 126], [-588.1859375, 124], [-581.3125, 121], [-588.90546875, 120], [-588.3765625, 125], [-600.628125, 128], [-585.1234375, 124], [-596.5375, 127], [-591.446875, 126], [-613.53984375, 123], [-597.965625, 127], [-605.5328125, 126], [-604.9484375, 124], [-618.58203125, 124], [-641.23984375, 122], [-642.54921875, 127], [-640.84296875, 126], [-654.67890625, 128], [-627.959375, 127], [-644.475, 127], [-658.45625, 127], [-636.29921875, 125], [-630.24140625, 128], [-633.16015625, 125], [-642.60703125, 128], [-626.80234375, 127], [-651.5734375, 128], [-649.23203125, 128], [-653.48203125, 127], [-642.85625, 126], [-633.296875, 123], [-639.3203125, 125], [-643.00390625, 124], [-648.6203125, 124], [-624.91328125, 128], [-623.725, 128], [-639.025, 126], [-631.26015625, 125], [-631.02421875, 128], [-615.1828125, 125], [-620.94609375, 128], [-624.80234375, 123], [-645.53984375, 128], [-649.38828125, 127], [-631.93359375, 127], [-636.40546875, 128], [-642.35390625, 128], [-623.965625, 126], [-633.859375, 127], [-631.28828125, 128], [-651.8, 125], [-647.40703125, 127], [-655.07109375, 126], [-626.72578125, 127], [-635.99921875, 128], [-631.3703125, 126], [-643.6140625, 124], [-634.87421875, 128], [-637.2703125, 127], [-618.61640625, 125], [-650.3828125, 127], [-640.22734375, 128], [-640.4234375, 128], [-627.89765625, 128], [-644.9609375, 128], [-651.59609375, 127], [-628.50859375, 124]]}