{"episode_n": 200, "trajectory_len": 200, "trajectory_n": 30, "q_param": 0.3, "lamd": 0.99, "episode_data": [[-773.6666666666666, 19], [-745.4, 21], [-734.7, 21], [-744.3, 19], [-749.0, 20], [-710.8333333333334, 21], [-708.8, 21], [-708.7, 18], [-757.3666666666667, 21], [-748.1666666666666, 21], [-706.4333333333333, 20], [-776.0666666666667, 21], [-753.9333333333333, 21], [-750.8333333333334, 19], [-726.1, 20], [-716.5, 20], [-706.6333333333333, 21], [-663.2, 20], [-679.5, 21], [-658.6666666666666, 21], [-699.2, 21], [-685.8333333333334, 21], [-669.6666666666666, 21], [-699.8666666666667, 20], [-681.5666666666667, 21], [-732.1666666666666, 21], [-762.5666666666667, 20], [-723.7666666666667, 19], [-741.2, 21], [-668.8666666666667, 20], [-719.4333333333333, 21], [-677.3, 21], [-707.1666666666666, 20], [-760.3, 18], [-779.6666666666666, 21], [-747.8666666666667, 21], [-690.7666666666667, 21], [-679.6, 20], [-719.6, 21], [-733.7, 21], [-737.0, 21], [-732.2, 21], [-739.1, 21], [-735.2, 19], [-723.1333333333333, 19], [-731.1333333333333, 20], [-729.5333333333333, 18], [-742.7666666666667, 21], [-747.1, 19], [-748.7, 21], [-727.7666666666667, 21], [-725.2, 19], [-730.2, 21], [-743.3333333333334, 20], [-778.7, 19], [-756.6333333333333, 21], [-750.3, 20], [-736.0333333333333, 21], [-731.9, 20], [-741.2333333333333, 21], [-733.9333333333333, 20], [-731.1, 21], [-755.4, 20], [-733.1333333333333, 19], [-747.6, 21], [-707.8, 19], [-724.1, 21], [-752.0333333333333, 21], [-706.3, 20], [-731.1, 18], [-769.5, 19], [-733.9333333333333, 21], [-734.7, 21], [-721.1333333333333, 18], [-658.7333333333333, 21], [-727.2333333333333, 20], [-710.8666666666667, 20], [-657.4666666666667, 20], [-653.4666666666667, 19], [-690.1333333333333, 20], [-752.7, 20], [-690.0666666666667, 21], [-705.4333333333333, 21], [-661.6666666666666, 21], [-722.0333333333333, 21], [-673.9333333333333, 20], [-725.5333333333333, 19], [-697.5333333333333, 21], [-692.4333333333333, 20], [-693.7, 19], [-729.6666666666666, 20], [-682.3666666666667, 21], [-706.8333333333334, 20], [-723.1333333333333, 21], [-724.9333333333333, 20], [-748.1, 20], [-728.3, 21], [-766.5333333333333, 20], [-752.5666666666667, 19], [-757.7, 20], [-725.4, 19], [-702.8666666666667, 20], [-694.2, 21], [-736.4333333333333, 21], [-767.3, 20], [-748.4666666666667, 21], [-730.0666666666667, 21], [-735.5666666666667, 21], [-712.8333333333334, 21], [-748.1, 21], [-754.1, 20], [-737.6666666666666, 20], [-756.2, 20], [-731.4333333333333, 21], [-746.6, 20], [-751.9333333333333, 20], [-728.9, 20], [-717.1, 21], [-735.7333333333333, 18], [-712.8333333333334, 21], [-744.6, 21], [-730.3666666666667, 21], [-767.9, 21], [-756.2666666666667, 18], [-734.6666666666666, 21], [-738.3333333333334, 20], [-737.8, 21], [-726.2, 21], [-721.7666666666667, 21], [-746.7, 19], [-707.0333333333333, 20], [-714.7666666666667, 21], [-706.0, 21], [-687.7666666666667, 20], [-717.5333333333333, 21], [-725.1333333333333, 20], [-735.5, 20], [-726.7, 21], [-709.2, 21], [-705.7333333333333, 21], [-740.3, 19], [-711.7, 20], [-722.5, 21], [-755.7666666666667, 20], [-725.6, 21], [-757.4, 19], [-746.4333333333333, 20], [-736.1, 20], [-700.2333333333333, 20], [-723.5666666666667, 21], [-715.6, 19], [-721.2, 21], [-727.0666666666667, 20], [-727.9, 21], [-717.6666666666666, 21], [-690.3, 20], [-733.7333333333333, 20], [-732.2, 21], [-745.9333333333333, 20], [-742.0333333333333, 21], [-710.5333333333333, 20], [-734.4, 21], [-721.7, 19], [-732.2, 20], [-734.0, 21], [-701.0666666666667, 21], [-732.8666666666667, 20], [-772.4, 21], [-732.2, 19], [-727.5666666666667, 20], [-715.2, 18], [-702.9333333333333, 18], [-665.6, 21], [-691.2, 21], [-721.0666666666667, 20], [-739.7, 21], [-735.0333333333333, 21], [-747.5333333333333, 20], [-732.9, 21], [-741.8, 21], [-738.2, 21], [-731.1, 21], [-738.6666666666666, 21], [-763.1, 19], [-740.9, 20], [-757.1, 21], [-770.6, 20], [-719.7, 20], [-727.7, 21], [-781.7, 20], [-751.1, 21], [-732.4333333333333, 20], [-723.8666666666667, 19], [-713.7333333333333, 19], [-683.7, 21], [-705.5666666666667, 21], [-697.4666666666667, 21], [-693.6666666666666, 21], [-708.2, 20], [-753.8333333333334, 20]]}