{"episode_n": 10, "trajectory_len": 200, "trajectory_n": 5120, "q_param": 0.9, "lamd": 0.5, "episode_data": [[-772.6865234375, 487], [-599.892578125, 511], [-291.8658203125, 512], [-128.34296875, 502], [-71.186328125, 512], [-98.0630859375, 427], [-182.5966796875, 493], [-275.7736328125, 442], [-307.9328125, 365], [-404.5388671875, 503]]}