{"episode_n": 100, "trajectory_len": 200, "trajectory_n": 640, "q_param": 0.2, "lamd": 0.1, "episode_data": [[-771.08125, 507], [-750.4140625, 496], [-720.71875, 499], [-687.29375, 483], [-656.7578125, 501], [-626.8203125, 500], [-591.55625, 489], [-558.7734375, 506], [-532.45, 505], [-498.8828125, 506], [-474.6890625, 494], [-440.4953125, 498], [-409.7171875, 494], [-372.63125, 500], [-327.33125, 501], [-301.990625, 500], [-255.821875, 509], [-221.75625, 507], [-190.75, 512], [-168.4765625, 512], [-146.7296875, 512], [-123.2390625, 512], [-100.690625, 512], [-79.94375, 512], [-67.046875, 510], [-56.4828125, 512], [-47.4, 509], [-34.4359375, 506], [-31.2421875, 512], [-22.18125, 509], [-17.890625, 512], [-13.0875, 506], [-9.803125, 509], [-8.4140625, 506], [-6.578125, 498], [-6.1578125, 506], [-4.3046875, 509], [-4.4796875, 500], [-2.88125, 502], [-2.3, 505], [-5.31875, 511], [-4.7390625, 501], [-2.2359375, 497], [-1.9296875, 510], [-0.9734375, 507], [-0.390625, 505], [0.625, 498], [-0.875, 501], [0.6046875, 496], [0.1359375, 498], [-0.70625, 502], [-1.1640625, 504], [-3.2859375, 512], [-0.5375, 502], [-0.49375, 504], [-0.4390625, 512], [0.809375, 505], [0.2984375, 505], [0.7265625, 512], [-0.5421875, 511], [1.4359375, 508], [0.015625, 511], [-1.6140625, 510], [-0.4078125, 505], [-0.8109375, 501], [-2.396875, 506], [0.0953125, 509], [-1.628125, 506], [-1.125, 512], [-0.0890625, 508], [-1.10625, 510], [-2.2203125, 507], [0.809375, 510], [0.809375, 505], [1.3453125, 504], [0.884375, 508], [2.28125, 512], [1.484375, 509], [1.0140625, 511], [0.9109375, 509], [1.2765625, 499], [1.8046875, 503], [1.140625, 501], [1.0546875, 505], [0.5359375, 504], [1.8796875, 499], [1.6734375, 506], [1.56875, 508], [0.0296875, 510], [1.9734375, 511], [-0.4375, 512], [1.053125, 510], [-0.6921875, 512], [2.1828125, 499], [0.89375, 505], [2.0671875, 510], [1.5703125, 508], [2.125, 511], [1.7421875, 511], [2.4296875, 505]]}