{"episode_n": 100, "trajectory_len": 200, "trajectory_n": 640, "q_param": 0.9, "lamd": 0.1, "episode_data": [[-769.4078125, 55], [-578.0890625, 64], [-349.6359375, 63], [-284.659375, 62], [-291.575, 61], [-336.2046875, 58], [-374.7078125, 64], [-381.5734375, 54], [-508.428125, 62], [-476.384375, 64], [-499.09375, 55], [-485.4359375, 58], [-530.1421875, 61], [-517.9984375, 63], [-550.421875, 61], [-542.553125, 61], [-517.8546875, 60], [-540.0296875, 60], [-514.8890625, 64], [-518.1640625, 64], [-520.221875, 63], [-532.3734375, 57], [-541.9015625, 62], [-535.8875, 63], [-519.13125, 56], [-564.1890625, 64], [-532.2171875, 62], [-512.9125, 61], [-565.1703125, 64], [-523.3125, 58], [-543.0625, 61], [-531.8921875, 64], [-530.784375, 55], [-561.5765625, 64], [-542.996875, 62], [-549.109375, 62], [-549.971875, 63], [-549.6328125, 61], [-537.740625, 64], [-531.240625, 60], [-553.9484375, 64], [-529.965625, 61], [-515.10625, 56], [-523.5234375, 60], [-551.0796875, 64], [-553.8046875, 57], [-540.93125, 64], [-519.075, 60], [-522.778125, 63], [-548.7671875, 64], [-548.8390625, 59], [-553.8171875, 58], [-579.59375, 62], [-524.6875, 58], [-543.6625, 61], [-538.284375, 62], [-530.74375, 62], [-553.63125, 62], [-536.075, 59], [-551.878125, 61], [-547.4859375, 54], [-539.75, 59], [-550.7515625, 62], [-540.6453125, 63], [-559.2, 64], [-543.7828125, 60], [-550.1421875, 61], [-539.509375, 57], [-560.03125, 63], [-537.6296875, 61], [-537.8390625, 58], [-541.071875, 64], [-551.95625, 60], [-561.0171875, 63], [-545.5828125, 57], [-547.575, 64], [-537.68125, 53], [-535.3609375, 64], [-536.578125, 56], [-514.1421875, 54], [-548.71875, 58], [-570.2265625, 63], [-551.1765625, 63], [-539.45, 62], [-518.6078125, 64], [-558.525, 60], [-543.675, 57], [-534.6078125, 64], [-548.634375, 64], [-557.50625, 58], [-555.659375, 58], [-534.353125, 59], [-553.3796875, 63], [-533.6484375, 60], [-528.8671875, 63], [-536.615625, 57], [-551.0109375, 64], [-532.2078125, 64], [-529.60625, 59], [-537.925, 64]]}