{"episode_n": 100, "trajectory_len": 200, "trajectory_n": 640, "q_param": 0.1, "lamd": 0.1, "episode_data": [[-770.1125, 564], [-756.5, 563], [-744.5578125, 554], [-719.3890625, 571], [-707.0328125, 574], [-690.696875, 570], [-674.1921875, 573], [-657.809375, 564], [-636.628125, 560], [-618.50625, 564], [-599.2078125, 572], [-584.453125, 564], [-562.2453125, 567], [-547.4296875, 569], [-526.2203125, 570], [-505.68125, 566], [-478.4203125, 569], [-462.3859375, 563], [-444.7546875, 570], [-412.909375, 575], [-405.9875, 569], [-385.9171875, 568], [-365.0734375, 565], [-355.6234375, 575], [-324.3375, 576], [-304.7, 567], [-285.0078125, 567], [-276.9484375, 561], [-254.3421875, 569], [-236.5296875, 575], [-224.5390625, 576], [-210.5203125, 571], [-198.5484375, 572], [-183.2578125, 570], [-175.9453125, 567], [-158.1578125, 567], [-149.7890625, 576], [-142.1265625, 572], [-132.390625, 575], [-117.8078125, 572], [-106.634375, 576], [-92.9828125, 576], [-81.5375, 570], [-68.640625, 575], [-59.7203125, 576], [-51.75625, 574], [-45.784375, 576], [-39.9484375, 574], [-34.3453125, 576], [-28.6, 572], [-27.128125, 576], [-26.5375, 576], [-21.459375, 573], [-21.4375, 575], [-19.95625, 575], [-17.85625, 572], [-17.646875, 576], [-15.2046875, 573], [-14.4140625, 573], [-11.9546875, 576], [-9.8421875, 572], [-8.80625, 574], [-7.5859375, 576], [-7.409375, 576], [-7.6171875, 568], [-5.821875, 573], [-5.2875, 571], [-5.9546875, 570], [-5.78125, 576], [-4.6890625, 574], [-5.628125, 574], [-5.2984375, 570], [-4.871875, 571], [-4.534375, 576], [-3.6515625, 575], [-2.9578125, 574], [-3.278125, 571], [-3.6828125, 576], [-4.31875, 574], [-4.271875, 574], [-3.7625, 573], [-4.084375, 574], [-3.8734375, 576], [-3.653125, 575], [-3.7015625, 570], [-3.4890625, 575], [-2.265625, 573], [-2.2421875, 571], [-3.396875, 575], [-3.0375, 575], [-2.03125, 570], [-1.8125, 571], [-2.040625, 570], [-0.8578125, 571], [-2.334375, 572], [-2.434375, 574], [-2.0984375, 571], [-1.9296875, 571], [-1.846875, 575], [-1.6390625, 575]]}