{"episode_n": 100, "trajectory_len": 200, "trajectory_n": 640, "q_param": 0.9, "lamd": 0.8, "episode_data": [[-779.4640625, 62], [-638.6078125, 63], [-504.5046875, 63], [-445.403125, 64], [-469.7375, 64], [-503.9203125, 64], [-499.71875, 64], [-490.734375, 64], [-486.4796875, 64], [-558.88125, 63], [-530.9640625, 63], [-535.7640625, 64], [-561.753125, 63], [-540.3265625, 64], [-544.0046875, 64], [-524.5890625, 63], [-551.1140625, 62], [-550.6515625, 63], [-572.98125, 64], [-539.0484375, 64], [-545.7125, 63], [-557.8390625, 64], [-565.8, 64], [-551.8078125, 62], [-608.365625, 64], [-596.0203125, 64], [-574.1109375, 64], [-597.2875, 64], [-600.9453125, 63], [-616.8890625, 64], [-605.684375, 64], [-596.8796875, 64], [-620.5125, 64], [-604.4796875, 64], [-591.8078125, 63], [-597.9875, 64], [-569.0171875, 64], [-561.50625, 64], [-599.9, 64], [-571.696875, 63], [-608.0296875, 63], [-591.70625, 64], [-609.0125, 64], [-598.6, 64], [-567.2984375, 63], [-610.521875, 63], [-582.4625, 63], [-582.7328125, 64], [-607.9640625, 64], [-591.621875, 63], [-582.5796875, 61], [-607.675, 63], [-593.0, 63], [-587.253125, 64], [-584.196875, 63], [-603.9640625, 63], [-579.3921875, 62], [-598.9171875, 63], [-595.1546875, 63], [-577.43125, 63], [-612.4984375, 60], [-610.2875, 64], [-596.3109375, 63], [-601.11875, 64], [-590.9546875, 62], [-599.859375, 64], [-610.5078125, 64], [-601.09375, 64], [-638.09375, 63], [-629.7859375, 64], [-608.7875, 64], [-648.5953125, 63], [-625.425, 64], [-627.7578125, 64], [-650.2109375, 63], [-654.8953125, 64], [-651.6890625, 64], [-641.3078125, 62], [-654.1734375, 63], [-650.3953125, 64], [-658.390625, 63], [-644.571875, 64], [-642.1234375, 64], [-641.3859375, 64], [-615.7296875, 64], [-654.6140625, 64], [-614.8484375, 62], [-568.7890625, 62], [-648.6171875, 64], [-621.6453125, 64], [-620.0546875, 64], [-622.3203125, 64], [-640.6015625, 63], [-654.2828125, 64], [-644.1515625, 64], [-626.1171875, 63], [-666.5578125, 64], [-646.3984375, 64], [-656.565625, 63], [-637.5671875, 63]]}