{"episode_n": 100, "trajectory_len": 200, "trajectory_n": 640, "q_param": 0.9, "lamd": 0.9, "episode_data": [[-774.4234375, 49], [-648.6578125, 64], [-553.09375, 64], [-462.63125, 63], [-452.3296875, 64], [-481.0171875, 64], [-462.4578125, 62], [-464.5890625, 63], [-483.76875, 64], [-530.6265625, 64], [-563.75, 64], [-520.803125, 63], [-590.75, 64], [-588.9890625, 64], [-578.3203125, 63], [-568.215625, 64], [-572.2578125, 63], [-576.60625, 63], [-584.5421875, 64], [-602.8609375, 64], [-599.571875, 64], [-608.2046875, 64], [-589.0546875, 64], [-598.38125, 64], [-608.6859375, 64], [-608.3875, 64], [-602.4, 64], [-596.846875, 61], [-616.0234375, 64], [-576.0875, 62], [-593.2921875, 64], [-603.4484375, 64], [-581.465625, 64], [-581.0625, 63], [-595.30625, 64], [-605.1890625, 64], [-598.4125, 63], [-602.66875, 63], [-584.240625, 63], [-588.0890625, 64], [-596.7421875, 64], [-579.575, 64], [-586.9890625, 64], [-595.3765625, 63], [-603.7, 64], [-579.3953125, 64], [-600.3484375, 63], [-596.83125, 62], [-596.5390625, 63], [-592.7828125, 64], [-598.91875, 63], [-622.509375, 64], [-599.1125, 64], [-615.1078125, 61], [-589.2765625, 61], [-610.315625, 64], [-601.0125, 62], [-596.021875, 63], [-591.6953125, 64], [-597.3609375, 64], [-603.95, 64], [-584.5359375, 63], [-600.0859375, 64], [-585.221875, 64], [-597.2, 64], [-606.278125, 64], [-602.0984375, 62], [-612.028125, 64], [-601.0671875, 64], [-602.565625, 64], [-599.63125, 64], [-597.8984375, 64], [-600.7375, 64], [-605.475, 64], [-605.415625, 61], [-595.571875, 64], [-598.1109375, 64], [-652.2515625, 64], [-644.9453125, 64], [-644.221875, 64], [-624.4671875, 60], [-657.175, 64], [-660.2171875, 63], [-660.0859375, 63], [-639.9421875, 64], [-636.6921875, 64], [-645.5046875, 64], [-640.75, 61], [-653.40625, 63], [-655.328125, 64], [-664.4671875, 64], [-649.446875, 64], [-647.95, 64], [-635.125, 64], [-633.4203125, 64], [-655.08125, 64], [-643.3546875, 64], [-635.05, 64], [-627.6296875, 64], [-640.8765625, 64]]}