{"episode_n": 100, "trajectory_len": 200, "trajectory_n": 640, "q_param": 0.6, "lamd": 0.1, "episode_data": [[-769.109375, 251], [-688.5390625, 231], [-595.6203125, 254], [-479.4296875, 256], [-315.609375, 256], [-177.3484375, 254], [-106.1203125, 255], [-57.5359375, 251], [-38.684375, 255], [-31.8890625, 256], [-20.0546875, 251], [-35.9609375, 248], [-56.65, 241], [-38.0171875, 241], [-52.884375, 255], [-48.375, 232], [-61.2328125, 247], [-71.6125, 241], [-77.640625, 252], [-48.3703125, 249], [-59.659375, 233], [-119.0015625, 250], [-69.8921875, 256], [-79.140625, 235], [-91.1015625, 249], [-76.53125, 254], [-56.7546875, 222], [-95.4296875, 246], [-112.6484375, 255], [-74.2859375, 239], [-58.1546875, 232], [-90.59375, 256], [-75.9421875, 233], [-124.165625, 241], [-109.4375, 246], [-128.7546875, 254], [-122.8546875, 247], [-132.4265625, 251], [-114.646875, 241], [-129.790625, 256], [-134.4984375, 248], [-136.825, 254], [-105.2125, 233], [-101.684375, 243], [-133.3796875, 249], [-126.7875, 253], [-100.540625, 251], [-122.521875, 235], [-140.2765625, 239], [-126.7484375, 243], [-118.18125, 234], [-137.3953125, 251], [-136.5859375, 255], [-118.753125, 232], [-134.5765625, 252], [-161.721875, 254], [-148.8, 256], [-110.9390625, 242], [-132.021875, 240], [-149.803125, 256], [-146.4609375, 237], [-167.6859375, 251], [-114.3671875, 239], [-160.753125, 240], [-138.8421875, 239], [-168.8515625, 255], [-154.83125, 254], [-144.215625, 241], [-129.659375, 244], [-110.134375, 232], [-141.8421875, 249], [-119.1140625, 241], [-114.1109375, 230], [-141.7921875, 256], [-162.1640625, 256], [-130.5203125, 217], [-164.4984375, 256], [-190.1140625, 254], [-156.9921875, 236], [-170.9265625, 252], [-189.665625, 241], [-177.7796875, 251], [-159.4234375, 256], [-169.2, 244], [-177.546875, 242], [-146.96875, 252], [-167.4484375, 237], [-158.8859375, 253], [-180.778125, 254], [-174.096875, 242], [-197.6234375, 253], [-188.9015625, 249], [-160.696875, 250], [-162.734375, 233], [-169.1625, 254], [-161.7328125, 245], [-196.128125, 256], [-151.859375, 242], [-170.2515625, 255], [-162.740625, 225]]}