{"episode_n": 100, "trajectory_len": 200, "trajectory_n": 320, "q_param": 0.9, "lamd": 0.9, "episode_data": [[-764.709375, 31], [-680.421875, 32], [-584.953125, 31], [-562.025, 32], [-600.60625, 32], [-603.334375, 32], [-613.9625, 32], [-547.346875, 32], [-594.3875, 32], [-592.840625, 32], [-620.95625, 32], [-587.353125, 32], [-605.209375, 32], [-629.759375, 32], [-625.834375, 32], [-620.56875, 32], [-647.053125, 32], [-618.671875, 32], [-611.54375, 32], [-641.25, 31], [-643.775, 32], [-614.590625, 31], [-614.321875, 32], [-610.071875, 32], [-624.24375, 32], [-592.00625, 32], [-623.978125, 31], [-624.059375, 32], [-651.296875, 32], [-654.08125, 32], [-634.0625, 32], [-621.740625, 32], [-651.63125, 32], [-638.975, 32], [-638.475, 32], [-651.73125, 32], [-626.484375, 32], [-614.16875, 32], [-634.459375, 31], [-674.740625, 32], [-614.903125, 32], [-649.76875, 32], [-653.253125, 32], [-663.2125, 31], [-616.625, 32], [-633.553125, 32], [-631.3625, 32], [-626.425, 32], [-644.0, 32], [-647.921875, 32], [-604.6375, 31], [-644.94375, 32], [-634.38125, 32], [-592.70625, 31], [-595.809375, 32], [-576.9, 32], [-595.171875, 32], [-629.9375, 31], [-648.278125, 32], [-645.915625, 32], [-623.834375, 31], [-633.7875, 31], [-643.996875, 32], [-656.825, 32], [-637.35625, 32], [-676.3875, 32], [-634.903125, 32], [-620.05, 32], [-652.925, 32], [-605.525, 32], [-607.06875, 32], [-601.028125, 32], [-614.878125, 32], [-595.815625, 32], [-562.684375, 32], [-563.659375, 32], [-602.19375, 32], [-599.740625, 32], [-590.584375, 32], [-593.14375, 32], [-576.253125, 32], [-600.121875, 32], [-604.846875, 32], [-599.525, 32], [-574.634375, 32], [-601.375, 32], [-647.6125, 32], [-604.46875, 32], [-643.65625, 32], [-629.0125, 32], [-628.896875, 32], [-612.609375, 32], [-641.103125, 32], [-643.71875, 32], [-633.6875, 32], [-609.403125, 32], [-646.525, 32], [-618.765625, 32], [-592.553125, 32], [-620.453125, 32]]}