{"episode_n": 100, "trajectory_len": 200, "trajectory_n": 160, "q_param": 0.2, "lamd": 0.2, "episode_data": [[-772.50625, 128], [-737.39375, 125], [-724.225, 128], [-703.625, 124], [-653.4, 120], [-624.56875, 124], [-591.1125, 127], [-560.575, 121], [-545.3125, 126], [-538.10625, 126], [-500.44375, 127], [-492.79375, 128], [-448.26875, 127], [-425.525, 127], [-398.525, 126], [-364.9625, 128], [-373.3, 128], [-349.39375, 126], [-320.7625, 126], [-315.2875, 126], [-288.975, 128], [-275.44375, 128], [-287.86875, 127], [-271.4, 128], [-280.3625, 126], [-252.69375, 128], [-229.81875, 128], [-217.60625, 127], [-213.0375, 126], [-203.39375, 127], [-202.13125, 124], [-194.36875, 127], [-182.30625, 125], [-192.3875, 127], [-169.225, 126], [-157.05625, 126], [-183.225, 127], [-155.70625, 128], [-157.275, 127], [-158.6125, 128], [-165.41875, 127], [-146.2625, 127], [-140.64375, 128], [-132.05, 128], [-132.0625, 127], [-182.43125, 128], [-146.08125, 128], [-144.025, 128], [-132.79375, 128], [-127.23125, 128], [-111.175, 128], [-120.75, 128], [-118.31875, 128], [-106.83125, 128], [-106.95625, 128], [-116.2375, 128], [-103.3625, 128], [-104.19375, 128], [-94.4375, 128], [-97.0875, 127], [-94.18125, 128], [-134.15625, 128], [-102.84375, 128], [-96.06875, 128], [-107.6875, 128], [-103.5, 128], [-92.60625, 128], [-122.3875, 128], [-104.75, 128], [-111.5625, 128], [-95.05, 128], [-108.425, 128], [-116.7625, 128], [-108.925, 128], [-101.36875, 128], [-93.3, 128], [-83.35625, 128], [-79.8375, 128], [-85.75, 128], [-74.3375, 128], [-87.0, 128], [-81.09375, 128], [-113.525, 128], [-86.1875, 128], [-81.64375, 128], [-90.7625, 128], [-82.28125, 128], [-84.0125, 127], [-85.99375, 128], [-94.4125, 127], [-97.15, 127], [-94.33125, 128], [-107.71875, 128], [-80.5125, 128], [-79.6375, 128], [-79.675, 128], [-93.7125, 128], [-97.1625, 128], [-92.49375, 127], [-84.65625, 128]]}