{"episode_n": 20, "trajectory_len": 200, "trajectory_n": 640, "q_param": 0.5, "lamd": 0.99, "episode_data": [[-768.546875, 316], [-712.496875, 305], [-655.2609375, 316], [-582.41875, 317], [-505.375, 310], [-415.23125, 318], [-313.5734375, 319], [-218.8265625, 319], [-167.9375, 317], [-137.8328125, 318], [-113.29375, 320], [-107.334375, 318], [-99.0140625, 315], [-95.0328125, 318], [-100.1328125, 320], [-93.240625, 317], [-89.76875, 316], [-84.0875, 319], [-96.284375, 319], [-91.8703125, 319]]}