{"episode_n": 100, "trajectory_len": 200, "trajectory_n": 1280, "q_param": 0.9, "lamd": 0.9, "episode_data": [[-769.63203125, 128], [-591.49296875, 127], [-366.575, 125], [-292.75625, 125], [-314.96171875, 123], [-332.80859375, 128], [-401.73203125, 125], [-421.365625, 128], [-476.9234375, 126], [-497.55, 126], [-530.421875, 126], [-540.75234375, 127], [-517.51015625, 124], [-542.94375, 126], [-524.21015625, 123], [-523.2953125, 128], [-540.82578125, 123], [-552.86953125, 127], [-562.0546875, 124], [-543.35, 128], [-562.5484375, 126], [-551.81015625, 126], [-548.00546875, 128], [-555.30390625, 128], [-554.640625, 127], [-547.4703125, 125], [-540.03828125, 128], [-535.1046875, 126], [-523.8359375, 126], [-533.9953125, 128], [-530.47890625, 127], [-550.48984375, 128], [-551.1328125, 123], [-554.7234375, 124], [-544.91875, 128], [-558.45625, 125], [-535.96640625, 128], [-532.925, 126], [-539.31484375, 128], [-524.74296875, 126], [-536.05390625, 124], [-535.69140625, 122], [-564.5828125, 126], [-542.5875, 122], [-564.46015625, 126], [-564.32734375, 128], [-600.5734375, 128], [-584.7578125, 124], [-570.315625, 123], [-596.7890625, 127], [-599.40390625, 128], [-585.71796875, 123], [-588.1265625, 128], [-601.50078125, 127], [-609.0609375, 125], [-587.2265625, 127], [-602.15, 127], [-585.13125, 125], [-584.8875, 123], [-585.14453125, 126], [-610.0328125, 128], [-588.02265625, 127], [-592.99609375, 122], [-589.16796875, 124], [-609.35, 127], [-606.1875, 127], [-597.75859375, 122], [-597.7953125, 127], [-595.703125, 126], [-591.45078125, 126], [-580.1265625, 123], [-580.26328125, 125], [-585.79453125, 128], [-582.12265625, 127], [-586.22578125, 126], [-582.85234375, 128], [-575.021875, 128], [-598.371875, 126], [-584.84921875, 127], [-592.621875, 125], [-590.3375, 127], [-564.06015625, 126], [-584.3703125, 122], [-586.64921875, 128], [-595.4359375, 124], [-558.50078125, 128], [-583.14296875, 127], [-573.89375, 122], [-578.15859375, 124], [-600.71484375, 125], [-601.15546875, 128], [-582.1, 125], [-589.4953125, 128], [-577.95625, 125], [-598.63828125, 127], [-582.0953125, 128], [-583.81640625, 128], [-581.37890625, 125], [-592.053125, 125], [-592.71328125, 123]]}