{"episode_n": 100, "trajectory_len": 200, "trajectory_n": 640, "q_param": 0.7, "lamd": 0.1, "episode_data": [[-770.91875, 171], [-665.9359375, 190], [-547.15625, 187], [-377.06875, 191], [-220.2640625, 190], [-105.121875, 188], [-68.6390625, 191], [-46.721875, 190], [-43.3734375, 184], [-72.2078125, 181], [-72.046875, 181], [-73.7046875, 180], [-82.7390625, 172], [-114.9421875, 185], [-119.915625, 177], [-167.9671875, 188], [-142.99375, 180], [-167.44375, 177], [-205.6484375, 191], [-132.34375, 177], [-147.2640625, 188], [-156.81875, 192], [-166.4390625, 190], [-163.453125, 180], [-152.3484375, 178], [-191.0421875, 184], [-215.5359375, 191], [-181.1296875, 182], [-160.6921875, 182], [-184.2640625, 190], [-155.0484375, 192], [-204.4015625, 188], [-150.984375, 191], [-191.971875, 190], [-193.7984375, 180], [-222.01875, 188], [-184.5515625, 189], [-193.796875, 173], [-238.2515625, 188], [-271.328125, 179], [-255.2140625, 186], [-268.9140625, 186], [-269.98125, 190], [-273.9609375, 184], [-298.2015625, 187], [-274.4171875, 185], [-278.2265625, 164], [-317.684375, 185], [-316.4796875, 183], [-331.6109375, 192], [-296.034375, 184], [-314.215625, 180], [-298.890625, 189], [-268.1546875, 172], [-294.8578125, 190], [-298.4859375, 190], [-311.2953125, 191], [-270.5515625, 183], [-287.24375, 187], [-271.05625, 188], [-293.15, 187], [-300.934375, 191], [-305.6640625, 170], [-318.0546875, 177], [-324.825, 192], [-286.065625, 191], [-284.3015625, 182], [-312.0671875, 192], [-290.86875, 189], [-317.0015625, 177], [-307.6203125, 189], [-297.609375, 177], [-290.1125, 191], [-301.7984375, 178], [-291.7390625, 187], [-296.6484375, 186], [-303.5828125, 183], [-313.278125, 184], [-308.4953125, 175], [-321.396875, 192], [-286.9484375, 183], [-297.88125, 189], [-293.6828125, 188], [-303.7734375, 192], [-313.6375, 185], [-256.7953125, 187], [-294.79375, 187], [-292.7234375, 191], [-256.703125, 160], [-292.2125, 192], [-264.396875, 166], [-300.8734375, 191], [-286.690625, 186], [-304.1296875, 191], [-260.14375, 181], [-306.571875, 191], [-281.7171875, 169], [-321.3015625, 187], [-285.6359375, 192], [-277.15, 170]]}