{"episode_n": 100, "trajectory_len": 200, "trajectory_n": 160, "q_param": 0.5, "lamd": 0.5, "episode_data": [[-778.86875, 77], [-714.31875, 75], [-665.15, 76], [-605.6, 78], [-525.39375, 72], [-469.8125, 78], [-412.10625, 80], [-379.4, 79], [-308.24375, 80], [-330.64375, 79], [-302.5125, 80], [-236.85, 80], [-234.875, 80], [-244.36875, 79], [-219.76875, 78], [-220.91875, 80], [-212.025, 80], [-223.65625, 80], [-240.88125, 80], [-293.44375, 80], [-219.5375, 79], [-213.625, 80], [-240.35625, 80], [-215.9125, 80], [-265.45, 80], [-285.6375, 80], [-212.03125, 80], [-265.325, 80], [-234.01875, 80], [-257.6125, 80], [-256.6625, 80], [-230.78125, 80], [-213.18125, 80], [-235.23125, 80], [-244.8625, 80], [-290.6875, 80], [-289.0625, 80], [-298.23125, 80], [-306.86875, 80], [-309.34375, 80], [-293.46875, 80], [-271.625, 79], [-269.8125, 80], [-276.55, 80], [-331.3375, 80], [-303.94375, 80], [-322.4375, 80], [-359.1625, 80], [-321.86875, 80], [-355.13125, 80], [-290.06875, 80], [-324.925, 80], [-274.99375, 80], [-264.7625, 80], [-270.04375, 79], [-232.8625, 80], [-249.69375, 80], [-249.2875, 80], [-269.68125, 80], [-276.00625, 80], [-313.9125, 80], [-308.79375, 80], [-263.9375, 79], [-249.1375, 80], [-283.8875, 80], [-277.4625, 80], [-321.86875, 80], [-316.55625, 80], [-294.8625, 80], [-245.8, 80], [-296.34375, 80], [-297.625, 80], [-263.43125, 80], [-258.68125, 80], [-252.4, 79], [-215.38125, 80], [-220.76875, 80], [-205.25625, 80], [-238.00625, 80], [-223.99375, 80], [-239.3625, 80], [-281.2875, 80], [-259.21875, 79], [-237.56875, 80], [-279.2875, 80], [-273.70625, 80], [-262.4375, 79], [-297.9375, 80], [-290.3125, 79], [-277.93125, 80], [-250.08125, 80], [-240.94375, 80], [-260.70625, 80], [-293.1125, 79], [-278.3125, 80], [-224.3625, 80], [-295.04375, 80], [-289.65625, 80], [-188.5125, 80], [-274.825, 80]]}