{"episode_n": 100, "trajectory_len": 200, "trajectory_n": 640, "q_param": 0.01, "lamd": 0.1, "episode_data": [[-774.3171875, 633], [-773.7125, 630], [-777.9296875, 631], [-775.7015625, 630], [-781.0640625, 630], [-776.2484375, 633], [-778.6546875, 631], [-775.86875, 633], [-769.653125, 632], [-767.1796875, 632], [-769.7953125, 633], [-767.5171875, 632], [-763.3234375, 632], [-760.4453125, 633], [-757.5390625, 633], [-753.421875, 632], [-752.8671875, 633], [-764.925, 633], [-756.7328125, 629], [-751.4265625, 631], [-743.053125, 633], [-743.4109375, 633], [-736.8125, 632], [-728.603125, 632], [-726.23125, 633], [-717.2046875, 632], [-708.09375, 633], [-716.6328125, 628], [-706.8796875, 633], [-707.4546875, 633], [-697.2046875, 632], [-696.1, 632], [-698.471875, 632], [-695.48125, 633], [-689.784375, 632], [-683.2828125, 633], [-674.3046875, 633], [-669.565625, 631], [-656.9265625, 630], [-661.1015625, 631], [-657.446875, 632], [-652.446875, 632], [-655.21875, 630], [-660.9984375, 633], [-656.3703125, 632], [-659.29375, 632], [-651.1140625, 632], [-649.06875, 633], [-653.4140625, 632], [-655.7484375, 632], [-660.296875, 632], [-662.771875, 633], [-658.921875, 632], [-658.065625, 633], [-662.6171875, 633], [-657.3703125, 633], [-649.6640625, 632], [-642.5703125, 633], [-646.953125, 633], [-639.6734375, 632], [-639.0359375, 633], [-632.6171875, 633], [-625.128125, 633], [-621.7015625, 632], [-621.4453125, 633], [-612.0953125, 632], [-609.5578125, 633], [-605.9, 632], [-606.603125, 629], [-609.49375, 632], [-603.3171875, 633], [-607.3328125, 633], [-604.3171875, 630], [-608.6171875, 633], [-606.896875, 632], [-609.4375, 631], [-606.2484375, 632], [-600.2453125, 631], [-599.690625, 632], [-593.253125, 629], [-592.259375, 633], [-589.93125, 628], [-590.5140625, 633], [-598.0171875, 629], [-597.6046875, 633], [-594.521875, 633], [-590.4359375, 631], [-592.140625, 633], [-592.7203125, 633], [-592.1296875, 633], [-592.9703125, 633], [-597.4875, 633], [-599.028125, 631], [-593.2078125, 632], [-584.6578125, 631], [-584.68125, 632], [-580.9875, 633], [-576.946875, 632], [-578.609375, 632], [-575.2234375, 633]]}