{"episode_n": 100, "trajectory_len": 200, "trajectory_n": 640, "q_param": 0.5, "lamd": 0.9, "episode_data": [[-772.95625, 316], [-716.228125, 316], [-650.8453125, 296], [-560.484375, 314], [-475.8125, 316], [-378.896875, 319], [-277.434375, 318], [-164.675, 316], [-101.5296875, 320], [-61.215625, 316], [-36.975, 320], [-18.6046875, 314], [-12.184375, 314], [-6.4890625, 316], [-7.54375, 295], [-8.9390625, 317], [-17.2015625, 307], [-37.371875, 289], [-47.803125, 261], [-96.08125, 312], [-57.5125, 286], [-77.43125, 292], [-97.040625, 304], [-100.46875, 319], [-75.075, 309], [-92.921875, 287], [-85.5609375, 292], [-93.159375, 320], [-79.6578125, 298], [-101.3578125, 311], [-98.1640625, 319], [-113.646875, 304], [-102.4015625, 313], [-111.89375, 243], [-152.1640625, 319], [-37.734375, 305], [-51.778125, 298], [-72.83125, 297], [-89.8953125, 244], [-128.9625, 315], [-79.696875, 313], [-66.853125, 259], [-142.4703125, 319], [-89.8125, 316], [-47.378125, 302], [-76.703125, 316], [-88.8796875, 251], [-148.7953125, 320], [-32.31875, 293], [-86.55625, 314], [-66.40625, 253], [-117.178125, 314], [-112.471875, 294], [-105.365625, 256], [-150.6390625, 318], [-76.8609375, 315], [-60.74375, 297], [-73.7390625, 319], [-98.271875, 315], [-104.340625, 251], [-129.2671875, 312], [-74.890625, 300], [-109.6046875, 316], [-115.1421875, 308], [-103.20625, 310], [-93.2390625, 239], [-125.221875, 320], [-62.9390625, 302], [-88.125, 307], [-91.6375, 259], [-130.65625, 320], [-62.015625, 313], [-93.978125, 308], [-97.253125, 249], [-146.35, 317], [-62.9515625, 300], [-90.7375, 256], [-129.609375, 318], [-68.2515625, 307], [-108.6671875, 313], [-117.85625, 311], [-117.0546875, 318], [-117.2765625, 307], [-129.8078125, 302], [-111.9234375, 302], [-118.0859375, 320], [-27.6484375, 315], [-71.253125, 309], [-95.75, 318], [-73.4640625, 254], [-132.1421875, 319], [-71.80625, 294], [-95.1, 317], [-93.5265625, 296], [-98.06875, 303], [-94.2578125, 247], [-139.8765625, 317], [-85.678125, 296], [-80.5171875, 252], [-160.18125, 318]]}