{"episode_n": 200, "trajectory_len": 200, "trajectory_n": 30, "q_param": 0.6, "lamd": 0.99, "episode_data": [[-765.6666666666666, 12], [-670.5, 11], [-668.4, 12], [-549.8, 11], [-559.0333333333333, 12], [-565.2666666666667, 12], [-496.2, 12], [-429.93333333333334, 12], [-519.8666666666667, 12], [-430.6333333333333, 10], [-495.43333333333334, 12], [-600.5666666666667, 12], [-610.2, 11], [-531.9333333333333, 12], [-578.1, 12], [-526.7333333333333, 12], [-424.76666666666665, 12], [-589.2, 11], [-596.0666666666667, 12], [-677.3, 10], [-650.6666666666666, 12], [-655.8, 12], [-475.53333333333336, 12], [-560.6, 12], [-565.2333333333333, 12], [-514.3666666666667, 12], [-514.4333333333333, 12], [-414.53333333333336, 12], [-582.6, 12], [-429.46666666666664, 12], [-600.3333333333334, 12], [-496.1333333333333, 12], [-389.53333333333336, 12], [-511.3666666666667, 12], [-320.8, 12], [-436.2, 12], [-607.0666666666667, 12], [-358.6, 11], [-541.0666666666667, 12], [-445.1666666666667, 12], [-462.6, 12], [-484.8333333333333, 12], [-435.8333333333333, 12], [-437.53333333333336, 12], [-451.6666666666667, 12], [-533.8333333333334, 12], [-452.93333333333334, 12], [-493.96666666666664, 12], [-396.6333333333333, 12], [-416.6, 12], [-573.5666666666667, 12], [-571.9333333333333, 12], [-466.8, 12], [-386.1666666666667, 12], [-359.8666666666667, 12], [-439.53333333333336, 12], [-504.8, 12], [-466.03333333333336, 12], [-512.3666666666667, 12], [-465.3333333333333, 12], [-434.0, 12], [-556.8333333333334, 12], [-527.8666666666667, 12], [-494.8333333333333, 12], [-404.1333333333333, 12], [-602.9333333333333, 12], [-615.4, 12], [-585.5666666666667, 12], [-436.0, 12], [-566.3, 11], [-518.8, 12], [-359.03333333333336, 12], [-544.0666666666667, 12], [-492.7, 12], [-430.23333333333335, 12], [-566.8333333333334, 12], [-552.2333333333333, 12], [-563.0333333333333, 12], [-505.06666666666666, 12], [-583.0, 12], [-611.8333333333334, 12], [-487.2, 12], [-620.0333333333333, 12], [-461.56666666666666, 12], [-535.8666666666667, 12], [-536.8333333333334, 12], [-391.73333333333335, 12], [-520.0, 12], [-324.1333333333333, 12], [-556.5666666666667, 12], [-559.8666666666667, 12], [-501.46666666666664, 12], [-551.6333333333333, 12], [-467.8, 12], [-435.0, 12], [-515.9, 12], [-554.2666666666667, 12], [-563.5333333333333, 12], [-360.3666666666667, 12], [-538.0666666666667, 12], [-506.23333333333335, 12], [-462.9, 12], [-511.26666666666665, 12], [-422.2, 12], [-520.9, 12], [-632.6333333333333, 12], [-633.5, 11], [-518.2666666666667, 12], [-563.5333333333333, 12], [-612.1666666666666, 12], [-474.7, 12], [-446.3333333333333, 12], [-474.2, 12], [-424.6, 12], [-536.2, 12], [-433.1666666666667, 12], [-371.8666666666667, 12], [-557.9, 12], [-527.8333333333334, 12], [-607.4, 12], [-583.5333333333333, 12], [-454.8666666666667, 12], [-395.3333333333333, 12], [-443.6666666666667, 12], [-588.6, 11], [-483.56666666666666, 12], [-569.1, 12], [-505.03333333333336, 12], [-403.5, 12], [-518.0333333333333, 12], [-406.8666666666667, 12], [-591.1, 12], [-468.8, 12], [-466.3, 12], [-352.9, 12], [-364.5, 12], [-462.7, 12], [-414.2, 12], [-535.1333333333333, 12], [-458.3333333333333, 12], [-636.3, 12], [-544.7333333333333, 12], [-530.8333333333334, 12], [-416.1666666666667, 12], [-416.3666666666667, 12], [-310.96666666666664, 11], [-400.2, 12], [-611.9666666666667, 12], [-569.9333333333333, 12], [-502.23333333333335, 12], [-431.3333333333333, 12], [-429.76666666666665, 12], [-629.5666666666667, 12], [-455.26666666666665, 12], [-565.4666666666667, 12], [-447.6, 12], [-416.53333333333336, 12], [-496.6, 12], [-415.96666666666664, 12], [-529.9333333333333, 12], [-558.6666666666666, 12], [-561.4, 12], [-551.5666666666667, 12], [-407.8, 12], [-450.7, 12], [-470.3333333333333, 12], [-549.1, 12], [-384.4, 12], [-618.3666666666667, 11], [-605.2, 12], [-560.4333333333333, 12], [-536.8, 12], [-561.9666666666667, 12], [-499.96666666666664, 12], [-548.6, 12], [-487.56666666666666, 12], [-602.0, 12], [-451.3, 12], [-578.3, 12], [-493.1666666666667, 12], [-346.46666666666664, 11], [-486.4, 12], [-410.4, 12], [-482.43333333333334, 12], [-482.3666666666667, 12], [-589.2333333333333, 12], [-425.3333333333333, 12], [-525.3333333333334, 12], [-523.3666666666667, 12], [-579.1333333333333, 12], [-546.4, 12], [-587.1666666666666, 12], [-539.6, 12], [-429.2, 12], [-594.6, 11], [-552.8333333333334, 12], [-489.6666666666667, 12], [-480.1, 12], [-521.3666666666667, 12], [-586.0, 12]]}