{"episode_n": 100, "trajectory_len": 200, "trajectory_n": 640, "q_param": 0.8, "lamd": 0.1, "episode_data": [[-775.9546875, 122], [-761.315625, 114], [-743.3890625, 118], [-727.003125, 118], [-712.3296875, 127], [-698.14375, 124], [-686.9671875, 127], [-669.43125, 121], [-658.7703125, 128], [-614.51875, 127], [-585.7265625, 128], [-568.7609375, 128], [-521.9453125, 128], [-488.30625, 127], [-444.7765625, 128], [-404.575, 128], [-361.3171875, 125], [-328.078125, 128], [-294.6734375, 126], [-256.415625, 128], [-241.8921875, 128], [-205.0921875, 127], [-188.7734375, 126], [-163.546875, 127], [-151.4453125, 126], [-135.4046875, 127], [-118.86875, 126], [-113.5546875, 127], [-102.0625, 124], [-99.603125, 128], [-87.559375, 128], [-78.16875, 126], [-74.8390625, 126], [-72.346875, 123], [-61.321875, 120], [-59.396875, 126], [-53.91875, 127], [-50.278125, 126], [-49.8765625, 119], [-43.2921875, 121], [-43.7, 121], [-43.4921875, 127], [-40.815625, 118], [-40.8859375, 122], [-36.9171875, 121], [-37.4546875, 123], [-34.9890625, 125], [-29.9359375, 118], [-34.7421875, 123], [-35.9515625, 114], [-35.578125, 119], [-34.084375, 116], [-36.8015625, 120], [-34.83125, 128], [-35.2796875, 113], [-36.3078125, 98], [-37.7984375, 125], [-39.2359375, 115], [-37.059375, 101], [-52.5671875, 125], [-48.0765625, 109], [-59.609375, 120], [-63.8234375, 126], [-53.7328125, 113], [-73.2296875, 110], [-63.8421875, 98], [-85.4015625, 113], [-83.2171875, 107], [-78.0265625, 118], [-93.3765625, 121], [-80.8828125, 95], [-98.85625, 104], [-104.9859375, 99], [-112.8875, 127], [-122.096875, 126], [-127.0484375, 118], [-150.71875, 108], [-146.9125, 111], [-169.93125, 112], [-136.4109375, 106], [-158.853125, 126], [-149.5578125, 106], [-157.6078125, 113], [-167.4265625, 115], [-176.94375, 104], [-176.0390625, 117], [-185.3046875, 114], [-202.815625, 121], [-191.634375, 123], [-166.09375, 123], [-208.4421875, 122], [-208.3796875, 127], [-203.0390625, 109], [-205.240625, 115], [-230.0296875, 122], [-199.525, 109], [-228.3015625, 128], [-209.153125, 79], [-224.6109375, 120], [-228.2171875, 127]]}