{"episode_n": 100, "trajectory_len": 200, "trajectory_n": 2560, "q_param": 0.9, "lamd": 0.2, "episode_data": [[-770.710546875, 231], [-735.98359375, 236], [-695.4234375, 255], [-640.905859375, 255], [-568.708203125, 256], [-465.111328125, 256], [-373.6140625, 256], [-282.7046875, 254], [-218.37578125, 248], [-162.895703125, 256], [-129.69609375, 249], [-101.008203125, 249], [-80.273828125, 253], [-65.0265625, 248], [-51.446484375, 253], [-42.581640625, 232], [-33.421484375, 231], [-29.85859375, 240], [-28.191796875, 212], [-28.60234375, 214], [-31.94609375, 248], [-32.973046875, 236], [-42.03046875, 170], [-55.3359375, 199], [-64.348828125, 248], [-80.858984375, 182], [-103.426171875, 190], [-114.768359375, 227], [-144.1828125, 227], [-168.901171875, 127], [-178.61328125, 164], [-207.895703125, 157], [-245.76953125, 246], [-254.64375, 173], [-285.516015625, 186], [-316.438671875, 179], [-342.192578125, 245], [-345.1125, 200], [-364.684765625, 216], [-394.05234375, 205], [-406.90234375, 206], [-406.857421875, 256], [-417.724609375, 200], [-428.291015625, 228], [-441.614453125, 234], [-448.42890625, 242], [-452.774609375, 197], [-454.064453125, 218], [-466.351953125, 234], [-457.867578125, 203], [-470.38203125, 227], [-477.352734375, 215], [-475.735546875, 218], [-469.96796875, 236], [-487.537109375, 254], [-471.2015625, 204], [-490.0671875, 255], [-466.96796875, 193], [-466.21015625, 218], [-473.394921875, 211], [-485.6265625, 193], [-481.21171875, 223], [-485.619140625, 240], [-487.666796875, 215], [-479.871875, 230], [-498.4609375, 249], [-478.330078125, 231], [-482.14140625, 255], [-462.708203125, 223], [-484.62109375, 241], [-458.0421875, 228], [-476.721484375, 210], [-468.726953125, 211], [-477.558203125, 203], [-475.8890625, 222], [-484.228515625, 249], [-473.14140625, 232], [-463.28203125, 237], [-464.359375, 234], [-480.739453125, 249], [-466.9765625, 215], [-466.476171875, 233], [-479.93671875, 253], [-465.530859375, 224], [-466.131640625, 227], [-477.01640625, 225], [-476.014453125, 219], [-477.30703125, 218], [-482.769140625, 237], [-489.14140625, 249], [-457.33203125, 243], [-479.23984375, 221], [-479.026171875, 256], [-470.229296875, 215], [-473.735546875, 256], [-453.447265625, 234], [-465.946875, 205], [-467.983984375, 233], [-471.169921875, 204], [-483.20546875, 216]]}