{"episode_n": 100, "trajectory_len": 200, "trajectory_n": 640, "q_param": 0.6, "lamd": 0.1, "episode_data": [[-770.4484375, 225], [-767.0421875, 256], [-753.9890625, 224], [-745.003125, 256], [-730.878125, 229], [-732.3328125, 236], [-716.15625, 255], [-717.615625, 233], [-700.984375, 250], [-695.9859375, 218], [-676.6765625, 244], [-682.2984375, 227], [-652.846875, 239], [-654.4546875, 235], [-641.6859375, 243], [-626.8328125, 249], [-614.50625, 256], [-607.028125, 249], [-586.3984375, 242], [-570.578125, 256], [-558.3234375, 251], [-538.9765625, 256], [-531.7453125, 255], [-517.853125, 253], [-497.29375, 256], [-469.08125, 256], [-455.828125, 256], [-421.3875, 256], [-409.0546875, 255], [-392.6078125, 256], [-373.659375, 256], [-334.8484375, 256], [-318.3296875, 256], [-286.15625, 254], [-271.4640625, 253], [-254.3890625, 255], [-223.4234375, 252], [-215.35, 254], [-198.0515625, 253], [-182.9640625, 255], [-171.8546875, 253], [-158.4953125, 249], [-140.5828125, 250], [-132.5609375, 253], [-124.0515625, 256], [-116.2859375, 252], [-111.7828125, 254], [-98.38125, 254], [-95.7265625, 256], [-87.140625, 254], [-82.753125, 252], [-76.1265625, 256], [-69.8015625, 250], [-64.6953125, 254], [-62.1546875, 252], [-57.678125, 250], [-53.1453125, 245], [-51.84375, 245], [-45.0578125, 247], [-43.9390625, 253], [-40.24375, 256], [-38.465625, 250], [-34.359375, 255], [-32.634375, 252], [-30.965625, 255], [-27.9515625, 247], [-25.796875, 251], [-21.8515625, 256], [-21.23125, 249], [-20.1171875, 245], [-18.6703125, 251], [-17.6984375, 245], [-15.9015625, 255], [-15.0859375, 256], [-13.1015625, 242], [-12.0578125, 256], [-11.109375, 247], [-9.6390625, 240], [-8.2515625, 256], [-7.9203125, 248], [-7.3734375, 255], [-6.509375, 247], [-6.6296875, 255], [-5.3078125, 254], [-5.4875, 234], [-3.23125, 246], [-3.809375, 233], [-4.178125, 240], [-4.9953125, 234], [-3.3296875, 218], [-4.2171875, 208], [-5.8375, 242], [-7.2203125, 232], [-5.221875, 231], [-6.8640625, 235], [-10.5640625, 237], [-9.434375, 217], [-8.08125, 236], [-10.6890625, 237], [-11.6296875, 207]]}