{"episode_n": 200, "trajectory_len": 200, "trajectory_n": 30, "q_param": 0.8, "lamd": 0.99, "episode_data": [[-748.0, 6], [-634.9666666666667, 6], [-577.3333333333334, 6], [-713.6666666666666, 6], [-688.4333333333333, 6], [-627.7666666666667, 6], [-644.9333333333333, 6], [-593.7666666666667, 6], [-600.8, 6], [-600.9666666666667, 6], [-555.1, 6], [-632.3666666666667, 6], [-590.6, 6], [-637.0666666666667, 6], [-597.2666666666667, 6], [-607.5, 6], [-623.4666666666667, 6], [-628.9666666666667, 6], [-690.9666666666667, 6], [-651.2, 6], [-591.0333333333333, 6], [-566.5, 6], [-592.1333333333333, 6], [-556.6333333333333, 6], [-650.2, 6], [-607.0666666666667, 6], [-546.0666666666667, 6], [-603.2333333333333, 6], [-625.7, 6], [-590.9, 6], [-650.4333333333333, 6], [-637.1, 6], [-630.8333333333334, 6], [-594.8, 6], [-666.5333333333333, 6], [-663.3333333333334, 6], [-613.9666666666667, 6], [-620.9666666666667, 6], [-613.9, 6], [-584.6666666666666, 6], [-595.6333333333333, 6], [-574.3666666666667, 6], [-561.6, 6], [-725.3333333333334, 6], [-606.3333333333334, 6], [-573.5666666666667, 6], [-541.8, 6], [-507.1666666666667, 6], [-647.5, 6], [-516.0, 6], [-697.8333333333334, 6], [-686.6, 6], [-709.6, 6], [-582.9, 6], [-639.2, 6], [-552.8, 6], [-691.4333333333333, 6], [-627.7666666666667, 6], [-599.6666666666666, 6], [-587.2, 6], [-683.1333333333333, 6], [-586.4, 6], [-566.7333333333333, 6], [-555.2333333333333, 6], [-545.6333333333333, 6], [-607.7, 6], [-581.4, 6], [-530.7, 6], [-582.2333333333333, 6], [-672.4666666666667, 6], [-535.5, 6], [-603.4666666666667, 6], [-588.1, 6], [-622.9666666666667, 6], [-507.9, 6], [-540.7666666666667, 6], [-593.3333333333334, 6], [-571.2666666666667, 6], [-662.9, 6], [-525.2666666666667, 6], [-694.5333333333333, 6], [-500.73333333333335, 6], [-704.1333333333333, 6], [-549.1666666666666, 6], [-407.6666666666667, 6], [-653.2333333333333, 6], [-544.0333333333333, 6], [-588.4333333333333, 6], [-493.93333333333334, 6], [-581.3, 6], [-467.8666666666667, 6], [-526.4333333333333, 6], [-572.6666666666666, 6], [-748.2333333333333, 6], [-633.2666666666667, 6], [-616.9, 6], [-736.0333333333333, 6], [-542.4333333333333, 6], [-549.1, 6], [-548.4666666666667, 6], [-713.1666666666666, 6], [-527.0333333333333, 6], [-525.8666666666667, 6], [-585.1, 6], [-499.3666666666667, 6], [-595.5, 6], [-628.9333333333333, 6], [-558.3666666666667, 6], [-669.7, 6], [-694.2666666666667, 6], [-604.0333333333333, 6], [-572.6333333333333, 6], [-618.0, 6], [-588.6333333333333, 6], [-696.0666666666667, 6], [-575.5, 6], [-614.9, 6], [-538.2, 6], [-555.2, 6], [-705.2, 6], [-634.9, 6], [-670.5666666666667, 6], [-638.6333333333333, 6], [-612.8666666666667, 6], [-634.8666666666667, 6], [-635.1, 6], [-739.6333333333333, 6], [-527.6333333333333, 6], [-724.6666666666666, 6], [-599.1333333333333, 6], [-640.6666666666666, 6], [-573.1, 6], [-691.2666666666667, 6], [-578.1666666666666, 6], [-600.8, 6], [-667.8, 6], [-569.1666666666666, 6], [-594.4666666666667, 6], [-581.1333333333333, 6], [-574.9333333333333, 6], [-683.0333333333333, 6], [-654.9666666666667, 6], [-710.5666666666667, 6], [-640.8, 6], [-560.0, 6], [-699.5, 6], [-728.4666666666667, 6], [-624.9666666666667, 6], [-562.4666666666667, 6], [-637.4, 6], [-676.7666666666667, 6], [-614.1666666666666, 6], [-557.6666666666666, 6], [-647.2666666666667, 6], [-599.8333333333334, 6], [-535.8666666666667, 6], [-476.9, 6], [-623.5, 6], [-674.1333333333333, 6], [-589.4333333333333, 6], [-552.6333333333333, 6], [-475.1333333333333, 6], [-460.46666666666664, 6], [-562.0666666666667, 6], [-585.8, 6], [-620.7666666666667, 6], [-556.8, 6], [-604.3666666666667, 6], [-505.5, 6], [-535.0333333333333, 6], [-571.3666666666667, 6], [-592.0666666666667, 6], [-521.7333333333333, 6], [-676.5666666666667, 6], [-599.9, 6], [-662.3, 6], [-703.3, 6], [-494.3, 6], [-714.2666666666667, 6], [-601.5666666666667, 6], [-737.4666666666667, 6], [-540.9333333333333, 6], [-696.6666666666666, 6], [-631.1333333333333, 6], [-662.8, 6], [-673.0, 6], [-642.2666666666667, 6], [-611.8, 6], [-665.1333333333333, 6], [-583.2333333333333, 6], [-657.5333333333333, 6], [-668.5666666666667, 6], [-648.2666666666667, 6], [-553.4, 6], [-562.9666666666667, 6], [-632.7, 6], [-611.2, 6], [-638.7333333333333, 6], [-626.0333333333333, 6], [-720.3666666666667, 6]]}