{"episode_n": 100, "trajectory_len": 200, "trajectory_n": 160, "q_param": 0.3, "lamd": 0.99, "episode_data": [[-758.76875, 108], [-715.025, 111], [-680.1, 107], [-625.54375, 108], [-547.15, 110], [-496.5375, 106], [-459.86875, 109], [-434.6375, 110], [-361.975, 108], [-307.60625, 110], [-261.14375, 106], [-212.6375, 109], [-195.50625, 112], [-156.95, 109], [-148.05625, 106], [-273.16875, 112], [-249.675, 112], [-178.1875, 112], [-185.89375, 112], [-176.73125, 110], [-179.46875, 112], [-139.34375, 112], [-162.4, 112], [-110.025, 112], [-126.3375, 112], [-131.44375, 112], [-113.75625, 112], [-80.64375, 110], [-80.26875, 112], [-68.41875, 112], [-89.46875, 112], [-87.56875, 112], [-79.8, 112], [-116.5, 112], [-66.14375, 112], [-139.0125, 111], [-100.51875, 112], [-127.05, 112], [-128.5625, 111], [-161.5, 112], [-164.11875, 112], [-144.3875, 112], [-125.8, 112], [-138.65625, 112], [-144.225, 112], [-147.38125, 112], [-116.31875, 112], [-169.38125, 112], [-142.675, 112], [-126.575, 112], [-139.375, 112], [-130.5125, 112], [-120.65, 112], [-164.125, 112], [-141.025, 112], [-149.6375, 112], [-126.38125, 112], [-202.825, 112], [-131.86875, 112], [-172.40625, 112], [-123.8375, 112], [-135.8, 112], [-91.69375, 111], [-112.9375, 112], [-119.41875, 111], [-160.225, 112], [-112.55, 112], [-157.54375, 112], [-185.06875, 112], [-159.875, 112], [-148.9375, 112], [-153.2375, 112], [-164.40625, 111], [-124.15625, 112], [-123.7875, 110], [-141.05, 111], [-137.23125, 112], [-149.4375, 112], [-155.39375, 112], [-153.31875, 112], [-171.48125, 112], [-157.975, 110], [-95.58125, 112], [-130.175, 112], [-137.2, 112], [-129.8, 112], [-119.01875, 111], [-159.74375, 112], [-133.23125, 112], [-128.16875, 112], [-131.31875, 112], [-128.65625, 112], [-142.575, 111], [-148.96875, 111], [-125.425, 111], [-146.75, 112], [-115.68125, 112], [-136.65, 112], [-152.0, 112], [-149.43125, 108]]}