{"episode_n": 100, "trajectory_len": 200, "trajectory_n": 640, "q_param": 0.7, "lamd": 0.1, "episode_data": [[-770.665625, 189], [-763.6328125, 176], [-748.35625, 176], [-740.246875, 190], [-730.9, 167], [-720.184375, 190], [-705.8453125, 190], [-696.0328125, 189], [-686.884375, 192], [-662.9609375, 190], [-643.703125, 182], [-630.89375, 192], [-619.9390625, 184], [-603.5953125, 191], [-591.25625, 188], [-572.8546875, 189], [-552.540625, 192], [-539.425, 192], [-506.8171875, 192], [-452.4109375, 191], [-443.890625, 191], [-408.6828125, 192], [-375.94375, 192], [-339.1375, 192], [-317.2625, 191], [-294.58125, 192], [-260.428125, 190], [-230.55, 192], [-217.2734375, 191], [-187.9515625, 189], [-181.5640625, 191], [-161.775, 192], [-149.0421875, 191], [-141.065625, 192], [-126.3625, 189], [-121.14375, 189], [-113.4484375, 189], [-101.6453125, 187], [-95.8984375, 187], [-88.4625, 191], [-78.7421875, 192], [-76.5578125, 186], [-67.39375, 192], [-64.1, 192], [-56.975, 192], [-52.7484375, 186], [-50.2859375, 189], [-45.684375, 186], [-41.4609375, 185], [-41.1796875, 182], [-37.4921875, 185], [-34.5984375, 185], [-30.49375, 181], [-28.803125, 192], [-24.859375, 184], [-26.15, 185], [-21.7859375, 192], [-21.5734375, 186], [-20.803125, 188], [-18.128125, 192], [-17.7953125, 179], [-15.8234375, 182], [-16.75625, 191], [-13.321875, 176], [-12.6, 178], [-10.890625, 191], [-10.425, 169], [-11.6171875, 178], [-10.434375, 178], [-14.1671875, 167], [-14.5328125, 166], [-13.7078125, 192], [-12.7328125, 167], [-12.0546875, 188], [-13.3453125, 175], [-17.015625, 189], [-14.7953125, 181], [-16.7015625, 180], [-19.9546875, 174], [-17.0875, 155], [-22.846875, 166], [-26.2875, 161], [-34.603125, 184], [-36.05, 166], [-34.9125, 192], [-37.3375, 157], [-32.965625, 190], [-40.775, 188], [-39.665625, 180], [-46.7046875, 187], [-46.946875, 161], [-65.0640625, 183], [-53.5953125, 186], [-60.6578125, 154], [-59.8734375, 162], [-75.4125, 180], [-71.853125, 176], [-75.6328125, 188], [-93.4921875, 146], [-93.609375, 161]]}