{"episode_n": 100, "trajectory_len": 200, "trajectory_n": 640, "q_param": 0.1, "lamd": 0.1, "episode_data": [[-772.0578125, 573], [-770.2984375, 562], [-764.640625, 556], [-765.2, 573], [-763.746875, 568], [-763.590625, 561], [-769.9, 576], [-764.55625, 564], [-763.09375, 568], [-751.553125, 573], [-754.1375, 571], [-750.415625, 576], [-750.228125, 568], [-744.475, 568], [-752.0734375, 575], [-748.446875, 575], [-750.296875, 564], [-743.078125, 572], [-736.74375, 573], [-731.7984375, 569], [-731.890625, 570], [-733.5234375, 562], [-729.328125, 574], [-729.0703125, 570], [-730.8890625, 568], [-728.26875, 575], [-717.9265625, 564], [-720.61875, 568], [-722.9328125, 571], [-723.2625, 557], [-719.0, 570], [-721.06875, 561], [-716.709375, 557], [-716.66875, 575], [-714.2859375, 572], [-717.175, 558], [-706.784375, 562], [-713.93125, 571], [-705.5921875, 566], [-700.0140625, 559], [-709.34375, 575], [-701.05625, 567], [-694.0859375, 576], [-692.29375, 557], [-694.3828125, 560], [-700.46875, 566], [-689.5765625, 561], [-687.021875, 574], [-681.2, 564], [-684.5984375, 564], [-677.0703125, 553], [-680.9859375, 571], [-674.3859375, 571], [-680.7296875, 570], [-673.8234375, 562], [-671.015625, 562], [-674.1921875, 560], [-657.9046875, 563], [-671.6890625, 573], [-667.03125, 568], [-662.315625, 561], [-657.51875, 570], [-658.3625, 562], [-654.2328125, 565], [-655.0796875, 574], [-654.209375, 568], [-655.0859375, 566], [-648.8234375, 572], [-647.3078125, 562], [-646.378125, 558], [-646.8625, 564], [-645.825, 564], [-643.7515625, 576], [-640.0875, 558], [-642.965625, 575], [-633.375, 571], [-631.365625, 568], [-627.45, 568], [-630.7109375, 560], [-618.55625, 571], [-623.3390625, 567], [-628.590625, 564], [-619.9078125, 559], [-616.9703125, 568], [-606.484375, 565], [-620.5140625, 571], [-613.4, 544], [-611.63125, 576], [-594.36875, 571], [-613.921875, 562], [-598.378125, 559], [-599.109375, 566], [-600.6328125, 569], [-604.0640625, 564], [-605.184375, 574], [-587.7390625, 554], [-588.4625, 574], [-590.3046875, 564], [-592.0546875, 569], [-584.9140625, 570]]}