{"episode_n": 200, "trajectory_len": 200, "trajectory_n": 30, "q_param": 0.1, "lamd": 0.99, "episode_data": [[-770.4333333333333, 26], [-764.1666666666666, 27], [-710.3333333333334, 27], [-805.1, 27], [-741.5, 26], [-722.0, 27], [-669.5, 27], [-700.7, 27], [-726.2, 27], [-694.4, 26], [-761.7, 27], [-761.1, 27], [-763.4, 27], [-748.1, 26], [-757.4, 27], [-780.8, 27], [-709.4, 27], [-754.3333333333334, 27], [-676.5333333333333, 27], [-675.6666666666666, 27], [-626.0333333333333, 27], [-604.5666666666667, 25], [-658.0666666666667, 26], [-644.0333333333333, 26], [-655.4666666666667, 27], [-669.2333333333333, 27], [-587.3666666666667, 26], [-586.7666666666667, 27], [-632.1333333333333, 26], [-581.3666666666667, 27], [-567.5, 26], [-544.0, 26], [-588.5, 27], [-622.3333333333334, 27], [-591.9666666666667, 27], [-609.5, 27], [-623.0, 27], [-628.9, 27], [-648.7666666666667, 27], [-588.5, 27], [-511.76666666666665, 27], [-603.3333333333334, 27], [-506.6, 27], [-588.8333333333334, 27], [-610.3333333333334, 26], [-572.7, 27], [-576.0, 27], [-536.9333333333333, 26], [-562.2333333333333, 27], [-560.2666666666667, 27], [-536.6666666666666, 27], [-500.8666666666667, 27], [-455.1666666666667, 27], [-534.9, 27], [-456.2, 27], [-446.76666666666665, 27], [-609.0, 27], [-572.4666666666667, 27], [-512.8, 27], [-543.8, 27], [-571.4, 27], [-580.7, 27], [-526.7, 26], [-554.9, 27], [-619.8333333333334, 27], [-565.5333333333333, 27], [-628.2333333333333, 27], [-551.5, 27], [-560.8666666666667, 26], [-561.8333333333334, 27], [-554.7, 27], [-504.1333333333333, 27], [-479.5, 27], [-478.26666666666665, 27], [-542.7666666666667, 27], [-572.3333333333334, 27], [-593.6, 27], [-585.8, 26], [-629.0, 27], [-564.1, 27], [-562.3666666666667, 27], [-486.76666666666665, 26], [-512.2666666666667, 27], [-536.4666666666667, 27], [-584.3666666666667, 27], [-618.0, 27], [-565.6, 27], [-567.9, 27], [-550.6, 27], [-557.3, 27], [-539.5333333333333, 27], [-552.0333333333333, 27], [-615.3333333333334, 27], [-611.7333333333333, 27], [-652.4, 26], [-625.0666666666667, 27], [-635.6, 27], [-592.7, 27], [-608.3, 27], [-605.0, 27], [-585.8, 27], [-541.4, 27], [-576.8, 27], [-598.7, 27], [-606.2, 27], [-629.0, 27], [-616.4, 27], [-647.0, 26], [-625.1, 27], [-632.3, 27], [-669.8333333333334, 25], [-635.8333333333334, 27], [-631.7333333333333, 27], [-589.1666666666666, 27], [-642.4333333333333, 27], [-638.3, 27], [-606.9, 27], [-618.1333333333333, 27], [-614.6666666666666, 27], [-591.5666666666667, 27], [-477.8333333333333, 27], [-565.1, 27], [-603.5, 27], [-627.2, 27], [-628.1, 26], [-638.3, 27], [-643.1, 27], [-591.5666666666667, 27], [-628.9333333333333, 27], [-542.3333333333334, 27], [-544.3333333333334, 27], [-538.7666666666667, 27], [-504.53333333333336, 27], [-536.7333333333333, 27], [-477.7, 27], [-500.3333333333333, 27], [-570.2, 26], [-603.4, 27], [-669.8666666666667, 27], [-532.7, 27], [-554.0, 27], [-566.0, 27], [-558.5, 27], [-583.1, 27], [-572.0, 26], [-564.8, 27], [-570.5, 27], [-583.5, 27], [-659.0, 27], [-631.1, 27], [-620.9, 27], [-599.9, 27], [-573.2, 27], [-559.1666666666666, 27], [-639.2666666666667, 27], [-618.4333333333333, 27], [-542.5666666666667, 27], [-573.6, 27], [-606.7666666666667, 27], [-513.2666666666667, 27], [-537.3333333333334, 27], [-542.6, 27], [-529.4333333333333, 27], [-481.4, 27], [-583.4333333333333, 27], [-594.0, 27], [-602.7, 26], [-561.4666666666667, 27], [-528.2, 27], [-571.0666666666667, 27], [-499.8333333333333, 26], [-544.9666666666667, 27], [-586.7, 26], [-645.8, 27], [-599.6666666666666, 27], [-604.8333333333334, 27], [-577.5, 27], [-618.0, 27], [-592.9, 27], [-566.6666666666666, 27], [-522.0333333333333, 27], [-505.1, 27], [-481.1, 27], [-505.7, 27], [-480.2, 26], [-541.4, 27], [-480.8, 27], [-484.4, 27], [-492.2, 27], [-464.3, 27], [-494.3666666666667, 27], [-506.5, 27], [-483.6, 27], [-531.6333333333333, 27], [-440.1333333333333, 27], [-529.8, 25], [-624.4333333333333, 27], [-557.5, 27], [-524.6, 27], [-599.2, 27]]}