{"episode_n": 100, "trajectory_len": 200, "trajectory_n": 640, "q_param": 0.4, "lamd": 0.1, "episode_data": [[-759.3671875, 366], [-758.303125, 374], [-754.3578125, 364], [-749.915625, 374], [-741.2640625, 357], [-738.7421875, 356], [-727.93125, 372], [-728.353125, 381], [-716.9046875, 367], [-717.6390625, 371], [-710.2390625, 360], [-693.878125, 356], [-688.23125, 380], [-691.9703125, 383], [-689.034375, 355], [-677.7453125, 363], [-669.6703125, 355], [-668.1046875, 361], [-658.2578125, 368], [-661.6515625, 359], [-642.6796875, 381], [-627.8515625, 382], [-630.71875, 367], [-614.225, 381], [-617.328125, 369], [-616.1703125, 362], [-608.303125, 360], [-596.4, 382], [-574.8875, 377], [-571.1984375, 363], [-562.1234375, 360], [-554.4078125, 377], [-559.9921875, 371], [-522.775, 376], [-537.7890625, 369], [-516.89375, 378], [-517.6453125, 384], [-496.2171875, 380], [-487.04375, 381], [-485.7609375, 384], [-473.5, 372], [-467.746875, 381], [-455.5578125, 373], [-441.640625, 376], [-439.0203125, 384], [-418.284375, 378], [-410.1125, 384], [-383.0578125, 384], [-381.0109375, 383], [-359.490625, 384], [-345.396875, 383], [-343.346875, 383], [-325.6453125, 384], [-308.10625, 384], [-286.946875, 382], [-281.7078125, 383], [-263.2484375, 383], [-257.296875, 382], [-242.434375, 384], [-236.0734375, 383], [-217.6953125, 384], [-202.675, 384], [-197.5359375, 383], [-187.634375, 384], [-179.8625, 382], [-163.390625, 384], [-159.9546875, 381], [-150.878125, 384], [-149.825, 384], [-139.2953125, 383], [-135.1984375, 380], [-129.8828125, 384], [-122.91875, 382], [-113.871875, 382], [-108.040625, 381], [-101.2984375, 383], [-103.6421875, 383], [-93.4359375, 380], [-90.10625, 382], [-86.5953125, 380], [-82.515625, 380], [-76.746875, 383], [-73.8, 382], [-70.8140625, 384], [-67.7, 384], [-65.603125, 382], [-61.4, 384], [-57.3515625, 377], [-53.803125, 380], [-53.340625, 381], [-49.459375, 382], [-44.9515625, 378], [-46.7734375, 383], [-40.95, 384], [-39.7765625, 383], [-39.1671875, 381], [-34.371875, 383], [-34.1203125, 374], [-32.784375, 384], [-29.484375, 367]]}