{"episode_n": 100, "trajectory_len": 200, "trajectory_n": 160, "q_param": 0.9, "lamd": 0.8, "episode_data": [[-765.05, 15], [-691.33125, 16], [-581.4875, 16], [-555.025, 16], [-469.80625, 16], [-376.76875, 16], [-445.1625, 16], [-467.3, 16], [-499.1875, 16], [-474.3125, 16], [-504.91875, 16], [-460.55, 16], [-532.78125, 16], [-517.35625, 16], [-523.6625, 16], [-560.1375, 16], [-529.45, 16], [-559.4, 15], [-535.66875, 15], [-550.8375, 13], [-558.6125, 16], [-607.59375, 16], [-677.6375, 16], [-542.975, 15], [-587.8625, 16], [-561.13125, 16], [-588.78125, 16], [-565.5125, 16], [-541.775, 15], [-584.925, 16], [-642.325, 16], [-576.25625, 16], [-615.96875, 16], [-554.31875, 16], [-580.5, 16], [-598.55625, 15], [-646.71875, 16], [-609.0, 16], [-600.85, 16], [-621.18125, 16], [-603.2875, 16], [-555.18125, 16], [-580.1125, 14], [-583.16875, 16], [-583.4625, 15], [-578.725, 13], [-592.6125, 16], [-668.56875, 16], [-617.14375, 16], [-633.4125, 16], [-642.48125, 16], [-643.7625, 15], [-660.16875, 16], [-635.16875, 16], [-627.13125, 16], [-655.68125, 16], [-665.175, 16], [-677.95625, 16], [-650.7125, 15], [-620.9625, 16], [-671.94375, 16], [-592.08125, 14], [-646.725, 16], [-606.56875, 15], [-616.6875, 16], [-639.9375, 16], [-644.8375, 16], [-672.33125, 16], [-629.725, 16], [-635.8625, 14], [-637.875, 16], [-617.9875, 16], [-632.8375, 16], [-618.64375, 16], [-663.06875, 16], [-619.35, 16], [-661.58125, 15], [-638.45625, 16], [-613.65625, 16], [-662.1875, 16], [-590.04375, 16], [-660.1125, 16], [-658.50625, 16], [-677.43125, 16], [-655.15625, 16], [-614.45, 16], [-637.825, 16], [-682.46875, 16], [-626.4625, 16], [-659.39375, 16], [-599.50625, 16], [-613.39375, 16], [-661.7, 16], [-661.74375, 16], [-680.53125, 16], [-601.30625, 16], [-627.5, 13], [-627.375, 16], [-658.0125, 16], [-630.625, 16]]}