{"episode_n": 100, "trajectory_len": 200, "trajectory_n": 160, "q_param": 0.9, "lamd": 0.99, "episode_data": [[-774.35, 15], [-656.56875, 16], [-609.34375, 16], [-570.65, 16], [-487.1875, 16], [-556.61875, 16], [-545.25, 16], [-539.53125, 16], [-629.20625, 16], [-594.33125, 16], [-584.53125, 16], [-602.8125, 15], [-644.875, 16], [-605.71875, 14], [-651.2125, 16], [-646.9875, 15], [-707.15625, 16], [-481.13125, 16], [-606.7125, 15], [-592.36875, 16], [-569.60625, 16], [-597.41875, 14], [-598.41875, 16], [-559.85625, 15], [-578.8875, 16], [-604.29375, 16], [-655.975, 16], [-615.70625, 15], [-560.5125, 13], [-665.55, 16], [-645.84375, 16], [-636.0, 15], [-662.7125, 16], [-639.59375, 16], [-590.65, 13], [-661.525, 16], [-638.375, 16], [-639.0125, 16], [-605.8, 15], [-679.26875, 16], [-577.9, 13], [-655.69375, 16], [-656.90625, 16], [-649.0875, 16], [-652.56875, 12], [-617.5375, 16], [-627.08125, 16], [-650.025, 16], [-686.2, 16], [-588.7625, 16], [-622.1125, 16], [-626.8, 16], [-632.74375, 16], [-623.30625, 15], [-631.49375, 16], [-637.175, 16], [-616.1375, 15], [-639.85625, 16], [-647.5625, 16], [-606.5875, 16], [-654.41875, 16], [-619.79375, 16], [-658.59375, 16], [-672.1125, 16], [-633.75, 16], [-625.59375, 16], [-669.4, 16], [-666.93125, 16], [-646.05625, 15], [-651.4, 16], [-623.15, 15], [-630.7, 14], [-625.85, 16], [-615.6625, 15], [-618.675, 16], [-596.25, 16], [-656.51875, 16], [-616.60625, 16], [-672.1875, 16], [-627.7, 16], [-636.1375, 16], [-675.31875, 16], [-649.96875, 16], [-607.38125, 14], [-655.3875, 16], [-671.875, 16], [-677.1, 16], [-629.6125, 16], [-628.94375, 16], [-663.43125, 16], [-624.04375, 16], [-640.25, 15], [-657.2375, 16], [-670.61875, 16], [-633.1625, 16], [-627.5, 16], [-670.2375, 15], [-639.775, 16], [-642.2125, 16], [-662.05625, 16]]}