{"episode_n": 100, "trajectory_len": 200, "trajectory_n": 640, "q_param": 0.5, "lamd": 0.4, "episode_data": [[-767.1328125, 314], [-740.271875, 302], [-708.9703125, 292], [-675.0890625, 306], [-646.3578125, 320], [-616.00625, 306], [-574.7296875, 298], [-531.1046875, 314], [-490.0375, 316], [-436.1875, 320], [-386.878125, 319], [-316.5734375, 319], [-263.8703125, 320], [-218.1828125, 320], [-171.921875, 315], [-129.0796875, 314], [-103.9171875, 319], [-80.68125, 316], [-67.475, 316], [-52.4328125, 317], [-41.21875, 320], [-33.7625, 310], [-24.78125, 319], [-19.871875, 303], [-13.69375, 302], [-9.28125, 305], [-5.7296875, 306], [-3.5125, 295], [-1.9046875, 310], [-1.584375, 313], [-3.1453125, 309], [-5.309375, 317], [-7.0015625, 292], [-11.48125, 267], [-14.5171875, 313], [-26.9390625, 289], [-40.134375, 289], [-45.24375, 314], [-51.084375, 311], [-48.959375, 266], [-60.071875, 318], [-51.1015625, 274], [-71.378125, 299], [-79.89375, 304], [-87.7546875, 280], [-89.95625, 319], [-89.490625, 293], [-94.4171875, 300], [-80.903125, 261], [-91.7703125, 287], [-86.8421875, 303], [-92.6328125, 301], [-88.55, 301], [-84.9203125, 311], [-86.675, 256], [-102.5125, 314], [-91.1890625, 301], [-89.671875, 249], [-77.9296875, 308], [-103.171875, 318], [-93.4359375, 305], [-98.675, 264], [-115.9546875, 316], [-84.7515625, 268], [-118.528125, 320], [-91.6734375, 294], [-93.3515625, 320], [-81.6578125, 296], [-72.9015625, 310], [-84.3703125, 317], [-85.8109375, 311], [-90.6390625, 314], [-102.5453125, 319], [-91.93125, 309], [-88.8109375, 265], [-93.9421875, 318], [-63.953125, 305], [-61.034375, 260], [-88.9625, 295], [-73.4484375, 316], [-87.2203125, 318], [-64.8671875, 316], [-72.2015625, 312], [-71.709375, 260], [-91.596875, 312], [-92.0984375, 320], [-73.40625, 320], [-76.7375, 311], [-57.328125, 254], [-79.496875, 311], [-104.4140625, 309], [-69.975, 314], [-80.81875, 256], [-78.659375, 290], [-98.6765625, 319], [-82.0421875, 304], [-84.8890625, 303], [-81.4875, 308], [-76.6046875, 262], [-103.7734375, 319]]}