{"episode_n": 100, "trajectory_len": 200, "trajectory_n": 1280, "q_param": 0.2, "lamd": 0.5, "episode_data": [[-771.95625, 1012], [-758.07890625, 979], [-742.1078125, 993], [-733.2453125, 1008], [-720.9703125, 1021], [-709.67421875, 1019], [-697.184375, 999], [-679.66796875, 1011], [-670.95703125, 979], [-646.6546875, 1004], [-633.8046875, 977], [-611.8046875, 1017], [-606.18203125, 1021], [-589.41796875, 992], [-571.0046875, 970], [-555.8578125, 990], [-533.36171875, 984], [-517.346875, 1006], [-503.38046875, 1023], [-482.68359375, 995], [-472.21640625, 1015], [-449.80859375, 1016], [-429.965625, 1007], [-418.76171875, 1023], [-404.11328125, 1001], [-377.134375, 987], [-357.4015625, 1022], [-332.2828125, 993], [-314.6640625, 1014], [-291.25546875, 1014], [-272.625, 1022], [-244.96328125, 1018], [-225.290625, 1024], [-203.3953125, 1022], [-182.56171875, 1022], [-162.06484375, 1022], [-137.9703125, 1024], [-120.6421875, 1024], [-110.25078125, 1022], [-95.2328125, 1015], [-83.884375, 1021], [-76.53125, 1019], [-68.16796875, 1022], [-59.5765625, 1022], [-51.01484375, 1014], [-44.59921875, 1021], [-39.24140625, 1021], [-32.15703125, 1014], [-27.8375, 1018], [-23.42890625, 1018], [-19.91328125, 1009], [-16.27734375, 1015], [-13.19609375, 1019], [-10.40859375, 1018], [-7.37890625, 1004], [-5.35390625, 1002], [-3.103125, 1010], [-1.77421875, 1009], [-0.2015625, 1020], [1.01015625, 985], [2.14609375, 1018], [3.22734375, 970], [3.49609375, 1002], [4.2328125, 1002], [4.684375, 965], [5.23515625, 940], [5.11328125, 970], [5.33203125, 1021], [5.2453125, 921], [5.04375, 985], [4.51328125, 981], [3.47890625, 986], [4.175, 891], [1.4703125, 990], [1.9078125, 1014], [3.15390625, 896], [0.8, 902], [-0.4890625, 947], [-1.09375, 944], [-4.3640625, 1012], [-0.17421875, 970], [-0.52578125, 975], [-1.94453125, 990], [-3.33203125, 996], [-1.60234375, 1011], [-3.16640625, 992], [-4.109375, 1016], [-5.0375, 988], [-4.17421875, 1013], [-2.40703125, 865], [-9.88125, 1011], [-0.34765625, 971], [-3.1203125, 978], [-1.93515625, 980], [-5.16875, 991], [-2.2984375, 1004], [-4.84140625, 994], [-3.41953125, 982], [-3.73671875, 873], [-6.61953125, 988]]}