{"episode_n": 100, "trajectory_len": 200, "trajectory_n": 320, "q_param": 0.9, "lamd": 0.99, "episode_data": [[-768.21875, 31], [-657.16875, 32], [-495.0875, 32], [-335.240625, 31], [-307.73125, 31], [-324.621875, 32], [-342.059375, 30], [-372.3125, 32], [-407.909375, 28], [-386.9875, 24], [-487.153125, 27], [-484.965625, 30], [-514.721875, 32], [-481.4375, 20], [-541.75, 32], [-550.51875, 31], [-511.46875, 27], [-591.575, 32], [-541.125, 31], [-560.69375, 32], [-517.525, 32], [-551.25, 32], [-549.015625, 31], [-534.703125, 24], [-568.0875, 31], [-563.540625, 31], [-547.6625, 27], [-561.321875, 32], [-517.18125, 22], [-542.425, 31], [-569.63125, 32], [-528.11875, 27], [-559.2, 32], [-560.44375, 32], [-551.2125, 31], [-550.60625, 32], [-553.1375, 27], [-555.20625, 32], [-533.734375, 25], [-560.49375, 32], [-572.840625, 29], [-573.56875, 32], [-584.028125, 32], [-555.234375, 29], [-571.184375, 31], [-554.50625, 32], [-576.6125, 28], [-574.09375, 32], [-520.615625, 29], [-517.021875, 28], [-538.79375, 32], [-583.009375, 32], [-514.715625, 29], [-499.525, 24], [-582.56875, 32], [-549.003125, 29], [-568.99375, 32], [-559.134375, 32], [-585.35625, 31], [-566.15625, 29], [-589.5875, 31], [-576.190625, 32], [-618.91875, 32], [-604.18125, 32], [-579.83125, 24], [-571.71875, 32], [-593.509375, 30], [-591.0875, 32], [-546.975, 32], [-546.478125, 30], [-586.415625, 32], [-613.446875, 32], [-565.96875, 30], [-580.0375, 22], [-578.53125, 32], [-585.296875, 32], [-566.5125, 25], [-591.428125, 32], [-582.340625, 32], [-556.53125, 30], [-589.19375, 32], [-550.046875, 26], [-581.24375, 32], [-583.359375, 25], [-588.76875, 31], [-569.446875, 28], [-591.69375, 31], [-583.3625, 27], [-594.559375, 31], [-554.75, 31], [-559.684375, 23], [-574.203125, 32], [-615.15, 32], [-565.48125, 31], [-595.284375, 32], [-605.95625, 32], [-564.978125, 24], [-593.6625, 32], [-574.41875, 30], [-577.065625, 30]]}