{"episode_n": 100, "trajectory_len": 200, "trajectory_n": 160, "q_param": 0.5, "lamd": 0.99, "episode_data": [[-758.95625, 78], [-693.9875, 79], [-611.7375, 75], [-535.5125, 80], [-422.9375, 76], [-316.725, 80], [-269.63125, 78], [-334.3, 80], [-278.05, 80], [-290.45, 80], [-305.4125, 80], [-265.29375, 79], [-290.9625, 80], [-234.26875, 79], [-263.7875, 80], [-213.09375, 80], [-247.88125, 80], [-182.14375, 77], [-227.2125, 77], [-209.08125, 80], [-219.1625, 80], [-193.7, 80], [-200.65, 80], [-140.1375, 78], [-173.63125, 79], [-218.0375, 80], [-264.425, 79], [-220.18125, 79], [-219.85625, 80], [-216.125, 80], [-252.36875, 80], [-193.35, 80], [-210.03125, 80], [-195.825, 80], [-222.29375, 80], [-214.40625, 79], [-222.2875, 80], [-210.79375, 79], [-225.2375, 78], [-183.53125, 80], [-231.0625, 78], [-214.63125, 80], [-189.5125, 78], [-190.9125, 78], [-248.375, 80], [-195.58125, 80], [-184.225, 80], [-204.84375, 79], [-233.73125, 80], [-239.25, 78], [-195.7, 80], [-200.06875, 77], [-221.84375, 79], [-237.5375, 80], [-202.0875, 77], [-240.13125, 80], [-208.875, 80], [-202.40625, 72], [-222.525, 80], [-224.2875, 80], [-202.175, 79], [-248.63125, 80], [-273.6125, 80], [-253.69375, 80], [-234.50625, 80], [-204.55625, 79], [-230.1375, 80], [-236.44375, 79], [-265.56875, 80], [-194.59375, 79], [-248.48125, 80], [-228.1375, 80], [-223.825, 80], [-214.36875, 80], [-250.475, 80], [-236.01875, 79], [-155.36875, 77], [-257.6, 80], [-214.75, 80], [-259.8625, 80], [-234.36875, 78], [-221.99375, 80], [-192.51875, 78], [-245.9625, 79], [-259.1, 80], [-205.43125, 80], [-197.1625, 78], [-207.99375, 80], [-214.94375, 79], [-273.9625, 80], [-213.73125, 80], [-257.1125, 80], [-209.69375, 79], [-232.7, 80], [-220.6, 80], [-211.63125, 80], [-275.68125, 80], [-194.48125, 79], [-199.59375, 78], [-261.35625, 80]]}