{"episode_n": 100, "trajectory_len": 200, "trajectory_n": 160, "q_param": 0.2, "lamd": 0.99, "episode_data": [[-779.3375, 127], [-732.80625, 122], [-704.73125, 128], [-692.35625, 125], [-650.36875, 127], [-622.53125, 126], [-591.9875, 128], [-580.15625, 126], [-542.18125, 126], [-524.05, 127], [-471.14375, 124], [-459.6, 127], [-439.175, 128], [-393.2625, 123], [-374.2125, 125], [-361.725, 128], [-332.5875, 123], [-321.01875, 127], [-307.6, 128], [-306.075, 127], [-294.85, 123], [-266.29375, 128], [-247.56875, 127], [-238.54375, 121], [-230.6125, 123], [-206.225, 121], [-195.5625, 123], [-197.45, 123], [-169.19375, 127], [-181.80625, 120], [-167.2625, 119], [-186.875, 122], [-163.1, 128], [-149.7625, 60], [-459.83125, 127], [-474.89375, 124], [-414.2625, 126], [-428.6125, 124], [-377.70625, 128], [-338.20625, 127], [-284.23125, 125], [-274.31875, 125], [-233.15625, 128], [-199.08125, 128], [-151.6875, 128], [-148.4375, 127], [-122.48125, 128], [-106.10625, 127], [-130.99375, 128], [-84.56875, 127], [-113.05625, 128], [-98.16875, 128], [-90.63125, 128], [-80.06875, 127], [-93.675, 128], [-62.36875, 128], [-71.76875, 128], [-89.90625, 128], [-88.51875, 128], [-66.60625, 128], [-64.85625, 128], [-68.725, 128], [-85.61875, 128], [-49.6375, 128], [-42.59375, 128], [-55.775, 128], [-83.16875, 128], [-82.10625, 128], [-63.39375, 128], [-60.60625, 128], [-71.9625, 128], [-52.9125, 128], [-43.5375, 128], [-16.0625, 127], [-37.25625, 128], [-30.40625, 128], [-35.28125, 128], [-15.18125, 126], [-33.24375, 127], [-24.2375, 127], [-27.2625, 127], [-12.14375, 128], [-25.05625, 128], [-27.54375, 126], [-47.35625, 128], [-10.425, 128], [-12.7375, 127], [-47.475, 128], [-38.54375, 127], [-11.84375, 128], [-22.29375, 128], [-16.6625, 128], [-15.05, 128], [-14.53125, 128], [-20.8625, 127], [-13.01875, 128], [-17.175, 128], [-14.15625, 128], [-8.5875, 127], [-8.3875, 128]]}