{"episode_n": 100, "trajectory_len": 200, "trajectory_n": 640, "q_param": 0.5, "lamd": 0.6, "episode_data": [[-767.9765625, 292], [-730.228125, 319], [-689.0078125, 319], [-635.896875, 298], [-585.959375, 309], [-538.9171875, 305], [-468.184375, 320], [-381.409375, 320], [-301.1015625, 320], [-217.125, 320], [-152.6046875, 319], [-105.9375, 317], [-79.2296875, 317], [-52.871875, 316], [-37.83125, 316], [-26.4390625, 308], [-15.9546875, 309], [-8.9125, 320], [-6.2671875, 312], [-3.7484375, 286], [-3.134375, 310], [-6.4671875, 319], [-9.825, 300], [-14.5703125, 286], [-28.3984375, 294], [-39.9671875, 266], [-59.740625, 315], [-33.5765625, 264], [-64.246875, 308], [-53.375, 289], [-75.0484375, 306], [-88.0625, 291], [-73.3640625, 316], [-89.9875, 298], [-95.209375, 293], [-90.640625, 264], [-116.55, 317], [-83.146875, 297], [-78.528125, 302], [-90.471875, 316], [-101.0640625, 310], [-121.7875, 307], [-79.0984375, 257], [-126.1875, 316], [-72.7828125, 300], [-90.496875, 318], [-96.7484375, 259], [-113.1125, 317], [-68.3171875, 317], [-88.5328125, 311], [-108.0078125, 307], [-100.175, 243], [-107.3515625, 315], [-65.4625, 266], [-84.71875, 319], [-79.175, 292], [-84.88125, 309], [-97.9265625, 245], [-117.3078125, 313], [-83.878125, 312], [-88.0375, 319], [-46.1453125, 317], [-50.25625, 248], [-105.1578125, 307], [-49.71875, 310], [-70.7703125, 252], [-101.31875, 314], [-41.4765625, 310], [-62.0578125, 283], [-99.96875, 319], [-30.625, 294], [-59.6515625, 319], [-42.4890625, 258], [-90.528125, 312], [-67.028125, 315], [-77.125, 270], [-98.984375, 319], [-71.684375, 295], [-90.2703125, 317], [-81.2703125, 288], [-83.15625, 241], [-90.2390625, 318], [-69.9828125, 311], [-71.296875, 244], [-99.5734375, 318], [-79.471875, 303], [-69.7125, 251], [-102.3171875, 315], [-86.2734375, 312], [-52.6640625, 252], [-74.2078125, 316], [-41.7328125, 311], [-50.8296875, 307], [-60.0375, 304], [-61.3296875, 318], [-79.571875, 310], [-79.9234375, 237], [-95.728125, 313], [-104.2421875, 318], [-69.1484375, 305]]}