{"episode_n": 100, "trajectory_len": 200, "trajectory_n": 640, "q_param": 0.5, "lamd": 0.1, "episode_data": [[-773.66875, 307], [-771.196875, 294], [-762.7703125, 308], [-759.4265625, 295], [-744.2515625, 319], [-744.8546875, 306], [-739.3296875, 278], [-726.503125, 282], [-716.9109375, 301], [-708.20625, 300], [-708.125, 289], [-700.39375, 301], [-698.0734375, 295], [-686.9328125, 318], [-668.4296875, 309], [-673.4046875, 318], [-668.43125, 309], [-659.7859375, 298], [-642.4359375, 311], [-630.83125, 289], [-630.028125, 291], [-612.5359375, 303], [-610.0375, 312], [-605.915625, 303], [-587.2484375, 298], [-579.3640625, 305], [-560.6390625, 311], [-555.7046875, 297], [-549.9328125, 310], [-541.159375, 320], [-535.3265625, 320], [-511.953125, 304], [-506.475, 314], [-493.18125, 313], [-477.4578125, 314], [-455.2546875, 314], [-450.6421875, 320], [-434.9828125, 320], [-415.8390625, 317], [-408.55, 320], [-394.2359375, 320], [-378.1265625, 319], [-354.121875, 320], [-336.5296875, 320], [-321.3890625, 319], [-298.434375, 320], [-278.4875, 318], [-269.46875, 317], [-245.1546875, 320], [-235.2875, 318], [-218.665625, 319], [-207.275, 318], [-193.8625, 319], [-183.996875, 319], [-169.6171875, 318], [-156.45, 318], [-148.4953125, 320], [-141.5625, 319], [-128.8359375, 317], [-119.3265625, 312], [-114.0859375, 317], [-112.36875, 315], [-103.0234375, 313], [-92.6296875, 319], [-87.40625, 316], [-83.8328125, 319], [-82.0296875, 319], [-79.7078125, 316], [-73.0390625, 315], [-63.5140625, 320], [-63.971875, 316], [-60.0265625, 314], [-54.6015625, 318], [-53.1640625, 318], [-50.64375, 315], [-48.8359375, 315], [-42.6359375, 320], [-40.3546875, 320], [-39.1046875, 314], [-34.6859375, 312], [-32.6203125, 318], [-32.8234375, 319], [-29.909375, 316], [-26.9578125, 313], [-24.603125, 312], [-24.265625, 308], [-20.9625, 313], [-19.1875, 319], [-19.390625, 315], [-17.54375, 306], [-17.3125, 307], [-15.453125, 305], [-14.478125, 320], [-12.1328125, 300], [-10.934375, 302], [-10.253125, 315], [-9.1296875, 315], [-8.5921875, 305], [-8.003125, 300], [-6.3140625, 312]]}