{"episode_n": 100, "trajectory_len": 200, "trajectory_n": 640, "q_param": 0.5, "lamd": 0.8, "episode_data": [[-781.2625, 305], [-737.4125, 313], [-689.1953125, 298], [-636.140625, 319], [-575.878125, 299], [-517.634375, 319], [-451.303125, 320], [-383.115625, 309], [-299.76875, 319], [-209.4859375, 320], [-139.56875, 320], [-90.2984375, 316], [-60.509375, 316], [-32.6171875, 319], [-21.103125, 313], [-11.1796875, 310], [-6.0875, 315], [-4.54375, 315], [-4.8546875, 307], [-15.821875, 298], [-16.815625, 269], [-52.696875, 297], [-62.6, 301], [-55.75, 266], [-80.328125, 299], [-70.0421875, 287], [-122.7390625, 318], [-84.5390625, 320], [-54.28125, 309], [-73.0015625, 307], [-111.021875, 300], [-103.45625, 320], [-95.821875, 307], [-94.7234375, 307], [-95.08125, 251], [-130.66875, 315], [-45.2375, 294], [-82.3328125, 318], [-68.996875, 316], [-67.3203125, 254], [-129.834375, 320], [-28.9796875, 291], [-69.69375, 312], [-83.871875, 311], [-68.984375, 254], [-113.8234375, 313], [-81.9125, 316], [-86.2203125, 311], [-89.7671875, 313], [-100.4890625, 316], [-94.4125, 318], [-100.390625, 319], [-98.659375, 239], [-139.4765625, 320], [-89.0609375, 319], [-86.715625, 311], [-98.009375, 300], [-100.5859375, 310], [-82.3234375, 313], [-92.0359375, 267], [-118.6296875, 319], [-49.48125, 309], [-75.46875, 318], [-92.59375, 254], [-132.6078125, 320], [-72.3859375, 314], [-93.984375, 262], [-138.79375, 315], [-81.075, 310], [-79.9390625, 299], [-74.5265625, 250], [-130.9125, 318], [-55.4609375, 291], [-77.7328125, 316], [-63.171875, 239], [-114.3109375, 307], [-55.0796875, 307], [-58.9, 303], [-92.0078125, 301], [-75.5140625, 236], [-110.775, 319], [-71.7375, 308], [-69.871875, 271], [-139.30625, 319], [-69.5796875, 288], [-80.721875, 314], [-108.3515625, 320], [-78.43125, 308], [-91.2921875, 317], [-99.0421875, 238], [-126.6984375, 313], [-86.8640625, 306], [-93.525, 247], [-126.115625, 315], [-79.196875, 261], [-119.3125, 319], [-84.10625, 314], [-108.1078125, 312], [-100.5828125, 258], [-150.378125, 316]]}