{"episode_n": 100, "trajectory_len": 200, "trajectory_n": 640, "q_param": 0.9, "lamd": 0.2, "episode_data": [[-776.5921875, 60], [-663.840625, 64], [-498.196875, 64], [-287.25, 64], [-194.9265625, 62], [-164.9484375, 64], [-174.8078125, 64], [-191.4640625, 60], [-213.853125, 61], [-238.5109375, 57], [-297.8796875, 47], [-341.4109375, 55], [-413.8015625, 54], [-448.728125, 57], [-449.3578125, 62], [-451.8890625, 59], [-458.459375, 59], [-475.1984375, 48], [-491.9375, 63], [-487.9234375, 61], [-501.4015625, 63], [-448.50625, 52], [-481.6515625, 60], [-491.0796875, 52], [-511.2125, 64], [-488.190625, 48], [-525.1953125, 64], [-507.6578125, 60], [-521.60625, 45], [-513.846875, 60], [-526.8125, 64], [-516.7109375, 48], [-546.21875, 63], [-473.5953125, 47], [-501.8, 56], [-549.6765625, 63], [-483.8078125, 53], [-514.93125, 57], [-527.0734375, 61], [-542.621875, 61], [-526.3328125, 62], [-506.8296875, 57], [-523.3484375, 56], [-497.615625, 57], [-544.95, 62], [-497.075, 53], [-480.9078125, 53], [-550.9953125, 64], [-527.021875, 59], [-537.446875, 60], [-538.6375, 64], [-523.49375, 64], [-521.009375, 52], [-556.5359375, 64], [-504.3546875, 50], [-560.1625, 64], [-534.0171875, 38], [-534.965625, 61], [-521.4828125, 62], [-540.55625, 54], [-551.546875, 64], [-528.51875, 48], [-533.1859375, 64], [-543.784375, 60], [-548.2140625, 49], [-568.09375, 64], [-525.8390625, 63], [-559.1453125, 54], [-559.896875, 60], [-554.9890625, 60], [-533.4046875, 64], [-581.615625, 59], [-535.603125, 42], [-554.0984375, 64], [-535.8484375, 59], [-545.115625, 58], [-561.5, 61], [-553.278125, 58], [-552.471875, 48], [-564.3484375, 64], [-543.5046875, 50], [-561.828125, 63], [-507.375, 52], [-542.35, 64], [-529.9984375, 58], [-547.66875, 64], [-504.353125, 62], [-535.946875, 56], [-552.621875, 64], [-485.55625, 63], [-516.771875, 62], [-543.19375, 63], [-542.9515625, 60], [-538.7515625, 51], [-567.4078125, 64], [-542.0734375, 45], [-569.059375, 61], [-538.546875, 49], [-558.3015625, 64], [-545.21875, 51]]}