{"episode_n": 100, "trajectory_len": 200, "trajectory_n": 640, "q_param": 0.5, "lamd": 0.5, "episode_data": [[-770.7296875, 319], [-744.15625, 299], [-706.7078125, 316], [-663.303125, 301], [-629.5859375, 320], [-584.2265625, 297], [-518.6921875, 317], [-464.015625, 316], [-382.10625, 320], [-321.5515625, 319], [-246.75625, 319], [-187.8640625, 319], [-137.253125, 317], [-106.1765625, 319], [-80.053125, 316], [-61.0984375, 319], [-48.2765625, 318], [-33.4921875, 320], [-24.290625, 320], [-19.315625, 312], [-12.71875, 307], [-7.1890625, 318], [-3.0296875, 279], [-2.7015625, 303], [-3.8078125, 304], [-6.771875, 295], [-5.15625, 279], [-13.3234375, 286], [-24.1578125, 287], [-32.5765625, 282], [-41.8828125, 287], [-50.303125, 267], [-56.06875, 306], [-63.228125, 272], [-79.8, 318], [-33.9375, 298], [-41.1578125, 291], [-48.95625, 320], [-66.6109375, 273], [-82.5046875, 312], [-60.5328125, 313], [-65.93125, 292], [-81.971875, 304], [-77.234375, 282], [-75.790625, 245], [-113.9578125, 319], [-84.09375, 313], [-83.515625, 307], [-84.328125, 290], [-80.8265625, 244], [-104.14375, 319], [-76.0984375, 293], [-74.50625, 300], [-91.2484375, 312], [-82.465625, 251], [-97.6765625, 313], [-86.0171875, 252], [-118.934375, 307], [-105.828125, 319], [-67.465625, 316], [-73.45, 313], [-86.4828125, 298], [-79.090625, 243], [-91.140625, 320], [-73.8921875, 264], [-96.0875, 314], [-58.140625, 302], [-91.490625, 319], [-74.821875, 317], [-83.0890625, 316], [-86.0453125, 319], [-86.0125, 320], [-84.45, 299], [-78.7265625, 249], [-121.4203125, 318], [-65.3296875, 314], [-52.9421875, 285], [-52.9171875, 315], [-76.9421875, 237], [-90.359375, 319], [-67.734375, 302], [-82.2765625, 319], [-73.1859375, 314], [-83.75625, 283], [-116.9484375, 314], [-80.6796875, 312], [-58.6171875, 259], [-96.2203125, 308], [-78.38125, 317], [-72.496875, 305], [-76.753125, 305], [-72.984375, 248], [-100.1953125, 307], [-89.43125, 304], [-98.45, 320], [-60.0765625, 263], [-72.5015625, 308], [-77.2796875, 318], [-79.36875, 291], [-70.8078125, 265]]}