{"episode_n": 100, "trajectory_len": 200, "trajectory_n": 5120, "q_param": 0.9, "lamd": 0.99, "episode_data": [[-771.6748046875, 446], [-588.4455078125, 511], [-242.594921875, 510], [-77.0814453125, 508], [-21.0162109375, 441], [-26.8232421875, 410], [-243.3890625, 265], [-477.8392578125, 506], [-367.5220703125, 375], [-464.383203125, 434], [-482.3724609375, 498], [-385.3267578125, 416], [-475.3095703125, 505], [-417.0900390625, 453], [-471.114453125, 461], [-477.0529296875, 459], [-467.34453125, 494], [-481.54765625, 460], [-465.531640625, 502], [-469.2427734375, 466], [-476.4365234375, 440], [-469.9705078125, 474], [-472.9990234375, 465], [-476.6494140625, 450], [-474.218359375, 466], [-475.0919921875, 457], [-474.6171875, 458], [-474.267578125, 449], [-473.7662109375, 491], [-470.33125, 474], [-465.6107421875, 509], [-467.039453125, 461], [-471.384765625, 496], [-419.3099609375, 456], [-473.5123046875, 454], [-480.325390625, 465], [-468.402734375, 451], [-470.0033203125, 468], [-479.23515625, 448], [-464.9931640625, 277], [-606.6931640625, 512], [-328.944140625, 504], [-240.36875, 375], [-475.283203125, 510], [-432.640625, 411], [-484.3251953125, 511], [-417.5328125, 457], [-481.9541015625, 501], [-416.47109375, 468], [-482.997265625, 443], [-479.2419921875, 452], [-486.9115234375, 507], [-404.715625, 455], [-471.775, 468], [-489.074609375, 445], [-484.2123046875, 469], [-485.5150390625, 472], [-489.707421875, 487], [-420.8630859375, 435], [-478.77265625, 508], [-430.6556640625, 460], [-479.4162109375, 487], [-490.2509765625, 459], [-485.1556640625, 454], [-487.3521484375, 444], [-481.3890625, 445], [-485.588671875, 505], [-425.84609375, 434], [-482.6775390625, 443], [-488.7443359375, 499], [-433.8994140625, 457], [-488.6654296875, 438], [-484.93203125, 457], [-486.6982421875, 450], [-477.4287109375, 481], [-485.087109375, 505], [-416.5552734375, 409], [-489.3091796875, 443], [-483.5986328125, 473], [-487.2125, 468], [-485.2712890625, 504], [-429.6544921875, 458], [-481.2220703125, 500], [-434.47734375, 429], [-477.7412109375, 460], [-492.122265625, 509], [-336.498046875, 459], [-478.4587890625, 493], [-432.1478515625, 448], [-474.2890625, 480], [-485.8783203125, 510], [-382.4427734375, 430], [-482.78125, 498], [-402.7748046875, 503], [-487.259375, 452], [-493.433984375, 502], [-395.141015625, 417], [-475.837109375, 451], [-487.9666015625, 465], [-492.8111328125, 508]]}