{"episode_n": 100, "trajectory_len": 200, "trajectory_n": 640, "q_param": 0.9, "lamd": 0.1, "episode_data": [[-766.6640625, 55], [-755.0078125, 58], [-738.7125, 64], [-710.1578125, 64], [-689.53125, 64], [-650.790625, 64], [-618.6109375, 63], [-565.4734375, 64], [-522.7828125, 64], [-456.8015625, 63], [-432.715625, 64], [-374.2890625, 64], [-331.115625, 62], [-296.059375, 64], [-262.5, 64], [-246.5640625, 64], [-217.509375, 63], [-199.6703125, 63], [-181.575, 62], [-176.4640625, 62], [-156.415625, 63], [-143.340625, 62], [-131.6359375, 64], [-124.521875, 64], [-115.946875, 62], [-122.8828125, 61], [-124.8578125, 59], [-115.971875, 60], [-110.9953125, 64], [-110.23125, 64], [-114.0078125, 58], [-100.0984375, 62], [-115.5140625, 60], [-124.828125, 57], [-120.634375, 60], [-123.4890625, 61], [-116.24375, 59], [-123.7203125, 60], [-122.346875, 64], [-121.9875, 55], [-124.95625, 63], [-136.653125, 54], [-138.8109375, 62], [-137.49375, 46], [-140.440625, 47], [-163.475, 60], [-155.778125, 52], [-170.4859375, 51], [-152.3078125, 51], [-166.03125, 59], [-187.878125, 60], [-194.8609375, 56], [-206.8046875, 61], [-226.63125, 50], [-207.0984375, 59], [-223.10625, 64], [-218.9609375, 52], [-216.33125, 52], [-229.1765625, 47], [-245.9765625, 52], [-243.3546875, 47], [-280.13125, 62], [-277.5265625, 50], [-270.828125, 48], [-312.4765625, 59], [-298.3890625, 63], [-299.1921875, 55], [-323.65625, 53], [-328.73125, 62], [-330.4125, 57], [-359.0671875, 55], [-339.8875, 54], [-331.2265625, 43], [-354.325, 56], [-358.5875, 63], [-387.7515625, 54], [-364.4078125, 52], [-403.56875, 63], [-403.428125, 56], [-391.7125, 53], [-423.2515625, 48], [-425.0546875, 60], [-407.4609375, 63], [-410.434375, 45], [-415.9078125, 42], [-406.728125, 53], [-439.5859375, 64], [-439.525, 61], [-443.3140625, 55], [-443.05, 59], [-461.2734375, 64], [-467.10625, 63], [-450.0109375, 59], [-414.8890625, 61], [-470.4734375, 59], [-461.684375, 60], [-461.0734375, 64], [-449.396875, 51], [-485.4046875, 56], [-457.2875, 63]]}