{"episode_n": 20, "trajectory_len": 200, "trajectory_n": 640, "q_param": 0.9, "lamd": 0.99, "episode_data": [[-772.4015625, 53], [-629.81875, 64], [-323.709375, 63], [-180.721875, 60], [-219.7328125, 64], [-223.95625, 56], [-405.2171875, 55], [-439.9953125, 59], [-387.95625, 46], [-517.3921875, 64], [-391.3625, 63], [-474.865625, 51], [-525.896875, 64], [-492.9765625, 64], [-444.64375, 44], [-538.040625, 64], [-418.640625, 50], [-506.725, 63], [-467.9796875, 50], [-539.9203125, 64]]}