{"episode_n": 100, "trajectory_len": 200, "trajectory_n": 160, "q_param": 0.99, "lamd": 0.99, "episode_data": [[-765.68125, 2], [-649.14375, 2], [-710.475, 2], [-715.5375, 2], [-747.8125, 2], [-730.95, 2], [-711.84375, 2], [-726.25625, 1], [-744.58125, 2], [-719.03125, 2], [-688.875, 2], [-703.1, 2], [-727.08125, 2], [-705.71875, 1], [-740.41875, 2], [-719.6, 2], [-716.21875, 2], [-714.71875, 2], [-718.0375, 2], [-728.9875, 2], [-706.61875, 2], [-746.70625, 2], [-695.39375, 2], [-726.7625, 2], [-717.59375, 2], [-721.1625, 2], [-706.35, 2], [-740.40625, 2], [-696.03125, 2], [-732.425, 2], [-714.26875, 2], [-731.8625, 2], [-688.7625, 2], [-732.425, 2], [-725.34375, 2], [-747.90625, 2], [-715.95, 2], [-716.23125, 2], [-735.25, 2], [-722.8375, 2], [-726.33125, 2], [-730.2625, 2], [-724.45625, 2], [-678.18125, 2], [-737.575, 2], [-764.25, 2], [-725.7125, 2], [-687.68125, 2], [-724.7375, 2], [-751.99375, 2], [-705.0, 2], [-764.51875, 2], [-709.99375, 2], [-707.81875, 2], [-704.34375, 2], [-729.54375, 2], [-749.85625, 2], [-705.225, 2], [-704.0875, 2], [-742.225, 2], [-698.38125, 2], [-729.6, 2], [-686.39375, 2], [-743.26875, 2], [-717.89375, 2], [-685.2375, 0], [-706.74375, 2], [-735.45625, 2], [-690.1625, 2], [-721.19375, 2], [-709.53125, 2], [-732.55, 2], [-690.6375, 2], [-726.4, 2], [-694.46875, 2], [-741.46875, 2], [-699.725, 2], [-728.375, 2], [-734.9, 1], [-698.275, 1], [-750.16875, 2], [-716.0375, 1], [-757.1125, 2], [-685.05625, 2], [-679.38125, 2], [-728.09375, 1], [-730.66875, 2], [-729.61875, 2], [-692.10625, 2], [-721.86875, 1], [-751.35625, 2], [-730.54375, 2], [-692.24375, 2], [-733.55625, 2], [-719.7625, 1], [-734.54375, 2], [-722.2375, 2], [-733.4, 2], [-737.65625, 2], [-695.45625, 2]]}