{"episode_n": 100, "trajectory_len": 200, "trajectory_n": 640, "q_param": 0.5, "lamd": 0.2, "episode_data": [[-769.921875, 293], [-762.409375, 293], [-740.234375, 293], [-726.503125, 320], [-702.275, 301], [-693.690625, 308], [-678.003125, 297], [-667.11875, 300], [-649.940625, 300], [-622.9109375, 316], [-621.165625, 305], [-600.5671875, 298], [-569.3546875, 293], [-546.64375, 301], [-527.503125, 320], [-506.996875, 301], [-469.55, 320], [-454.8734375, 320], [-436.75, 320], [-395.8359375, 320], [-348.4796875, 320], [-320.0, 320], [-289.15625, 320], [-249.9703125, 320], [-221.5375, 318], [-202.11875, 319], [-183.1328125, 318], [-159.5875, 320], [-140.7375, 320], [-128.275, 319], [-112.153125, 318], [-101.309375, 319], [-91.603125, 316], [-83.6125, 318], [-72.6640625, 315], [-65.225, 314], [-54.8984375, 320], [-51.015625, 320], [-45.09375, 315], [-39.6, 313], [-33.9796875, 312], [-29.334375, 310], [-24.4796875, 320], [-23.6125, 303], [-17.540625, 310], [-16.01875, 304], [-14.1859375, 318], [-12.128125, 310], [-9.609375, 319], [-8.0375, 319], [-5.590625, 318], [-4.0734375, 300], [-4.234375, 313], [-3.31875, 320], [-0.71875, 292], [-1.3171875, 275], [-0.665625, 293], [-1.0109375, 278], [-2.1, 290], [-1.3828125, 289], [-1.41875, 274], [-2.090625, 280], [-6.465625, 313], [-5.521875, 298], [-9.3984375, 299], [-8.109375, 268], [-13.0328125, 266], [-18.675, 296], [-16.746875, 307], [-21.1546875, 286], [-28.1875, 278], [-31.6578125, 293], [-34.49375, 294], [-34.95625, 295], [-52.340625, 316], [-51.5765625, 299], [-54.56875, 310], [-46.565625, 264], [-55.640625, 271], [-55.875, 284], [-56.1890625, 298], [-64.546875, 289], [-76.896875, 268], [-69.8203125, 292], [-77.4796875, 318], [-75.965625, 301], [-66.81875, 307], [-66.7515625, 298], [-78.9171875, 295], [-76.534375, 291], [-87.3484375, 320], [-75.6609375, 304], [-75.2859375, 317], [-86.715625, 290], [-84.7359375, 300], [-86.4984375, 303], [-83.5125, 309], [-90.8078125, 317], [-78.6234375, 242], [-86.821875, 312]]}