{"episode_n": 100, "trajectory_len": 200, "trajectory_n": 2560, "q_param": 0.9, "lamd": 0.1, "episode_data": [[-771.201953125, 230], [-756.42421875, 255], [-735.27421875, 246], [-713.271875, 254], [-694.621484375, 254], [-669.9546875, 256], [-641.98984375, 254], [-598.632421875, 255], [-556.169921875, 256], [-505.817578125, 256], [-445.31953125, 250], [-396.206640625, 255], [-347.99609375, 256], [-297.723046875, 253], [-257.309765625, 253], [-217.533984375, 256], [-193.33359375, 249], [-169.835546875, 253], [-146.84375, 255], [-132.480078125, 248], [-117.52578125, 246], [-102.6015625, 252], [-90.584375, 251], [-81.1703125, 245], [-71.29296875, 248], [-64.872265625, 249], [-57.624609375, 245], [-52.851171875, 255], [-46.080859375, 249], [-41.405859375, 252], [-39.762109375, 249], [-35.66484375, 229], [-33.362109375, 232], [-30.2421875, 219], [-29.26484375, 252], [-26.015625, 242], [-25.807421875, 210], [-26.590625, 244], [-27.379296875, 198], [-27.07890625, 247], [-30.905859375, 251], [-36.441015625, 192], [-36.723828125, 163], [-40.3734375, 189], [-43.2703125, 179], [-52.85078125, 191], [-54.828125, 153], [-61.912890625, 255], [-71.53984375, 162], [-80.31015625, 167], [-87.809765625, 182], [-92.842578125, 202], [-105.1140625, 201], [-116.9015625, 205], [-129.559375, 245], [-134.923828125, 202], [-146.480859375, 133], [-160.73828125, 248], [-174.91640625, 252], [-195.275390625, 160], [-200.352734375, 253], [-207.492578125, 155], [-216.645703125, 158], [-225.18828125, 180], [-233.175, 201], [-249.042578125, 169], [-271.18046875, 192], [-287.6015625, 161], [-292.178515625, 186], [-304.6265625, 186], [-323.802734375, 247], [-322.727734375, 173], [-318.948046875, 206], [-341.158203125, 201], [-355.49765625, 189], [-359.467578125, 191], [-365.48828125, 224], [-376.966796875, 213], [-383.64609375, 205], [-395.193359375, 218], [-401.133984375, 256], [-389.835546875, 209], [-401.418359375, 213], [-410.36015625, 209], [-418.859375, 202], [-412.638671875, 217], [-417.6734375, 212], [-437.379296875, 249], [-411.501171875, 214], [-422.688671875, 205], [-413.141796875, 226], [-436.140234375, 253], [-430.53203125, 229], [-426.882421875, 220], [-432.4140625, 214], [-433.819921875, 215], [-443.8234375, 245], [-429.006640625, 230], [-434.521875, 198], [-443.078125, 212]]}