{"episode_n": 100, "trajectory_len": 200, "trajectory_n": 320, "q_param": 0.2, "lamd": 0.1, "episode_data": [[-770.865625, 247], [-768.73125, 248], [-761.390625, 234], [-768.021875, 246], [-762.434375, 251], [-758.825, 252], [-752.071875, 255], [-748.221875, 252], [-755.071875, 245], [-741.54375, 240], [-733.846875, 247], [-728.05625, 251], [-733.128125, 255], [-734.903125, 256], [-722.69375, 253], [-730.353125, 251], [-719.5125, 254], [-723.46875, 252], [-708.075, 256], [-714.428125, 244], [-711.05625, 242], [-700.10625, 255], [-700.25, 245], [-694.03125, 249], [-697.7, 244], [-693.640625, 249], [-684.859375, 256], [-696.09375, 252], [-669.7125, 247], [-676.9875, 249], [-683.7875, 242], [-673.96875, 254], [-672.490625, 249], [-656.703125, 243], [-643.771875, 255], [-659.859375, 254], [-654.4875, 243], [-657.35625, 247], [-646.128125, 249], [-633.903125, 256], [-636.771875, 255], [-639.475, 256], [-630.453125, 255], [-640.478125, 252], [-637.840625, 255], [-616.30625, 251], [-626.875, 249], [-622.490625, 245], [-608.2375, 255], [-600.734375, 249], [-602.90625, 250], [-593.80625, 249], [-583.775, 253], [-593.884375, 256], [-584.159375, 252], [-582.478125, 246], [-576.30625, 256], [-573.740625, 255], [-568.7875, 254], [-573.165625, 249], [-554.6625, 248], [-561.334375, 252], [-571.421875, 253], [-552.24375, 246], [-550.88125, 248], [-539.728125, 251], [-534.4, 243], [-530.596875, 255], [-531.584375, 248], [-531.275, 255], [-516.053125, 256], [-511.45, 245], [-519.475, 253], [-504.096875, 252], [-504.65, 256], [-498.98125, 247], [-504.609375, 255], [-487.275, 244], [-497.875, 245], [-479.409375, 250], [-486.034375, 244], [-463.609375, 251], [-473.80625, 253], [-471.99375, 252], [-463.9625, 241], [-448.7875, 252], [-441.428125, 254], [-451.590625, 245], [-429.796875, 253], [-439.58125, 248], [-435.525, 252], [-430.5875, 253], [-414.753125, 253], [-420.5, 254], [-399.25625, 252], [-403.1375, 246], [-397.125, 256], [-401.39375, 250], [-395.68125, 248], [-384.034375, 254]]}