{"episode_n": 100, "trajectory_len": 200, "trajectory_n": 5120, "q_param": 0.9, "lamd": 0.8, "episode_data": [[-769.6162109375, 464], [-622.45234375, 510], [-326.2876953125, 507], [-121.7412109375, 500], [-50.2767578125, 462], [-16.53671875, 507], [-39.0966796875, 443], [-128.1994140625, 463], [-247.465625, 311], [-369.037890625, 400], [-452.8681640625, 492], [-409.994140625, 389], [-447.4001953125, 432], [-465.32890625, 445], [-479.9150390625, 447], [-476.4416015625, 458], [-474.4455078125, 480], [-475.378125, 445], [-473.8181640625, 439], [-479.9033203125, 451], [-469.1396484375, 472], [-472.746875, 478], [-474.1458984375, 444], [-477.423828125, 440], [-475.142578125, 467], [-470.025, 481], [-477.3041015625, 439], [-477.2580078125, 502], [-426.64140625, 269], [-530.168359375, 506], [-382.4017578125, 427], [-419.7990234375, 383], [-481.2798828125, 428], [-491.59609375, 451], [-508.014453125, 511], [-420.376171875, 441], [-459.8611328125, 458], [-500.5841796875, 486], [-455.4072265625, 442], [-476.6427734375, 462], [-503.241796875, 506], [-449.487890625, 415], [-472.066015625, 444], [-498.13359375, 511], [-468.3427734375, 427], [-482.0806640625, 455], [-505.112109375, 496], [-451.6548828125, 480], [-491.2943359375, 495], [-450.561328125, 407], [-474.3767578125, 458], [-496.8361328125, 495], [-443.342578125, 433], [-472.35625, 485], [-503.5712890625, 451], [-499.458203125, 457], [-507.96328125, 495], [-445.59765625, 411], [-493.4201171875, 494], [-458.13828125, 447], [-479.0125, 461], [-499.4470703125, 453], [-509.2220703125, 451], [-511.1392578125, 447], [-512.8681640625, 480], [-455.815234375, 434], [-482.5013671875, 456], [-496.6408203125, 500], [-466.39375, 469], [-488.3943359375, 489], [-505.1673828125, 472], [-465.448828125, 469], [-493.75078125, 503], [-439.809765625, 483], [-473.97109375, 462], [-497.2958984375, 506], [-448.1041015625, 461], [-473.7751953125, 462], [-500.7234375, 445], [-505.5705078125, 504], [-510.7802734375, 455], [-497.22421875, 459], [-511.2412109375, 491], [-450.6787109375, 406], [-484.109375, 437], [-497.42890625, 507], [-443.389453125, 456], [-483.363671875, 423], [-504.4263671875, 511], [-427.0283203125, 439], [-472.4291015625, 452], [-493.13359375, 440], [-503.3412109375, 510], [-456.0845703125, 420], [-478.0251953125, 429], [-497.34609375, 463], [-496.740234375, 461], [-512.38828125, 506], [-421.4623046875, 466], [-469.980078125, 446]]}