{"episode_n": 100, "trajectory_len": 200, "trajectory_n": 1280, "q_param": 0.9, "lamd": 0.99, "episode_data": [[-768.72578125, 113], [-560.6390625, 126], [-249.6859375, 126], [-119.02734375, 128], [-127.66484375, 124], [-128.534375, 86], [-320.8046875, 108], [-385.4484375, 87], [-477.70078125, 126], [-396.33359375, 94], [-532.178125, 118], [-537.2625, 128], [-480.02421875, 113], [-536.09375, 126], [-467.2546875, 103], [-531.53828125, 126], [-481.7875, 113], [-532.1390625, 126], [-461.21484375, 114], [-547.6984375, 127], [-485.453125, 105], [-539.0984375, 128], [-473.99140625, 93], [-547.36484375, 125], [-465.9484375, 118], [-544.67734375, 128], [-477.60078125, 119], [-543.54921875, 128], [-486.1953125, 79], [-616.36796875, 128], [-507.13671875, 128], [-501.39765625, 120], [-545.2375, 108], [-577.45703125, 127], [-546.5734375, 123], [-557.540625, 82], [-576.44453125, 127], [-523.81171875, 113], [-537.9453125, 105], [-574.06640625, 128], [-535.36171875, 103], [-576.41015625, 128], [-519.9109375, 119], [-542.7984375, 102], [-578.37734375, 127], [-516.796875, 103], [-580.81484375, 128], [-529.54609375, 99], [-570.24140625, 123], [-510.915625, 103], [-564.07109375, 123], [-562.2125, 126], [-548.425, 100], [-551.4125, 122], [-542.06484375, 111], [-588.659375, 126], [-520.46875, 105], [-557.04296875, 126], [-520.07734375, 101], [-584.8328125, 128], [-529.92421875, 106], [-568.071875, 126], [-562.88984375, 124], [-559.67265625, 89], [-579.22578125, 128], [-540.946875, 125], [-528.15234375, 102], [-559.33984375, 114], [-567.50859375, 128], [-542.02890625, 121], [-530.109375, 118], [-586.06796875, 128], [-505.95546875, 104], [-559.1, 126], [-546.24375, 103], [-588.36015625, 126], [-504.89765625, 94], [-580.52734375, 126], [-556.97109375, 117], [-561.62421875, 109], [-586.63828125, 127], [-532.1296875, 109], [-554.6125, 100], [-569.1859375, 128], [-507.07265625, 113], [-565.640625, 127], [-535.77109375, 95], [-561.40703125, 123], [-567.409375, 124], [-556.4359375, 128], [-531.02421875, 104], [-583.540625, 127], [-528.0703125, 92], [-566.89921875, 126], [-557.325, 85], [-562.83359375, 126], [-531.4203125, 108], [-577.2703125, 128], [-532.190625, 126], [-539.69765625, 104]]}