{"episode_n": 20, "trajectory_len": 200, "trajectory_n": 640, "q_param": 0.2, "lamd": 0.99, "episode_data": [[-772.2078125, 503], [-738.803125, 495], [-701.328125, 507], [-678.56875, 512], [-652.8921875, 495], [-618.759375, 494], [-587.6453125, 510], [-553.665625, 509], [-523.996875, 506], [-491.840625, 501], [-464.6125, 503], [-425.053125, 491], [-401.675, 491], [-355.134375, 504], [-321.796875, 503], [-291.5234375, 508], [-266.465625, 504], [-233.853125, 503], [-213.565625, 512], [-188.015625, 510]]}