{"episode_n": 200, "trajectory_len": 200, "trajectory_n": 30, "q_param": 0.9, "lamd": 0.99, "episode_data": [[-760.9333333333333, 3], [-761.9, 3], [-753.0333333333333, 3], [-711.1, 3], [-737.6666666666666, 3], [-705.4666666666667, 3], [-673.9666666666667, 3], [-680.3, 3], [-640.4333333333333, 3], [-669.0333333333333, 3], [-689.9333333333333, 3], [-665.7333333333333, 3], [-597.4, 3], [-749.3, 3], [-732.8333333333334, 2], [-722.2333333333333, 3], [-693.7333333333333, 3], [-701.6333333333333, 3], [-658.6333333333333, 3], [-649.8, 3], [-622.1666666666666, 3], [-669.0666666666667, 3], [-662.7, 3], [-635.2333333333333, 2], [-679.1, 3], [-687.7, 3], [-630.0333333333333, 3], [-713.0, 3], [-580.9, 3], [-608.8, 3], [-695.4666666666667, 3], [-690.2, 3], [-760.1333333333333, 3], [-691.3, 3], [-618.4333333333333, 3], [-649.5333333333333, 3], [-687.2666666666667, 3], [-588.8333333333334, 3], [-546.9, 3], [-731.7666666666667, 3], [-678.4333333333333, 3], [-625.4333333333333, 3], [-739.5333333333333, 3], [-692.4333333333333, 3], [-616.3333333333334, 3], [-593.7666666666667, 3], [-706.1, 3], [-611.8, 3], [-712.5666666666667, 3], [-622.7333333333333, 3], [-688.4, 3], [-680.7666666666667, 3], [-648.5, 3], [-705.1333333333333, 3], [-642.7333333333333, 3], [-793.4, 3], [-768.8, 3], [-712.5666666666667, 3], [-698.4, 3], [-680.7333333333333, 3], [-701.8333333333334, 3], [-725.7666666666667, 3], [-711.2666666666667, 3], [-670.9333333333333, 3], [-686.8666666666667, 3], [-753.1333333333333, 3], [-701.3, 3], [-693.9333333333333, 3], [-715.6, 3], [-691.9, 3], [-669.5666666666667, 3], [-616.3, 3], [-683.6666666666666, 3], [-756.7666666666667, 3], [-729.3, 3], [-680.7333333333333, 3], [-667.5333333333333, 3], [-707.6666666666666, 3], [-719.1333333333333, 3], [-777.2333333333333, 3], [-684.3333333333334, 3], [-738.7666666666667, 3], [-724.4, 3], [-750.9666666666667, 3], [-662.2666666666667, 3], [-577.1333333333333, 3], [-722.0333333333333, 3], [-646.4666666666667, 3], [-742.4666666666667, 3], [-654.0666666666667, 3], [-768.1333333333333, 3], [-669.0666666666667, 3], [-695.9, 3], [-678.1333333333333, 3], [-626.9333333333333, 3], [-699.3, 3], [-698.0333333333333, 3], [-694.1333333333333, 3], [-678.8, 3], [-763.0666666666667, 2], [-680.4333333333333, 3], [-597.9, 3], [-738.9, 3], [-617.3333333333334, 3], [-671.5666666666667, 3], [-709.6333333333333, 3], [-669.2333333333333, 3], [-597.3, 3], [-694.3, 3], [-708.5, 3], [-679.1666666666666, 3], [-600.4, 3], [-636.2666666666667, 3], [-692.2, 3], [-661.8, 3], [-672.3666666666667, 3], [-681.0333333333333, 3], [-687.2333333333333, 3], [-687.5333333333333, 3], [-698.6666666666666, 3], [-715.9, 3], [-610.9, 3], [-712.3333333333334, 3], [-691.7333333333333, 3], [-774.7, 3], [-719.9333333333333, 3], [-690.3666666666667, 3], [-688.9666666666667, 3], [-547.4, 3], [-647.8, 3], [-646.4666666666667, 3], [-685.3333333333334, 3], [-717.7333333333333, 3], [-684.9333333333333, 3], [-643.1666666666666, 3], [-737.8666666666667, 3], [-663.2666666666667, 3], [-668.3, 3], [-707.7, 3], [-646.4, 3], [-625.9333333333333, 3], [-636.8666666666667, 3], [-619.3, 3], [-748.2333333333333, 3], [-739.1333333333333, 3], [-679.8333333333334, 3], [-725.6666666666666, 3], [-686.9333333333333, 3], [-584.7, 3], [-595.6333333333333, 3], [-750.9666666666667, 3], [-699.1333333333333, 3], [-569.0333333333333, 3], [-655.2333333333333, 3], [-745.1666666666666, 3], [-682.7333333333333, 3], [-758.5, 3], [-730.1, 3], [-632.4, 3], [-692.4666666666667, 3], [-688.4333333333333, 3], [-700.9, 3], [-608.2, 3], [-714.9, 3], [-675.0666666666667, 3], [-610.0333333333333, 3], [-657.3, 3], [-724.6, 3], [-689.6666666666666, 3], [-613.6666666666666, 3], [-619.5333333333333, 3], [-655.3, 3], [-695.5333333333333, 3], [-674.7333333333333, 3], [-559.7, 3], [-636.5, 3], [-661.3333333333334, 3], [-705.8666666666667, 3], [-648.0, 3], [-693.3333333333334, 3], [-717.4666666666667, 3], [-692.6333333333333, 3], [-682.5333333333333, 3], [-694.9333333333333, 3], [-729.9333333333333, 3], [-653.1, 3], [-712.5333333333333, 3], [-732.0666666666667, 2], [-675.9666666666667, 3], [-675.7666666666667, 3], [-682.4666666666667, 3], [-719.4333333333333, 2], [-615.1333333333333, 3], [-701.8, 3], [-769.2, 3], [-764.0, 2], [-719.7666666666667, 3], [-717.9333333333333, 3], [-751.8333333333334, 3], [-668.2666666666667, 3]]}