{"episode_n": 100, "trajectory_len": 200, "trajectory_n": 640, "q_param": 0.9, "lamd": 0.9, "episode_data": [[-769.1125, 63], [-609.7203125, 64], [-396.7640625, 64], [-238.7140625, 64], [-233.6046875, 62], [-255.6875, 59], [-334.3171875, 52], [-410.50625, 47], [-468.7109375, 62], [-434.7296875, 54], [-448.4953125, 50], [-482.1453125, 55], [-510.4484375, 64], [-405.7296875, 54], [-456.8171875, 64], [-445.2578125, 47], [-508.4, 58], [-550.1640625, 63], [-531.8921875, 55], [-535.3484375, 64], [-481.321875, 62], [-546.3375, 63], [-483.025, 61], [-508.9671875, 46], [-560.0109375, 64], [-488.8109375, 61], [-520.4234375, 50], [-523.8875, 43], [-605.909375, 64], [-540.0109375, 63], [-517.375, 61], [-546.5671875, 64], [-539.534375, 58], [-559.9734375, 53], [-580.6625, 63], [-507.1328125, 53], [-598.596875, 62], [-548.9015625, 62], [-529.875, 54], [-530.2828125, 50], [-591.8203125, 64], [-515.6578125, 57], [-562.346875, 64], [-551.4109375, 60], [-593.13125, 64], [-544.346875, 62], [-558.2171875, 60], [-549.7453125, 59], [-527.6734375, 55], [-570.3265625, 64], [-546.103125, 58], [-547.471875, 52], [-565.8265625, 62], [-526.2640625, 46], [-598.7015625, 64], [-519.9046875, 57], [-579.796875, 64], [-556.35, 59], [-558.9671875, 62], [-564.4484375, 56], [-559.2734375, 59], [-561.1296875, 49], [-597.971875, 64], [-533.3875, 64], [-509.6078125, 58], [-555.196875, 63], [-561.215625, 60], [-547.2453125, 62], [-555.2171875, 59], [-552.41875, 44], [-571.3484375, 64], [-554.7953125, 64], [-557.8578125, 64], [-542.3546875, 51], [-557.321875, 63], [-550.859375, 64], [-541.5046875, 56], [-563.1984375, 63], [-517.2234375, 56], [-523.6796875, 49], [-569.0484375, 62], [-564.8015625, 61], [-542.1546875, 50], [-559.253125, 63], [-527.228125, 59], [-541.46875, 64], [-541.55, 46], [-544.6421875, 58], [-576.375, 63], [-549.2265625, 54], [-578.5484375, 64], [-528.675, 61], [-527.7859375, 60], [-540.775, 64], [-529.18125, 46], [-552.7078125, 58], [-586.015625, 63], [-553.0484375, 60], [-533.0078125, 44], [-590.1859375, 64]]}