{"episode_n": 100, "trajectory_len": 200, "trajectory_n": 320, "q_param": 0.9, "lamd": 0.5, "episode_data": [[-768.1, 31], [-671.890625, 32], [-527.125, 32], [-413.26875, 32], [-338.3125, 31], [-389.978125, 32], [-340.846875, 31], [-395.64375, 32], [-388.053125, 32], [-387.015625, 29], [-402.921875, 31], [-445.046875, 28], [-453.94375, 32], [-426.91875, 28], [-478.5625, 31], [-492.378125, 29], [-460.86875, 25], [-511.45, 31], [-520.296875, 32], [-445.51875, 28], [-487.75, 31], [-481.4375, 28], [-484.89375, 29], [-529.146875, 32], [-488.04375, 27], [-489.05625, 32], [-558.709375, 32], [-522.534375, 32], [-540.90625, 31], [-538.8125, 27], [-547.078125, 32], [-558.4375, 31], [-531.634375, 26], [-571.96875, 31], [-562.984375, 31], [-529.971875, 32], [-531.9375, 29], [-558.109375, 30], [-558.5875, 31], [-530.70625, 30], [-547.75, 28], [-563.55625, 31], [-547.275, 32], [-549.265625, 29], [-549.684375, 31], [-508.015625, 27], [-537.7625, 31], [-544.615625, 31], [-559.315625, 30], [-549.31875, 24], [-568.2375, 32], [-539.771875, 32], [-565.609375, 31], [-556.871875, 30], [-573.553125, 32], [-537.49375, 31], [-502.046875, 31], [-535.95, 30], [-586.909375, 32], [-508.284375, 29], [-566.86875, 30], [-508.85, 22], [-582.85, 32], [-536.165625, 26], [-536.890625, 32], [-536.684375, 30], [-546.609375, 29], [-549.584375, 32], [-546.065625, 32], [-532.775, 32], [-556.0125, 28], [-569.93125, 31], [-535.36875, 19], [-559.015625, 31], [-518.409375, 32], [-561.196875, 25], [-532.003125, 30], [-576.2375, 32], [-498.234375, 32], [-515.390625, 32], [-556.4125, 31], [-545.996875, 32], [-502.30625, 20], [-581.13125, 32], [-531.328125, 30], [-495.65, 30], [-557.715625, 31], [-500.634375, 28], [-518.1375, 31], [-535.759375, 32], [-527.8875, 30], [-517.19375, 24], [-525.8625, 32], [-548.809375, 32], [-505.1, 30], [-559.375, 31], [-519.2, 29], [-524.725, 30], [-545.528125, 31], [-578.834375, 32]]}