{"episode_n": 100, "trajectory_len": 200, "trajectory_n": 160, "q_param": 0.6, "lamd": 0.99, "episode_data": [[-769.2875, 57], [-698.05625, 60], [-593.05, 60], [-493.46875, 63], [-449.3375, 61], [-387.36875, 64], [-323.25, 64], [-350.625, 64], [-345.45625, 64], [-364.39375, 64], [-310.6, 63], [-305.33125, 63], [-213.60625, 63], [-272.90625, 64], [-260.00625, 62], [-233.025, 63], [-289.04375, 64], [-280.39375, 63], [-300.0625, 64], [-246.325, 64], [-267.7, 64], [-301.03125, 64], [-285.50625, 63], [-267.04375, 64], [-262.5, 64], [-263.5, 64], [-263.5, 64], [-301.11875, 64], [-260.0875, 64], [-209.8875, 64], [-260.16875, 63], [-263.7625, 63], [-265.8375, 58], [-287.7, 63], [-329.575, 64], [-197.7375, 62], [-336.64375, 63], [-286.2625, 63], [-265.04375, 64], [-240.075, 64], [-296.9125, 64], [-246.55625, 64], [-291.3375, 64], [-228.64375, 64], [-260.3625, 64], [-328.00625, 63], [-257.725, 64], [-324.5, 63], [-306.51875, 64], [-299.58125, 64], [-257.125, 64], [-222.95625, 64], [-308.625, 64], [-275.4625, 64], [-307.3, 64], [-256.7625, 64], [-232.875, 64], [-304.48125, 63], [-289.29375, 64], [-302.75625, 64], [-303.925, 64], [-256.2625, 62], [-310.40625, 63], [-294.1125, 63], [-235.11875, 64], [-283.9625, 64], [-238.83125, 64], [-332.4125, 62], [-290.5125, 64], [-401.55, 64], [-329.06875, 64], [-313.2375, 64], [-352.575, 64], [-340.06875, 64], [-331.80625, 64], [-336.05625, 64], [-349.53125, 64], [-320.4, 64], [-280.76875, 63], [-308.95625, 64], [-301.89375, 64], [-300.8375, 64], [-309.31875, 64], [-337.01875, 64], [-302.08125, 63], [-297.14375, 64], [-321.0375, 64], [-323.40625, 64], [-397.3875, 64], [-300.20625, 64], [-366.4375, 63], [-307.675, 63], [-338.9875, 64], [-326.2625, 64], [-295.3125, 64], [-252.0875, 63], [-347.08125, 64], [-261.475, 64], [-351.0875, 64], [-361.175, 64]]}