{"episode_n": 100, "trajectory_len": 200, "trajectory_n": 2560, "q_param": 0.9, "lamd": 0.5, "episode_data": [[-770.5171875, 231], [-684.238671875, 256], [-536.52109375, 254], [-303.567578125, 254], [-153.919140625, 253], [-83.624609375, 254], [-55.280859375, 251], [-37.24765625, 251], [-30.321875, 207], [-44.930078125, 252], [-78.56875, 169], [-137.330078125, 232], [-187.153125, 143], [-275.175390625, 181], [-348.359375, 242], [-366.326953125, 201], [-407.999609375, 194], [-430.6390625, 199], [-457.985546875, 217], [-456.371875, 214], [-469.49296875, 249], [-375.704296875, 199], [-389.579296875, 215], [-430.618359375, 253], [-413.841796875, 222], [-415.95, 243], [-453.021484375, 222], [-460.00859375, 221], [-472.006640625, 228], [-485.3609375, 248], [-420.033203125, 210], [-432.5984375, 242], [-452.90390625, 226], [-462.62890625, 227], [-473.49921875, 233], [-475.8109375, 222], [-476.94921875, 236], [-474.823046875, 252], [-413.57890625, 254], [-441.7875, 247], [-452.648828125, 253], [-420.464453125, 221], [-438.79375, 225], [-446.604296875, 246], [-456.008203125, 223], [-469.398046875, 236], [-469.067578125, 242], [-472.616796875, 232], [-466.255859375, 228], [-478.2625, 253], [-400.2671875, 211], [-429.878125, 210], [-445.774609375, 254], [-424.43828125, 236], [-429.3375, 230], [-448.84140625, 243], [-467.892578125, 224], [-463.923046875, 244], [-461.327734375, 232], [-474.1078125, 237], [-474.191015625, 241], [-474.2109375, 253], [-435.403515625, 213], [-433.537109375, 246], [-459.156640625, 239], [-471.202734375, 226], [-462.0015625, 227], [-468.3671875, 243], [-476.213671875, 243], [-469.787109375, 236], [-465.123046875, 244], [-475.225, 225], [-481.282421875, 255], [-420.33203125, 214], [-437.716796875, 243], [-452.45078125, 244], [-465.53984375, 228], [-477.463671875, 248], [-448.25078125, 230], [-454.077734375, 220], [-463.244140625, 218], [-460.284375, 243], [-474.57109375, 250], [-432.194140625, 216], [-442.4, 236], [-453.7390625, 250], [-425.44921875, 226], [-423.055078125, 234], [-445.855078125, 226], [-446.5703125, 229], [-471.771875, 238], [-458.43515625, 240], [-473.511328125, 256], [-407.010546875, 205], [-418.98828125, 221], [-444.71796875, 244], [-446.8703125, 243], [-463.162109375, 241], [-477.0484375, 228], [-479.8, 249]]}