{"episode_n": 100, "trajectory_len": 200, "trajectory_n": 160, "q_param": 0.9, "lamd": 0.1, "episode_data": [[-769.0375, 15], [-673.375, 16], [-500.45, 16], [-447.55625, 16], [-455.91875, 16], [-461.04375, 16], [-423.95625, 16], [-511.75625, 15], [-526.95, 16], [-500.98125, 16], [-510.61875, 16], [-550.60625, 16], [-532.35, 16], [-550.675, 15], [-535.2, 16], [-465.0, 16], [-537.8875, 16], [-549.40625, 16], [-533.425, 16], [-575.125, 16], [-546.3, 16], [-519.0875, 16], [-626.30625, 16], [-619.15625, 16], [-585.40625, 16], [-586.86875, 16], [-592.73125, 16], [-587.2375, 16], [-562.75, 16], [-608.98125, 16], [-558.15625, 16], [-584.4125, 16], [-529.68125, 12], [-550.59375, 15], [-650.75, 16], [-545.09375, 15], [-573.6, 16], [-622.225, 16], [-654.23125, 16], [-645.11875, 16], [-632.225, 15], [-679.80625, 16], [-648.9125, 16], [-624.10625, 14], [-663.7875, 16], [-586.9, 12], [-643.025, 16], [-605.33125, 13], [-685.55, 16], [-658.54375, 16], [-641.35625, 16], [-636.63125, 16], [-622.075, 16], [-640.86875, 16], [-636.53125, 16], [-721.2875, 16], [-584.34375, 16], [-592.1375, 16], [-600.025, 16], [-633.9875, 16], [-644.8, 15], [-680.75625, 16], [-649.59375, 15], [-682.0375, 16], [-671.04375, 16], [-631.40625, 16], [-673.81875, 15], [-631.63125, 16], [-658.38125, 16], [-651.75, 16], [-581.0, 15], [-637.91875, 16], [-643.54375, 16], [-678.59375, 16], [-635.91875, 16], [-648.7375, 16], [-625.05, 16], [-633.425, 16], [-603.29375, 14], [-604.85, 11], [-618.3875, 16], [-681.50625, 16], [-645.5, 16], [-657.2625, 16], [-634.65, 16], [-637.08125, 16], [-647.75625, 16], [-649.85, 16], [-644.33125, 16], [-629.29375, 16], [-648.31875, 16], [-666.16875, 16], [-652.6, 16], [-639.41875, 16], [-650.8375, 16], [-650.35625, 16], [-636.375, 14], [-629.3875, 16], [-633.325, 16], [-638.625, 16]]}