{"episode_n": 20, "trajectory_len": 200, "trajectory_n": 640, "q_param": 0.99, "lamd": 0.99, "episode_data": [[-774.8671875, 7], [-596.8140625, 7], [-574.8515625, 6], [-661.31875, 7], [-664.5796875, 7], [-702.7671875, 3], [-750.5046875, 7], [-721.48125, 7], [-723.9578125, 6], [-731.525, 7], [-724.190625, 4], [-741.2328125, 7], [-728.1984375, 7], [-742.3015625, 7], [-711.1046875, 6], [-737.946875, 2], [-731.3125, 7], [-739.5328125, 7], [-732.25625, 6], [-726.5046875, 6]]}