{"episode_n": 20, "trajectory_len": 200, "trajectory_n": 640, "q_param": 0.7, "lamd": 0.99, "episode_data": [[-768.3796875, 164], [-662.6078125, 189], [-524.94375, 192], [-309.89375, 191], [-153.415625, 192], [-80.9484375, 192], [-39.0390625, 188], [-20.1296875, 185], [-19.4578125, 174], [-54.9828125, 184], [-82.775, 187], [-117.61875, 164], [-151.753125, 175], [-165.528125, 150], [-266.9, 189], [-178.38125, 160], [-250.621875, 189], [-114.478125, 153], [-244.053125, 186], [-169.6515625, 186]]}