{"episode_n": 100, "trajectory_len": 200, "trajectory_n": 2560, "q_param": 0.9, "lamd": 0.99, "episode_data": [[-770.026953125, 222], [-589.68828125, 256], [-260.033984375, 255], [-120.49765625, 254], [-60.0640625, 226], [-93.6359375, 222], [-276.615234375, 140], [-467.442578125, 251], [-433.053125, 225], [-473.5203125, 256], [-416.20234375, 218], [-475.01875, 217], [-470.885546875, 250], [-476.7640625, 224], [-470.2703125, 255], [-418.455859375, 235], [-486.9484375, 254], [-404.776171875, 224], [-471.32734375, 241], [-476.946484375, 237], [-485.909375, 237], [-437.566015625, 230], [-470.415625, 250], [-470.133984375, 228], [-482.87265625, 243], [-479.509375, 232], [-478.7671875, 248], [-467.35234375, 228], [-480.65390625, 221], [-468.676171875, 241], [-468.855859375, 254], [-469.735546875, 236], [-463.1375, 250], [-472.4203125, 239], [-476.398046875, 240], [-469.088671875, 227], [-486.777734375, 256], [-356.787890625, 238], [-472.406640625, 256], [-410.972265625, 232], [-471.344140625, 254], [-391.771875, 253], [-475.61875, 251], [-458.383203125, 255], [-431.5328125, 226], [-474.515234375, 233], [-469.330859375, 256], [-424.790234375, 218], [-466.973828125, 232], [-466.77109375, 224], [-458.946484375, 253], [-475.93359375, 252], [-427.6828125, 198], [-468.79296875, 238], [-463.46953125, 236], [-456.603125, 241], [-472.930859375, 215], [-459.846875, 252], [-479.946875, 233], [-464.042578125, 131], [-611.549609375, 254], [-420.923046875, 256], [-392.298046875, 185], [-568.0875, 249], [-514.204296875, 202], [-571.371875, 255], [-519.019921875, 187], [-573.909765625, 254], [-521.47578125, 214], [-572.849609375, 252], [-525.67890625, 206], [-584.871875, 256], [-493.728515625, 209], [-564.420703125, 256], [-528.35078125, 197], [-576.583203125, 251], [-514.0734375, 253], [-537.773046875, 189], [-563.969921875, 248], [-526.761328125, 256], [-552.14453125, 178], [-578.173828125, 246], [-515.15390625, 187], [-577.44140625, 251], [-489.796875, 202], [-573.18828125, 254], [-484.74765625, 225], [-580.81328125, 256], [-481.03046875, 200], [-566.8890625, 253], [-540.309375, 186], [-579.635546875, 255], [-511.26953125, 208], [-570.74609375, 253], [-532.710546875, 175], [-588.753125, 253], [-508.856640625, 248], [-539.283984375, 190], [-565.60078125, 252], [-518.924609375, 180]]}