{"episode_n": 100, "trajectory_len": 200, "trajectory_n": 640, "q_param": 0.9, "lamd": 0.8, "episode_data": [[-762.79375, 64], [-585.4234375, 64], [-362.690625, 64], [-328.2515625, 64], [-300.2265625, 63], [-313.203125, 64], [-323.9359375, 59], [-341.9609375, 57], [-379.615625, 52], [-425.465625, 63], [-420.5515625, 51], [-450.4421875, 44], [-483.1625, 57], [-523.0203125, 63], [-533.603125, 47], [-507.65625, 63], [-536.753125, 63], [-469.6796875, 63], [-554.575, 64], [-495.8015625, 53], [-519.7765625, 64], [-534.225, 62], [-518.8453125, 64], [-523.165625, 57], [-535.971875, 63], [-498.8375, 58], [-553.190625, 63], [-502.253125, 55], [-512.403125, 63], [-520.6796875, 43], [-543.240625, 64], [-470.00625, 43], [-554.878125, 64], [-487.596875, 61], [-530.615625, 49], [-577.8546875, 64], [-524.0546875, 63], [-537.8515625, 52], [-592.2703125, 62], [-580.48125, 64], [-537.1953125, 41], [-573.990625, 64], [-548.8453125, 58], [-570.459375, 63], [-530.8640625, 37], [-559.96875, 63], [-540.7625, 58], [-547.3953125, 54], [-568.7046875, 62], [-543.709375, 53], [-590.446875, 62], [-565.0984375, 59], [-555.684375, 47], [-540.6921875, 61], [-567.4234375, 63], [-550.6765625, 64], [-545.4265625, 51], [-567.990625, 42], [-610.990625, 64], [-527.0171875, 64], [-542.896875, 54], [-562.4625, 64], [-517.8703125, 62], [-565.5375, 64], [-534.4, 60], [-555.834375, 52], [-553.834375, 64], [-517.303125, 61], [-509.4078125, 58], [-550.60625, 63], [-544.2671875, 46], [-568.3234375, 64], [-501.821875, 48], [-549.990625, 63], [-535.928125, 60], [-552.9625, 56], [-562.6296875, 62], [-534.4046875, 48], [-564.628125, 64], [-542.109375, 45], [-572.9640625, 64], [-502.5515625, 57], [-530.9875, 59], [-524.7203125, 57], [-561.628125, 64], [-510.021875, 62], [-541.5765625, 45], [-563.3140625, 63], [-546.2703125, 61], [-565.7390625, 56], [-572.8671875, 64], [-572.9125, 57], [-604.253125, 64], [-554.63125, 63], [-535.6515625, 64], [-499.3390625, 56], [-548.81875, 51], [-588.84375, 63], [-517.096875, 61], [-524.8859375, 64]]}