{"episode_n": 100, "trajectory_len": 200, "trajectory_n": 160, "q_param": 0.9, "lamd": 0.9, "episode_data": [[-776.25625, 16], [-679.49375, 16], [-641.75, 16], [-553.43125, 16], [-476.83125, 16], [-475.7625, 16], [-488.59375, 16], [-503.825, 16], [-493.06875, 16], [-492.8875, 15], [-489.575, 16], [-501.11875, 16], [-516.225, 15], [-529.04375, 15], [-549.025, 16], [-503.11875, 16], [-532.60625, 15], [-602.4625, 16], [-519.88125, 15], [-586.3, 14], [-540.31875, 15], [-607.95, 16], [-591.14375, 16], [-611.59375, 16], [-649.4125, 16], [-657.625, 15], [-623.26875, 16], [-647.40625, 16], [-629.34375, 16], [-666.0125, 16], [-576.4, 15], [-648.0875, 16], [-605.60625, 16], [-664.74375, 15], [-651.5, 16], [-621.44375, 16], [-697.35625, 16], [-637.3125, 16], [-659.89375, 16], [-652.9625, 16], [-683.4625, 16], [-645.10625, 16], [-639.475, 15], [-624.13125, 16], [-632.0, 16], [-678.38125, 16], [-624.40625, 15], [-619.1125, 13], [-620.55, 15], [-668.1, 16], [-657.35, 16], [-666.8, 16], [-661.75625, 16], [-647.2375, 16], [-636.75, 16], [-650.58125, 16], [-638.01875, 15], [-608.3125, 16], [-639.59375, 16], [-664.375, 16], [-614.5375, 13], [-673.16875, 16], [-627.86875, 16], [-649.83125, 16], [-649.05625, 16], [-657.50625, 16], [-628.03125, 16], [-622.74375, 15], [-632.81875, 16], [-671.025, 16], [-608.94375, 16], [-608.78125, 16], [-635.45, 16], [-686.83125, 16], [-669.9, 16], [-639.7125, 16], [-651.1125, 16], [-683.775, 16], [-662.075, 16], [-637.825, 16], [-650.4, 16], [-616.4, 16], [-658.6125, 15], [-658.84375, 16], [-651.1625, 16], [-647.70625, 16], [-609.825, 15], [-622.625, 13], [-625.03125, 16], [-656.90625, 16], [-615.51875, 16], [-628.43125, 16], [-649.2875, 16], [-625.075, 16], [-642.2625, 16], [-648.675, 16], [-654.6625, 16], [-650.61875, 15], [-648.575, 16], [-653.3375, 16]]}