{"episode_n": 100, "trajectory_len": 200, "trajectory_n": 1280, "q_param": 0.9, "lamd": 0.8, "episode_data": [[-774.11171875, 111], [-630.14921875, 128], [-346.24140625, 127], [-148.4890625, 128], [-94.42421875, 126], [-95.18515625, 127], [-128.55859375, 94], [-220.125, 121], [-298.025, 95], [-386.1328125, 101], [-448.6265625, 126], [-420.9484375, 124], [-454.45546875, 122], [-486.18046875, 125], [-414.7296875, 112], [-446.73984375, 111], [-481.1578125, 126], [-462.4984375, 92], [-506.62109375, 122], [-478.01328125, 98], [-509.52421875, 111], [-535.0546875, 127], [-487.415625, 98], [-508.25390625, 114], [-512.52578125, 127], [-428.48359375, 115], [-496.05546875, 126], [-467.43828125, 101], [-508.72109375, 126], [-493.6, 113], [-504.64375, 112], [-494.909375, 126], [-480.71640625, 114], [-489.3328125, 122], [-470.6109375, 109], [-493.82421875, 126], [-468.0140625, 106], [-495.59375, 127], [-467.00625, 117], [-482.3296875, 127], [-463.03984375, 115], [-508.9171875, 112], [-489.396875, 79], [-557.259375, 128], [-451.0578125, 128], [-437.91875, 114], [-467.325, 97], [-497.1265625, 121], [-479.83203125, 119], [-489.46171875, 113], [-512.19140625, 120], [-447.52109375, 108], [-491.034375, 122], [-471.065625, 107], [-460.02578125, 121], [-481.7109375, 126], [-487.91953125, 117], [-503.8859375, 126], [-474.28984375, 115], [-509.278125, 124], [-448.209375, 125], [-496.64375, 105], [-504.15859375, 128], [-442.73671875, 103], [-455.38125, 109], [-476.09453125, 119], [-491.93203125, 125], [-508.23984375, 127], [-449.0953125, 110], [-496.0296875, 128], [-498.61953125, 89], [-524.18515625, 128], [-457.98359375, 110], [-488.48671875, 123], [-479.09296875, 89], [-495.0453125, 127], [-472.2140625, 125], [-505.5390625, 128], [-479.7078125, 94], [-496.9640625, 128], [-422.37421875, 114], [-472.01015625, 123], [-499.97265625, 126], [-460.478125, 95], [-495.2421875, 124], [-419.38984375, 120], [-472.83828125, 117], [-490.28984375, 114], [-503.5171875, 123], [-499.68984375, 115], [-516.25859375, 128], [-444.425, 98], [-476.32421875, 128], [-447.72890625, 112], [-501.41953125, 120], [-462.29609375, 127], [-498.62265625, 126], [-498.5421875, 123], [-507.41484375, 123], [-471.07578125, 122]]}