{"episode_n": 100, "trajectory_len": 200, "trajectory_n": 1280, "q_param": 0.9, "lamd": 0.5, "episode_data": [[-774.50859375, 122], [-689.796875, 127], [-525.7625, 128], [-301.2421875, 125], [-160.3203125, 125], [-107.2734375, 125], [-76.63125, 121], [-55.05546875, 124], [-59.39296875, 111], [-68.52578125, 79], [-113.6640625, 90], [-188.0875, 127], [-243.884375, 127], [-283.86796875, 74], [-325.68359375, 113], [-411.08828125, 125], [-421.40234375, 104], [-465.109375, 101], [-478.06328125, 120], [-466.99765625, 104], [-474.746875, 113], [-512.91953125, 117], [-457.68984375, 119], [-482.16953125, 96], [-493.178125, 128], [-463.45625, 102], [-453.91875, 125], [-486.0875, 128], [-437.34140625, 117], [-472.51875, 99], [-480.759375, 128], [-456.91875, 124], [-431.0328125, 117], [-451.19375, 107], [-470.68046875, 126], [-462.19140625, 105], [-459.81953125, 121], [-482.38671875, 98], [-481.7828125, 120], [-490.91640625, 126], [-502.75390625, 124], [-450.59609375, 72], [-474.484375, 126], [-483.0796875, 111], [-485.92734375, 104], [-520.22421875, 128], [-470.9765625, 101], [-494.27578125, 110], [-522.92421875, 126], [-493.93671875, 121], [-504.61640625, 104], [-504.5, 101], [-512.37421875, 105], [-529.7890625, 128], [-479.07890625, 123], [-524.396875, 128], [-513.36171875, 106], [-520.31796875, 124], [-501.46796875, 126], [-486.00859375, 112], [-470.95703125, 118], [-501.03359375, 115], [-519.73125, 123], [-488.1546875, 104], [-505.96640625, 120], [-499.75703125, 120], [-503.08984375, 107], [-516.915625, 99], [-532.4828125, 126], [-497.5796875, 93], [-511.20859375, 106], [-514.77890625, 128], [-484.51015625, 114], [-504.66875, 119], [-517.7296875, 123], [-502.85234375, 125], [-470.0125, 113], [-508.72578125, 101], [-533.509375, 128], [-493.73671875, 121], [-485.465625, 118], [-497.25078125, 116], [-497.69453125, 113], [-529.19453125, 106], [-529.43046875, 126], [-523.27421875, 108], [-516.39375, 125], [-502.0109375, 91], [-507.41484375, 118], [-495.59921875, 104], [-500.23203125, 97], [-520.2828125, 112], [-522.73359375, 128], [-481.578125, 111], [-513.5984375, 123], [-484.13359375, 105], [-514.74765625, 122], [-488.81171875, 100], [-495.54609375, 115], [-503.6671875, 113]]}