{"episode_n": 100, "trajectory_len": 200, "trajectory_n": 160, "q_param": 0.9, "lamd": 0.5, "episode_data": [[-774.79375, 15], [-697.73125, 16], [-550.08125, 16], [-537.4875, 15], [-509.15, 16], [-476.475, 15], [-464.99375, 16], [-463.55, 16], [-506.50625, 16], [-533.18125, 14], [-559.1, 15], [-512.11875, 15], [-553.4875, 15], [-518.39375, 15], [-588.96875, 16], [-549.7875, 16], [-579.75625, 16], [-585.48125, 16], [-556.475, 15], [-553.88125, 16], [-596.15, 16], [-550.09375, 16], [-580.78125, 16], [-566.61875, 15], [-550.75, 16], [-544.59375, 16], [-594.1625, 16], [-574.99375, 16], [-527.21875, 15], [-540.84375, 16], [-605.8875, 16], [-596.3125, 16], [-650.26875, 16], [-636.24375, 16], [-619.68125, 16], [-652.25625, 16], [-630.3, 16], [-633.40625, 16], [-635.45625, 16], [-660.11875, 16], [-609.63125, 15], [-690.89375, 16], [-652.04375, 16], [-601.49375, 16], [-572.39375, 16], [-585.1, 16], [-654.7125, 16], [-653.2375, 16], [-598.05625, 16], [-610.65, 16], [-640.49375, 16], [-617.35, 16], [-619.01875, 16], [-647.91875, 16], [-644.56875, 16], [-591.38125, 16], [-646.9375, 15], [-632.81875, 15], [-636.3375, 16], [-653.96875, 16], [-642.675, 16], [-613.3375, 16], [-664.2375, 16], [-646.24375, 16], [-628.3375, 16], [-633.83125, 15], [-661.825, 16], [-643.13125, 16], [-641.8, 15], [-655.3, 16], [-627.04375, 15], [-666.81875, 16], [-657.48125, 14], [-608.44375, 16], [-621.375, 16], [-615.53125, 16], [-631.2, 16], [-619.225, 16], [-641.00625, 16], [-640.725, 16], [-632.28125, 14], [-649.00625, 16], [-640.15, 16], [-614.875, 16], [-645.26875, 16], [-611.63125, 16], [-661.31875, 16], [-612.46875, 16], [-634.525, 16], [-601.875, 15], [-606.74375, 15], [-636.1, 15], [-570.89375, 16], [-552.16875, 14], [-599.725, 15], [-612.7625, 14], [-611.80625, 16], [-620.66875, 16], [-570.05625, 14], [-612.85, 15]]}