{"episode_n": 100, "trajectory_len": 200, "trajectory_n": 160, "q_param": 0.1, "lamd": 0.99, "episode_data": [[-774.15, 143], [-733.56875, 143], [-738.375, 144], [-739.4875, 144], [-722.64375, 143], [-704.2, 144], [-691.25, 143], [-677.9125, 143], [-648.39375, 144], [-623.4625, 142], [-635.28125, 143], [-595.9125, 140], [-575.19375, 143], [-563.975, 143], [-532.375, 143], [-530.60625, 142], [-522.5375, 143], [-518.8, 144], [-491.69375, 140], [-461.325, 144], [-483.9875, 141], [-463.80625, 140], [-435.63125, 143], [-432.5125, 143], [-402.85, 141], [-396.5875, 141], [-394.89375, 143], [-380.5625, 142], [-350.5, 140], [-357.4875, 143], [-337.59375, 144], [-329.825, 142], [-301.98125, 143], [-309.91875, 140], [-295.7375, 143], [-301.96875, 139], [-304.55, 143], [-301.23125, 142], [-292.85, 144], [-273.9125, 142], [-260.8625, 143], [-253.5875, 143], [-238.8625, 141], [-239.99375, 142], [-236.9375, 140], [-233.475, 144], [-223.85, 143], [-228.91875, 142], [-220.70625, 144], [-227.6375, 139], [-225.28125, 144], [-226.25, 144], [-228.4375, 142], [-220.03125, 142], [-203.76875, 143], [-201.70625, 143], [-203.8875, 144], [-210.51875, 143], [-196.44375, 143], [-198.425, 144], [-175.9125, 140], [-193.325, 144], [-184.1125, 139], [-191.9375, 141], [-193.0375, 141], [-179.41875, 144], [-172.0, 136], [-176.44375, 141], [-188.475, 144], [-180.54375, 143], [-177.18125, 144], [-181.5625, 143], [-177.30625, 144], [-180.1, 136], [-182.94375, 144], [-182.80625, 143], [-181.31875, 144], [-170.725, 141], [-193.10625, 144], [-180.24375, 144], [-170.40625, 134], [-167.39375, 142], [-173.8875, 142], [-161.85625, 136], [-169.94375, 144], [-161.5875, 143], [-155.85, 136], [-168.1125, 144], [-163.25, 142], [-162.0875, 144], [-177.23125, 144], [-156.6625, 140], [-171.0375, 144], [-165.2875, 143], [-158.2625, 142], [-158.71875, 143], [-158.2375, 142], [-152.59375, 142], [-158.4625, 144], [-158.19375, 144]]}