{"episode_n": 200, "trajectory_len": 200, "trajectory_n": 30, "q_param": 0.99, "lamd": 0.99, "episode_data": [[-746.6, 1], [-724.9, 1], [-721.9, 1], [-698.5666666666667, 1], [-745.8333333333334, 1], [-766.6, 1], [-723.9666666666667, 1], [-704.9333333333333, 1], [-700.0, 1], [-754.6666666666666, 1], [-569.6, 1], [-661.9, 1], [-721.7, 1], [-681.6333333333333, 1], [-645.8333333333334, 1], [-725.4, 1], [-716.5, 1], [-695.8666666666667, 1], [-720.2333333333333, 1], [-660.7333333333333, 1], [-672.6333333333333, 1], [-708.0, 1], [-711.1, 1], [-745.3666666666667, 1], [-750.7666666666667, 1], [-732.0666666666667, 1], [-741.6333333333333, 1], [-807.2, 1], [-766.7, 1], [-759.8, 1], [-774.4666666666667, 1], [-736.0, 1], [-713.4333333333333, 1], [-815.3, 0], [-781.5, 1], [-727.9333333333333, 1], [-744.4333333333333, 1], [-728.5666666666667, 1], [-747.9333333333333, 1], [-750.9666666666667, 1], [-792.0333333333333, 1], [-760.5333333333333, 1], [-706.4666666666667, 1], [-768.9, 1], [-755.0666666666667, 1], [-733.9333333333333, 1], [-732.9333333333333, 1], [-674.6666666666666, 1], [-789.3, 1], [-728.5666666666667, 1], [-641.1, 1], [-743.6, 1], [-729.5, 1], [-707.0, 1], [-780.9, 1], [-746.4666666666667, 1], [-748.1666666666666, 1], [-777.7, 1], [-750.2666666666667, 1], [-772.7333333333333, 1], [-733.1333333333333, 1], [-718.8666666666667, 1], [-709.8666666666667, 1], [-769.4333333333333, 1], [-684.3333333333334, 1], [-713.2666666666667, 1], [-733.6333333333333, 1], [-746.4666666666667, 1], [-782.3, 0], [-774.3333333333334, 1], [-786.5, 0], [-753.8, 1], [-684.6666666666666, 1], [-764.1, 1], [-773.5333333333333, 1], [-667.0333333333333, 1], [-752.2, 1], [-740.6, 1], [-732.3666666666667, 1], [-715.0, 1], [-743.4666666666667, 1], [-706.3333333333334, 1], [-683.0666666666667, 1], [-688.2666666666667, 1], [-760.6, 1], [-729.6, 1], [-747.4666666666667, 1], [-676.6666666666666, 1], [-765.9333333333333, 1], [-704.8, 1], [-745.3333333333334, 1], [-725.3666666666667, 1], [-732.0, 1], [-712.3333333333334, 1], [-696.6, 1], [-678.3, 0], [-764.3666666666667, 1], [-726.5, 1], [-667.4, 1], [-778.7, 1], [-717.6666666666666, 1], [-797.6666666666666, 1], [-753.0, 1], [-728.7333333333333, 1], [-681.9333333333333, 1], [-765.1666666666666, 1], [-711.8, 1], [-727.7, 1], [-726.1, 1], [-680.8, 1], [-656.3333333333334, 1], [-712.6666666666666, 1], [-795.7666666666667, 1], [-729.3, 1], [-765.8, 1], [-739.4, 1], [-770.5333333333333, 1], [-730.2666666666667, 1], [-772.4, 1], [-663.7333333333333, 1], [-721.1666666666666, 1], [-800.2333333333333, 1], [-767.6, 1], [-724.1666666666666, 1], [-724.8, 1], [-737.4666666666667, 1], [-742.4333333333333, 1], [-749.7666666666667, 1], [-729.9, 1], [-765.6, 1], [-646.6, 1], [-743.4333333333333, 1], [-759.5333333333333, 1], [-717.6666666666666, 1], [-710.1666666666666, 1], [-616.2333333333333, 1], [-741.9, 1], [-688.2, 1], [-734.3, 1], [-752.3, 1], [-738.6666666666666, 1], [-711.3333333333334, 1], [-684.5333333333333, 1], [-653.2666666666667, 1], [-708.8, 1], [-742.2666666666667, 1], [-696.9, 1], [-718.1666666666666, 1], [-704.4333333333333, 1], [-728.8333333333334, 1], [-757.4, 1], [-777.4666666666667, 1], [-699.4, 1], [-672.0, 1], [-728.2666666666667, 1], [-757.0666666666667, 1], [-704.2333333333333, 1], [-706.8666666666667, 1], [-739.8666666666667, 1], [-727.9, 1], [-721.1333333333333, 1], [-665.3, 1], [-674.1333333333333, 1], [-753.6333333333333, 1], [-732.3333333333334, 1], [-711.8333333333334, 1], [-707.6666666666666, 1], [-728.3, 1], [-754.2, 1], [-744.7666666666667, 1], [-721.8333333333334, 1], [-701.4333333333333, 1], [-727.1333333333333, 1], [-732.9666666666667, 1], [-673.3, 1], [-736.7, 1], [-762.0, 1], [-737.4, 1], [-670.8333333333334, 1], [-670.1, 1], [-718.9, 1], [-691.7333333333333, 1], [-651.4666666666667, 1], [-773.2, 1], [-621.7333333333333, 1], [-737.9, 1], [-770.3, 1], [-667.0, 1], [-791.9, 1], [-749.5, 1], [-794.0, 0], [-747.5333333333333, 1], [-739.8, 1], [-761.1, 1], [-692.0333333333333, 1], [-682.9333333333333, 1], [-659.1666666666666, 1], [-761.6666666666666, 1], [-762.4666666666667, 1], [-705.4, 1]]}