{"episode_n": 100, "trajectory_len": 200, "trajectory_n": 160, "q_param": 0.2, "lamd": 0.5, "episode_data": [[-779.11875, 125], [-759.475, 126], [-748.44375, 128], [-715.675, 124], [-675.49375, 125], [-671.05625, 126], [-662.29375, 128], [-646.75, 126], [-602.83125, 128], [-588.13125, 124], [-567.5875, 128], [-546.1375, 122], [-512.41875, 126], [-494.23125, 126], [-469.30625, 125], [-460.03125, 122], [-436.775, 121], [-398.2625, 127], [-372.725, 126], [-354.7625, 121], [-336.65625, 126], [-319.15625, 127], [-288.625, 127], [-260.85, 127], [-241.66875, 126], [-212.275, 127], [-212.6, 128], [-188.7, 128], [-188.83125, 128], [-175.2, 128], [-117.3875, 127], [-126.7875, 128], [-126.1125, 128], [-83.24375, 128], [-105.38125, 128], [-78.25, 126], [-62.69375, 128], [-60.6, 128], [-47.99375, 127], [-42.4125, 128], [-36.0375, 126], [-38.16875, 128], [-32.63125, 128], [-25.33125, 125], [-21.925, 127], [-21.10625, 126], [-13.3625, 127], [-18.16875, 127], [-15.69375, 127], [-13.84375, 128], [-15.6125, 128], [-10.89375, 128], [-13.49375, 128], [-8.475, 128], [-13.34375, 127], [-19.20625, 127], [-9.55625, 128], [-15.9625, 126], [-19.31875, 127], [-16.1625, 128], [-23.00625, 128], [-17.7375, 128], [-12.06875, 126], [-7.98125, 126], [-8.33125, 127], [-14.075, 128], [-6.41875, 127], [-11.425, 127], [-6.93125, 128], [-2.4875, 128], [-10.0125, 128], [-5.3125, 126], [-8.0375, 127], [-11.7375, 128], [-8.45625, 128], [-11.23125, 127], [-7.41875, 128], [-13.75625, 127], [-6.19375, 128], [-7.1875, 128], [-5.96875, 127], [-6.9125, 128], [-10.9875, 125], [-10.325, 128], [-6.475, 128], [-6.16875, 128], [-4.38125, 128], [-8.8875, 127], [-8.825, 128], [-6.04375, 127], [-2.03125, 128], [-7.4875, 125], [-11.94375, 124], [-12.50625, 128], [-6.5875, 128], [-8.40625, 128], [-12.41875, 127], [-3.23125, 128], [-7.225, 128], [-5.6625, 126]]}