{"episode_n": 200, "trajectory_len": 200, "trajectory_n": 30, "q_param": 0.5, "lamd": 0.99, "episode_data": [[-796.1, 13], [-742.7, 14], [-696.5666666666667, 13], [-762.4333333333333, 15], [-664.3666666666667, 14], [-635.3333333333334, 15], [-611.2333333333333, 15], [-532.6, 15], [-566.9333333333333, 15], [-471.1, 15], [-581.5666666666667, 15], [-497.3, 15], [-421.56666666666666, 15], [-533.4, 15], [-614.6, 14], [-515.4333333333333, 15], [-473.8333333333333, 15], [-380.96666666666664, 15], [-461.2, 15], [-428.8, 15], [-376.1, 15], [-412.3333333333333, 15], [-460.6666666666667, 15], [-518.0, 15], [-405.43333333333334, 15], [-538.9, 15], [-494.4, 15], [-555.8, 14], [-548.9666666666667, 15], [-449.43333333333334, 15], [-494.26666666666665, 15], [-417.0, 15], [-514.9, 15], [-389.1, 15], [-386.73333333333335, 15], [-470.03333333333336, 15], [-538.0666666666667, 15], [-568.5333333333333, 15], [-520.8, 15], [-535.4, 15], [-327.76666666666665, 15], [-386.53333333333336, 15], [-546.1333333333333, 15], [-624.4, 14], [-623.2333333333333, 15], [-458.6666666666667, 15], [-516.4, 15], [-539.6333333333333, 15], [-543.5666666666667, 14], [-486.7, 15], [-427.53333333333336, 14], [-441.76666666666665, 15], [-406.1666666666667, 15], [-487.8333333333333, 15], [-570.2333333333333, 15], [-606.0, 15], [-494.43333333333334, 15], [-330.43333333333334, 15], [-444.26666666666665, 15], [-393.3666666666667, 15], [-442.2, 15], [-432.56666666666666, 15], [-383.06666666666666, 15], [-337.5, 15], [-390.3333333333333, 15], [-412.4, 15], [-437.4, 15], [-310.76666666666665, 15], [-292.1, 15], [-459.6, 15], [-273.1333333333333, 15], [-331.03333333333336, 15], [-322.43333333333334, 15], [-322.3666666666667, 15], [-411.93333333333334, 15], [-468.5, 15], [-436.6666666666667, 15], [-405.3, 15], [-350.3333333333333, 15], [-438.06666666666666, 15], [-457.73333333333335, 15], [-388.4, 15], [-566.1, 15], [-515.2666666666667, 15], [-435.2, 15], [-351.4, 15], [-450.8333333333333, 15], [-517.1333333333333, 15], [-514.0666666666667, 14], [-516.8, 15], [-484.53333333333336, 15], [-445.43333333333334, 15], [-496.23333333333335, 15], [-406.8333333333333, 15], [-343.46666666666664, 15], [-494.3, 15], [-373.8333333333333, 15], [-345.3333333333333, 15], [-438.0, 15], [-404.43333333333334, 15], [-386.46666666666664, 15], [-497.1, 15], [-500.6, 15], [-357.9, 15], [-484.23333333333335, 15], [-478.3333333333333, 15], [-384.0, 15], [-494.76666666666665, 15], [-353.46666666666664, 15], [-517.8, 15], [-513.8, 15], [-443.6666666666667, 15], [-344.26666666666665, 15], [-387.46666666666664, 15], [-485.93333333333334, 15], [-453.76666666666665, 15], [-393.1333333333333, 15], [-300.3666666666667, 15], [-385.1333333333333, 15], [-533.4333333333333, 14], [-500.5, 15], [-489.8, 15], [-439.5, 15], [-481.6333333333333, 15], [-382.3, 15], [-384.4, 15], [-487.93333333333334, 15], [-430.1, 15], [-424.4, 15], [-408.06666666666666, 15], [-611.9666666666667, 15], [-478.3333333333333, 15], [-464.1666666666667, 15], [-352.8, 15], [-421.06666666666666, 15], [-426.7, 15], [-373.6333333333333, 15], [-511.2, 15], [-216.06666666666666, 15], [-346.0, 15], [-396.76666666666665, 15], [-648.1666666666666, 15], [-463.23333333333335, 15], [-482.23333333333335, 15], [-525.2, 15], [-488.06666666666666, 15], [-498.6, 15], [-605.9666666666667, 15], [-422.4, 15], [-523.3666666666667, 15], [-327.9, 15], [-524.2666666666667, 15], [-540.0666666666667, 15], [-479.3, 15], [-388.4, 15], [-425.9, 15], [-385.1333333333333, 15], [-450.1666666666667, 15], [-425.6, 15], [-378.03333333333336, 15], [-476.6, 15], [-386.0, 15], [-359.93333333333334, 15], [-400.2, 15], [-207.53333333333333, 15], [-379.4, 15], [-372.8333333333333, 15], [-282.0, 15], [-342.56666666666666, 15], [-445.43333333333334, 15], [-494.3333333333333, 15], [-434.8666666666667, 15], [-523.9, 15], [-348.03333333333336, 15], [-567.3666666666667, 15], [-386.1, 15], [-474.7, 15], [-405.1, 15], [-452.1333333333333, 15], [-481.8666666666667, 15], [-375.1333333333333, 15], [-304.8, 15], [-344.6, 15], [-486.96666666666664, 15], [-408.6666666666667, 15], [-277.73333333333335, 15], [-446.93333333333334, 15], [-481.26666666666665, 15], [-354.53333333333336, 15], [-455.46666666666664, 15], [-296.46666666666664, 15], [-400.1666666666667, 15], [-485.8666666666667, 15], [-409.23333333333335, 15], [-501.3666666666667, 15], [-497.1333333333333, 15], [-674.1666666666666, 15], [-604.9333333333333, 15], [-434.9, 15], [-469.06666666666666, 15]]}