{"episode_n": 200, "trajectory_len": 200, "trajectory_n": 30, "q_param": 0.3, "lamd": 0.99, "episode_data": [[-775.7333333333333, 21], [-732.2666666666667, 19], [-729.2333333333333, 20], [-695.6, 20], [-626.8, 21], [-654.8, 20], [-625.1666666666666, 20], [-605.8666666666667, 21], [-629.4666666666667, 21], [-555.6, 21], [-539.5, 21], [-498.0, 21], [-566.0, 21], [-431.96666666666664, 21], [-504.0, 21], [-434.43333333333334, 21], [-414.7, 20], [-524.0, 21], [-429.23333333333335, 21], [-401.9, 21], [-372.9, 21], [-397.3333333333333, 21], [-370.93333333333334, 21], [-313.26666666666665, 20], [-376.3, 21], [-504.1666666666667, 21], [-475.4, 21], [-433.9, 21], [-434.9, 21], [-374.6333333333333, 21], [-367.23333333333335, 21], [-398.43333333333334, 21], [-437.5, 21], [-383.6333333333333, 21], [-284.06666666666666, 21], [-364.4, 21], [-464.1666666666667, 21], [-400.5, 21], [-368.7, 21], [-493.0, 20], [-364.73333333333335, 21], [-433.1, 21], [-334.8666666666667, 21], [-380.26666666666665, 21], [-401.23333333333335, 21], [-484.1, 21], [-316.43333333333334, 21], [-307.8, 21], [-422.5, 21], [-501.1, 21], [-483.56666666666666, 21], [-496.56666666666666, 20], [-370.3333333333333, 21], [-389.53333333333336, 21], [-285.23333333333335, 21], [-351.1, 21], [-333.26666666666665, 21], [-462.0, 21], [-489.8333333333333, 20], [-584.6, 20], [-618.9666666666667, 20], [-555.2333333333333, 21], [-622.6666666666666, 21], [-535.3333333333334, 21], [-532.0333333333333, 21], [-437.56666666666666, 21], [-392.2, 21], [-370.6, 21], [-416.46666666666664, 21], [-509.4, 21], [-531.4, 21], [-554.3333333333334, 20], [-545.0666666666667, 19], [-571.9333333333333, 20], [-430.8, 21], [-467.0, 21], [-488.6, 20], [-511.93333333333334, 21], [-499.53333333333336, 21], [-367.73333333333335, 21], [-383.4, 21], [-372.7, 21], [-320.46666666666664, 21], [-349.76666666666665, 21], [-358.96666666666664, 21], [-413.3, 21], [-451.26666666666665, 21], [-377.1, 21], [-339.73333333333335, 21], [-285.3333333333333, 21], [-365.4, 21], [-260.76666666666665, 21], [-395.03333333333336, 21], [-521.0666666666667, 21], [-382.26666666666665, 21], [-319.8666666666667, 21], [-350.1666666666667, 21], [-298.1666666666667, 21], [-353.1333333333333, 20], [-310.73333333333335, 21], [-374.53333333333336, 21], [-464.3333333333333, 21], [-382.1666666666667, 21], [-311.26666666666665, 21], [-366.5, 21], [-366.8333333333333, 21], [-306.3666666666667, 21], [-275.3333333333333, 21], [-354.1666666666667, 21], [-507.1666666666667, 21], [-382.53333333333336, 21], [-372.4, 21], [-416.1666666666667, 21], [-325.8333333333333, 21], [-340.8, 21], [-495.3333333333333, 20], [-450.6, 21], [-403.96666666666664, 21], [-523.6666666666666, 21], [-470.8333333333333, 21], [-482.3333333333333, 21], [-510.3666666666667, 21], [-350.56666666666666, 21], [-409.6666666666667, 21], [-470.0, 20], [-482.3, 21], [-394.06666666666666, 21], [-470.06666666666666, 21], [-308.3333333333333, 21], [-424.56666666666666, 21], [-434.06666666666666, 21], [-332.73333333333335, 21], [-507.1666666666667, 21], [-601.6333333333333, 21], [-498.8666666666667, 21], [-513.4, 20], [-464.6, 21], [-506.1666666666667, 21], [-456.26666666666665, 20], [-513.2333333333333, 21], [-457.56666666666666, 21], [-419.0, 21], [-407.96666666666664, 21], [-267.73333333333335, 21], [-367.9, 21], [-507.6333333333333, 21], [-409.7, 21], [-378.7, 21], [-350.3333333333333, 20], [-404.06666666666666, 20], [-329.96666666666664, 20], [-253.43333333333334, 21], [-351.1333333333333, 21], [-219.4, 21], [-429.8333333333333, 21], [-311.8333333333333, 21], [-248.93333333333334, 21], [-272.8333333333333, 21], [-302.5, 21], [-274.5, 21], [-305.46666666666664, 21], [-327.56666666666666, 21], [-431.9, 21], [-324.6, 21], [-244.9, 21], [-295.43333333333334, 21], [-398.6, 21], [-426.3, 21], [-260.56666666666666, 21], [-425.4, 21], [-228.93333333333334, 21], [-267.6, 21], [-237.36666666666667, 21], [-376.8, 21], [-359.76666666666665, 21], [-402.2, 21], [-435.46666666666664, 21], [-360.06666666666666, 21], [-356.2, 21], [-352.3333333333333, 21], [-355.3, 21], [-366.6, 21], [-291.2, 21], [-424.23333333333335, 21], [-351.56666666666666, 21], [-392.1666666666667, 21], [-253.93333333333334, 21], [-347.43333333333334, 21], [-385.26666666666665, 21], [-399.1, 21], [-448.1333333333333, 21], [-497.56666666666666, 21], [-378.3333333333333, 21], [-372.8666666666667, 21], [-369.6666666666667, 21], [-444.3, 21], [-412.6, 21], [-334.0, 21], [-378.7, 21], [-459.06666666666666, 21]]}