{"episode_n": 100, "trajectory_len": 200, "trajectory_n": 160, "q_param": 0.7, "lamd": 0.99, "episode_data": [[-760.26875, 46], [-661.34375, 48], [-539.325, 48], [-451.35625, 48], [-489.61875, 48], [-381.79375, 47], [-498.4375, 48], [-406.5125, 48], [-368.01875, 48], [-425.58125, 48], [-419.7375, 48], [-414.14375, 48], [-349.2875, 48], [-396.05625, 47], [-409.40625, 48], [-350.5375, 48], [-428.45625, 48], [-351.275, 47], [-442.35, 48], [-426.06875, 48], [-432.575, 48], [-394.66875, 48], [-432.3875, 48], [-439.4125, 48], [-378.975, 48], [-341.53125, 47], [-389.7625, 48], [-429.75625, 48], [-400.89375, 48], [-378.05, 48], [-417.0875, 48], [-374.5125, 45], [-423.4125, 48], [-422.1625, 48], [-444.175, 48], [-374.50625, 47], [-394.63125, 47], [-401.1625, 48], [-370.44375, 48], [-416.34375, 48], [-435.16875, 48], [-413.96875, 48], [-390.8875, 47], [-402.76875, 48], [-392.94375, 48], [-391.0625, 48], [-418.6375, 48], [-386.1125, 47], [-394.075, 48], [-443.5375, 48], [-444.1875, 47], [-397.3375, 47], [-386.43125, 48], [-470.65, 48], [-361.3875, 48], [-396.05625, 46], [-403.68125, 48], [-343.725, 48], [-411.78125, 47], [-408.1875, 48], [-365.4125, 47], [-400.54375, 48], [-388.4375, 47], [-379.76875, 48], [-453.71875, 48], [-451.4875, 48], [-402.6625, 48], [-393.025, 47], [-421.58125, 48], [-410.0875, 48], [-343.725, 47], [-398.53125, 48], [-407.84375, 48], [-399.61875, 48], [-437.2125, 48], [-401.4125, 48], [-413.95625, 48], [-408.78125, 48], [-411.5625, 48], [-432.30625, 48], [-401.3375, 47], [-401.6375, 48], [-371.5125, 48], [-379.6125, 48], [-393.08125, 47], [-440.50625, 48], [-405.4875, 48], [-484.66875, 48], [-449.9625, 48], [-404.58125, 48], [-441.41875, 48], [-423.51875, 48], [-412.75, 48], [-351.23125, 47], [-433.24375, 48], [-462.11875, 48], [-430.25625, 48], [-441.5125, 48], [-436.63125, 48], [-486.7875, 48]]}