{"episode_n": 100, "trajectory_len": 200, "trajectory_n": 640, "q_param": 0.2, "lamd": 0.5, "episode_data": [[-778.378125, 499], [-760.7109375, 503], [-742.7203125, 500], [-724.903125, 507], [-713.5875, 504], [-695.5015625, 490], [-671.8109375, 488], [-661.00625, 509], [-647.690625, 506], [-629.24375, 495], [-616.3796875, 493], [-589.015625, 499], [-567.221875, 512], [-564.5859375, 491], [-540.25625, 511], [-527.74375, 493], [-507.909375, 499], [-490.6578125, 495], [-464.959375, 485], [-444.7546875, 507], [-428.5375, 509], [-412.1390625, 506], [-391.871875, 500], [-365.46875, 486], [-339.3046875, 498], [-317.6421875, 512], [-289.05, 511], [-280.340625, 504], [-253.315625, 509], [-237.1625, 506], [-215.5171875, 508], [-194.653125, 505], [-169.7, 510], [-149.703125, 511], [-132.8609375, 512], [-118.6828125, 509], [-101.121875, 509], [-89.328125, 512], [-76.6484375, 509], [-67.2078125, 508], [-61.196875, 512], [-50.746875, 509], [-48.340625, 508], [-41.253125, 512], [-35.903125, 508], [-29.49375, 509], [-24.65625, 512], [-21.3265625, 506], [-16.9453125, 510], [-12.9875, 508], [-9.30625, 505], [-7.6, 511], [-6.15625, 501], [-3.58125, 510], [-2.471875, 510], [-1.153125, 497], [0.2953125, 492], [1.20625, 496], [1.628125, 498], [2.859375, 483], [2.5046875, 500], [3.4875, 511], [4.0015625, 500], [3.9, 467], [4.2671875, 503], [4.14375, 479], [4.7296875, 468], [3.5796875, 506], [3.6328125, 473], [1.1109375, 508], [3.296875, 511], [3.365625, 484], [4.35625, 506], [2.8015625, 499], [3.578125, 469], [3.65625, 466], [-2.5609375, 510], [1.0515625, 483], [-5.4515625, 504], [1.503125, 461], [-4.590625, 509], [2.1671875, 474], [-1.3265625, 501], [-0.06875, 507], [-0.0125, 472], [-2.621875, 500], [-0.6328125, 476], [-2.740625, 499], [-3.528125, 503], [-3.3234375, 477], [-5.2109375, 507], [-0.3609375, 495], [-4.45625, 506], [-6.640625, 510], [0.734375, 485], [-3.078125, 485], [-7.4328125, 510], [-4.203125, 488], [-3.540625, 485], [-4.7484375, 507]]}