{"episode_n": 100, "trajectory_len": 200, "trajectory_n": 5120, "q_param": 0.9, "lamd": 0.5, "episode_data": [[-770.584765625, 456], [-680.91171875, 512], [-528.3306640625, 511], [-289.4525390625, 512], [-151.6515625, 503], [-82.8197265625, 506], [-45.994921875, 507], [-25.868359375, 475], [-17.323828125, 418], [-26.919140625, 339], [-60.75546875, 333], [-124.19765625, 511], [-191.8298828125, 319], [-269.765234375, 348], [-343.9041015625, 392], [-386.9572265625, 422], [-441.5544921875, 486], [-416.4044921875, 413], [-434.9373046875, 414], [-446.33359375, 482], [-457.9802734375, 472], [-473.094140625, 496], [-420.166015625, 478], [-442.384375, 407], [-453.6984375, 469], [-466.9365234375, 495], [-415.8578125, 462], [-421.42890625, 482], [-449.8146484375, 417], [-453.9412109375, 449], [-462.08125, 468], [-467.583203125, 492], [-476.42421875, 468], [-471.956640625, 434], [-473.3095703125, 456], [-478.283984375, 489], [-478.9705078125, 447], [-472.3, 504], [-423.8619140625, 510], [-443.3017578125, 443], [-453.820703125, 473], [-459.0498046875, 459], [-454.8130859375, 469], [-470.248046875, 489], [-469.378125, 450], [-470.369140625, 483], [-478.385546875, 472], [-479.273828125, 468], [-473.1142578125, 458], [-478.57578125, 503], [-415.6021484375, 486], [-431.478515625, 471], [-442.2458984375, 485], [-458.076171875, 448], [-460.9484375, 503], [-421.1197265625, 434], [-439.3162109375, 474], [-444.741015625, 499], [-462.8841796875, 493], [-462.8931640625, 467], [-466.8671875, 494], [-474.337890625, 470], [-474.8158203125, 477], [-469.08828125, 473], [-477.678515625, 505], [-422.415625, 491], [-435.2078125, 440], [-450.911328125, 483], [-460.5685546875, 438], [-466.07890625, 464], [-466.216796875, 502], [-471.3244140625, 456], [-473.0798828125, 507], [-427.4869140625, 407], [-440.401953125, 443], [-450.2541015625, 456], [-468.1080078125, 432], [-473.399609375, 472], [-472.7849609375, 461], [-481.207421875, 480], [-427.914453125, 460], [-432.3880859375, 418], [-456.3619140625, 466], [-458.01875, 444], [-462.6970703125, 471], [-474.5935546875, 465], [-467.1044921875, 472], [-467.8505859375, 484], [-465.4705078125, 468], [-477.57265625, 466], [-477.4548828125, 479], [-475.01875, 460], [-470.3048828125, 462], [-474.5369140625, 503], [-416.9951171875, 476], [-436.3388671875, 478], [-452.4392578125, 483], [-463.2115234375, 438], [-457.5767578125, 474], [-467.58984375, 450]]}