{"episode_n": 200, "trajectory_len": 200, "trajectory_n": 30, "q_param": 0.7, "lamd": 0.99, "episode_data": [[-759.5, 9], [-736.9, 9], [-729.3, 9], [-610.1333333333333, 8], [-629.1333333333333, 9], [-612.8666666666667, 9], [-662.8666666666667, 9], [-541.3666666666667, 9], [-655.4666666666667, 9], [-645.7333333333333, 9], [-546.2, 9], [-531.6, 9], [-498.8666666666667, 9], [-618.9666666666667, 9], [-608.5333333333333, 9], [-624.5, 9], [-644.1333333333333, 9], [-572.1666666666666, 9], [-696.6333333333333, 9], [-636.3666666666667, 9], [-600.5, 9], [-611.6666666666666, 9], [-645.3666666666667, 9], [-636.3333333333334, 9], [-566.5666666666667, 9], [-561.3333333333334, 9], [-513.4333333333333, 9], [-496.2, 9], [-656.1666666666666, 8], [-531.9, 9], [-730.2333333333333, 8], [-657.0666666666667, 9], [-573.2333333333333, 9], [-648.3333333333334, 9], [-616.0333333333333, 9], [-523.6666666666666, 9], [-472.53333333333336, 9], [-461.23333333333335, 9], [-655.4333333333333, 9], [-531.8333333333334, 9], [-714.7666666666667, 8], [-654.9, 9], [-647.7666666666667, 9], [-602.6666666666666, 9], [-529.1666666666666, 9], [-426.06666666666666, 9], [-527.7333333333333, 9], [-574.2666666666667, 9], [-676.6333333333333, 8], [-641.9, 9], [-536.2, 9], [-557.0666666666667, 9], [-474.93333333333334, 9], [-613.0666666666667, 9], [-600.5666666666667, 9], [-583.5, 9], [-552.7666666666667, 9], [-601.4333333333333, 9], [-588.9666666666667, 9], [-558.3, 9], [-503.56666666666666, 9], [-546.0666666666667, 9], [-590.6333333333333, 9], [-510.3, 9], [-597.7666666666667, 9], [-413.56666666666666, 9], [-551.1333333333333, 9], [-517.4666666666667, 9], [-562.8333333333334, 9], [-436.73333333333335, 9], [-579.8, 9], [-605.1, 9], [-675.7333333333333, 9], [-524.0333333333333, 9], [-596.8, 9], [-601.3, 9], [-514.6, 9], [-382.46666666666664, 9], [-565.0, 9], [-513.7666666666667, 9], [-522.2, 9], [-557.2, 9], [-560.4333333333333, 9], [-641.4333333333333, 9], [-554.0, 9], [-512.8333333333334, 9], [-453.73333333333335, 9], [-601.3, 9], [-613.3666666666667, 9], [-556.3666666666667, 9], [-577.4333333333333, 9], [-615.4, 9], [-639.3333333333334, 8], [-670.9, 9], [-609.1333333333333, 9], [-534.0, 9], [-543.9666666666667, 9], [-590.8, 9], [-494.6, 9], [-569.5666666666667, 9], [-411.6666666666667, 9], [-574.5666666666667, 9], [-538.0666666666667, 9], [-517.5333333333333, 9], [-577.2666666666667, 9], [-651.9, 8], [-601.0666666666667, 9], [-650.6333333333333, 9], [-550.4, 9], [-586.9, 9], [-589.6333333333333, 9], [-603.5333333333333, 9], [-639.4333333333333, 9], [-527.6666666666666, 9], [-501.4, 9], [-530.2666666666667, 8], [-459.8666666666667, 9], [-417.6666666666667, 9], [-550.0666666666667, 9], [-598.1666666666666, 9], [-443.03333333333336, 9], [-577.3666666666667, 9], [-605.7666666666667, 9], [-541.4, 9], [-437.43333333333334, 9], [-676.1333333333333, 9], [-522.2333333333333, 9], [-677.9666666666667, 9], [-621.1, 8], [-497.06666666666666, 9], [-451.6333333333333, 9], [-524.1666666666666, 9], [-603.3666666666667, 9], [-672.2666666666667, 8], [-575.2666666666667, 9], [-490.56666666666666, 9], [-650.2333333333333, 9], [-686.1666666666666, 9], [-596.7, 9], [-486.8, 9], [-585.9333333333333, 9], [-406.73333333333335, 9], [-522.8333333333334, 9], [-637.0666666666667, 9], [-525.0333333333333, 9], [-583.0333333333333, 9], [-623.9, 9], [-498.1, 9], [-470.6666666666667, 9], [-613.4666666666667, 9], [-534.7666666666667, 9], [-534.7, 9], [-609.5, 9], [-567.0666666666667, 9], [-412.1, 9], [-537.0333333333333, 9], [-484.53333333333336, 7], [-611.9666666666667, 9], [-676.8333333333334, 9], [-562.3666666666667, 9], [-551.4333333333333, 9], [-510.1666666666667, 9], [-448.93333333333334, 9], [-484.1333333333333, 9], [-279.1666666666667, 9], [-510.6, 9], [-711.1, 9], [-691.4666666666667, 9], [-575.0666666666667, 9], [-697.0333333333333, 9], [-656.9666666666667, 8], [-637.7666666666667, 9], [-605.5666666666667, 9], [-587.8666666666667, 9], [-561.1333333333333, 9], [-554.8333333333334, 9], [-523.8333333333334, 9], [-563.8, 8], [-663.8333333333334, 8], [-647.6, 9], [-456.6, 9], [-741.3, 9], [-563.9, 9], [-590.9333333333333, 9], [-630.4, 9], [-519.4, 9], [-501.9, 9], [-666.1, 9], [-618.3666666666667, 9], [-628.5, 9], [-538.1, 9], [-665.1, 9], [-547.4333333333333, 9], [-452.7, 9], [-508.7, 9], [-501.06666666666666, 9], [-512.4, 9], [-656.1, 9], [-698.1666666666666, 9], [-345.4, 9]]}