{"episode_n": 100, "trajectory_len": 200, "trajectory_n": 640, "q_param": 0.5, "lamd": 0.7, "episode_data": [[-766.2921875, 317], [-718.628125, 297], [-672.334375, 303], [-598.6859375, 301], [-529.1234375, 317], [-439.215625, 320], [-351.68125, 320], [-249.4859375, 320], [-169.1203125, 318], [-122.296875, 315], [-82.4796875, 316], [-55.1875, 317], [-35.653125, 315], [-23.2375, 308], [-13.6375, 311], [-7.1953125, 316], [-6.4015625, 285], [-3.84375, 289], [-6.890625, 297], [-13.3046875, 296], [-30.953125, 314], [-33.2375, 294], [-52.8765625, 248], [-80.8484375, 304], [-45.5125, 286], [-87.6328125, 286], [-120.084375, 319], [-99.690625, 299], [-100.371875, 303], [-87.6609375, 291], [-94.371875, 300], [-94.7359375, 310], [-101.98125, 249], [-128.8859375, 320], [-74.334375, 299], [-71.19375, 300], [-125.7421875, 306], [-108.6015625, 317], [-112.925, 319], [-72.8875, 314], [-70.259375, 253], [-125.2453125, 313], [-52.51875, 302], [-61.078125, 314], [-75.3015625, 280], [-99.465625, 320], [-64.4765625, 320], [-65.234375, 243], [-104.4390625, 314], [-30.9390625, 306], [-56.99375, 320], [-63.565625, 309], [-95.7859375, 308], [-96.1921875, 320], [-68.28125, 315], [-66.1078125, 310], [-83.8015625, 242], [-101.546875, 318], [-93.9453125, 293], [-83.2609375, 260], [-109.85, 319], [-41.65, 307], [-76.584375, 302], [-68.5046875, 254], [-113.7546875, 320], [-43.5734375, 293], [-65.2953125, 303], [-74.665625, 315], [-93.21875, 308], [-87.0703125, 318], [-84.6015625, 319], [-87.25, 246], [-119.025, 313], [-80.921875, 306], [-89.6125, 309], [-91.8546875, 254], [-113.2515625, 314], [-61.69375, 302], [-77.6109375, 252], [-109.234375, 305], [-87.9, 316], [-86.44375, 313], [-85.5078125, 316], [-88.49375, 313], [-96.021875, 310], [-81.1515625, 270], [-118.234375, 313], [-84.453125, 290], [-74.5828125, 320], [-85.3296875, 262], [-129.2234375, 320], [-45.246875, 307], [-87.6453125, 315], [-109.10625, 319], [-100.55625, 253], [-126.8546875, 320], [-74.6734375, 318], [-66.484375, 300], [-77.434375, 317], [-94.7984375, 313]]}