{"episode_n": 100, "trajectory_len": 200, "trajectory_n": 640, "q_param": 0.3, "lamd": 0.1, "episode_data": [[-771.303125, 435], [-766.90625, 411], [-761.9578125, 426], [-759.8578125, 429], [-752.2828125, 442], [-748.65, 432], [-741.496875, 425], [-739.521875, 447], [-729.35, 446], [-735.1390625, 445], [-722.046875, 444], [-730.3234375, 431], [-720.296875, 447], [-725.0828125, 437], [-709.4546875, 430], [-712.6734375, 441], [-705.5921875, 428], [-702.2453125, 428], [-700.1046875, 448], [-693.9953125, 447], [-678.1328125, 430], [-676.115625, 435], [-676.915625, 430], [-673.5765625, 426], [-659.8125, 430], [-653.8265625, 441], [-655.55, 429], [-652.6171875, 435], [-646.55, 436], [-641.0984375, 429], [-636.525, 444], [-634.7515625, 444], [-624.665625, 428], [-603.80625, 433], [-603.4609375, 416], [-605.6484375, 442], [-611.6265625, 440], [-597.3203125, 425], [-599.0171875, 432], [-578.8828125, 421], [-586.5484375, 433], [-565.7265625, 444], [-574.6109375, 425], [-560.8890625, 433], [-564.0265625, 434], [-550.303125, 438], [-546.0546875, 429], [-532.68125, 439], [-526.6234375, 431], [-528.825, 438], [-517.6484375, 444], [-517.996875, 424], [-506.3203125, 429], [-493.7890625, 428], [-503.265625, 443], [-485.8765625, 428], [-482.9265625, 441], [-488.8984375, 438], [-473.2375, 441], [-465.3796875, 446], [-471.2234375, 435], [-448.378125, 429], [-451.14375, 441], [-430.1734375, 439], [-429.0640625, 448], [-424.684375, 438], [-422.9203125, 437], [-404.334375, 439], [-402.7859375, 447], [-398.46875, 437], [-375.7484375, 445], [-374.9125, 448], [-367.6015625, 432], [-365.253125, 448], [-355.5640625, 445], [-356.2921875, 448], [-335.0125, 448], [-335.934375, 446], [-326.9265625, 447], [-316.9046875, 448], [-314.809375, 446], [-297.796875, 448], [-278.028125, 448], [-276.85, 448], [-272.4078125, 447], [-263.2953125, 448], [-254.6640625, 448], [-246.2171875, 448], [-230.903125, 448], [-214.803125, 448], [-218.26875, 448], [-204.9953125, 447], [-200.3296875, 448], [-186.5734375, 447], [-180.265625, 448], [-179.6640625, 448], [-165.934375, 445], [-167.28125, 447], [-157.578125, 448], [-148.9375, 446]]}