{"episode_n": 100, "trajectory_len": 200, "trajectory_n": 640, "q_param": 0.01, "lamd": 0.1, "episode_data": [[-770.5828125, 629], [-764.528125, 630], [-762.8109375, 631], [-772.6484375, 633], [-764.8421875, 632], [-765.575, 631], [-758.3296875, 631], [-762.1953125, 633], [-769.0421875, 632], [-768.10625, 630], [-770.721875, 633], [-766.7046875, 633], [-758.575, 633], [-770.4609375, 633], [-759.71875, 632], [-761.9546875, 633], [-764.4765625, 630], [-761.7671875, 631], [-763.75625, 629], [-761.621875, 633], [-760.125, 629], [-756.5859375, 633], [-760.5421875, 629], [-767.6078125, 633], [-759.503125, 633], [-756.825, 630], [-758.6625, 633], [-760.8265625, 630], [-755.9875, 633], [-757.3140625, 631], [-762.1359375, 632], [-757.7359375, 633], [-749.665625, 632], [-757.1453125, 632], [-754.3953125, 632], [-752.3953125, 630], [-760.9203125, 633], [-747.696875, 633], [-751.253125, 631], [-756.01875, 633], [-751.359375, 633], [-755.2796875, 631], [-744.9046875, 631], [-745.4578125, 632], [-754.271875, 630], [-744.7890625, 633], [-753.5984375, 633], [-748.9484375, 633], [-741.58125, 632], [-741.3875, 632], [-743.6640625, 633], [-741.2765625, 632], [-751.8296875, 632], [-744.3734375, 633], [-751.98125, 633], [-742.403125, 632], [-744.4984375, 633], [-740.94375, 633], [-739.7390625, 632], [-736.3609375, 632], [-736.834375, 629], [-741.0703125, 633], [-739.76875, 630], [-736.3296875, 632], [-735.3921875, 630], [-739.56875, 630], [-732.70625, 633], [-738.0265625, 633], [-738.353125, 633], [-735.8984375, 632], [-732.9, 633], [-733.1453125, 632], [-737.803125, 632], [-731.4859375, 631], [-731.2765625, 632], [-735.2125, 633], [-733.2140625, 631], [-725.3140625, 632], [-731.0078125, 632], [-730.2390625, 633], [-725.3078125, 630], [-727.8734375, 632], [-729.8234375, 633], [-726.0015625, 630], [-723.3234375, 630], [-724.3484375, 631], [-725.246875, 631], [-725.23125, 629], [-722.7546875, 633], [-720.35, 630], [-728.440625, 633], [-721.4875, 633], [-726.68125, 629], [-721.9484375, 633], [-728.5453125, 630], [-722.575, 632], [-723.609375, 633], [-727.828125, 632], [-729.4859375, 630], [-720.084375, 631]]}