{"episode_n": 100, "trajectory_len": 200, "trajectory_n": 160, "q_param": 0.2, "lamd": 0.4, "episode_data": [[-759.96875, 123], [-764.6125, 126], [-745.25625, 123], [-735.96875, 124], [-707.03125, 122], [-700.38125, 128], [-682.64375, 127], [-663.39375, 126], [-661.43125, 124], [-643.1375, 128], [-629.55, 126], [-612.4875, 128], [-581.4375, 124], [-565.375, 123], [-564.94375, 125], [-516.1375, 127], [-504.45, 126], [-506.175, 125], [-470.24375, 124], [-441.675, 128], [-439.85625, 122], [-422.875, 121], [-403.45625, 124], [-373.2, 122], [-345.375, 126], [-330.38125, 127], [-308.675, 128], [-291.1, 126], [-263.8875, 123], [-233.675, 128], [-208.775, 128], [-187.84375, 128], [-171.9375, 128], [-142.2625, 128], [-125.09375, 127], [-107.18125, 126], [-100.55625, 128], [-78.80625, 128], [-65.4375, 127], [-63.7, 128], [-58.5375, 128], [-50.575, 128], [-46.35, 126], [-46.79375, 127], [-45.35625, 128], [-35.75, 128], [-32.8, 128], [-31.36875, 126], [-24.475, 128], [-26.54375, 127], [-21.31875, 128], [-18.95625, 126], [-21.1625, 128], [-21.68125, 128], [-16.45625, 128], [-17.34375, 127], [-14.85, 127], [-14.36875, 128], [-10.7, 127], [-13.66875, 128], [-9.9, 128], [-6.9625, 128], [-9.64375, 128], [-8.79375, 128], [-7.0125, 128], [-12.65, 128], [-7.11875, 128], [-7.14375, 127], [-9.50625, 125], [-14.6, 126], [-6.94375, 127], [-4.5125, 127], [-8.43125, 127], [-13.8375, 128], [-12.91875, 128], [-9.1625, 128], [-10.8625, 128], [-2.70625, 125], [-6.9, 128], [-7.2, 127], [-7.60625, 128], [-7.9875, 128], [-5.6125, 128], [-7.91875, 124], [-5.93125, 125], [-4.4375, 128], [-5.25, 128], [-1.94375, 128], [-6.1, 128], [-4.8125, 127], [-6.625, 128], [-5.50625, 128], [-3.73125, 126], [-5.325, 126], [-11.78125, 128], [-6.2125, 128], [-8.39375, 128], [-4.49375, 127], [-5.94375, 128], [-8.01875, 128]]}