{"episode_n": 20, "trajectory_len": 200, "trajectory_n": 640, "q_param": 0.5, "lamd": 0.99, "episode_data": [[-772.9953125, 316], [-711.9671875, 290], [-646.803125, 304], [-565.0, 309], [-467.0875, 319], [-367.7328125, 320], [-243.1921875, 319], [-137.1203125, 320], [-78.728125, 317], [-47.6875, 314], [-24.4046875, 320], [-14.309375, 318], [-6.5796875, 303], [-6.4953125, 317], [-13.7171875, 313], [-19.3515625, 272], [-96.128125, 302], [-94.875, 296], [-75.003125, 311], [-76.9609375, 300]]}