{"episode_n": 100, "trajectory_len": 200, "trajectory_n": 160, "q_param": 0.8, "lamd": 0.99, "episode_data": [[-775.11875, 28], [-646.9, 32], [-489.03125, 32], [-476.675, 32], [-450.05, 32], [-403.96875, 32], [-338.29375, 32], [-321.15, 29], [-359.96875, 32], [-393.05, 32], [-463.84375, 32], [-464.59375, 32], [-470.65, 32], [-424.05, 29], [-409.0375, 29], [-505.94375, 32], [-512.9875, 32], [-509.3375, 31], [-474.1, 32], [-481.25, 32], [-520.76875, 32], [-524.2375, 32], [-482.75625, 31], [-521.875, 32], [-530.75, 32], [-517.9, 32], [-518.11875, 32], [-462.525, 30], [-513.20625, 32], [-475.875, 32], [-519.5375, 32], [-552.20625, 32], [-501.76875, 31], [-484.09375, 27], [-507.10625, 32], [-484.2875, 32], [-485.75, 32], [-549.6, 32], [-555.23125, 32], [-484.7625, 32], [-483.71875, 30], [-485.7125, 32], [-520.48125, 32], [-502.28125, 31], [-507.1125, 32], [-517.75, 32], [-530.475, 32], [-451.2875, 30], [-532.05625, 32], [-470.80625, 32], [-507.25, 32], [-546.78125, 32], [-551.725, 31], [-603.44375, 32], [-474.975, 32], [-526.625, 32], [-494.40625, 29], [-481.075, 32], [-506.6, 32], [-480.5125, 32], [-503.225, 32], [-504.6625, 32], [-500.6875, 31], [-520.34375, 32], [-498.25, 30], [-570.85625, 32], [-506.93125, 32], [-532.4625, 31], [-498.2375, 32], [-511.2625, 31], [-519.7375, 32], [-479.85, 32], [-546.9625, 32], [-512.6375, 28], [-543.3375, 32], [-566.275, 32], [-464.7125, 32], [-472.90625, 27], [-466.60625, 32], [-534.06875, 32], [-520.14375, 32], [-491.0875, 30], [-513.1125, 32], [-489.6875, 31], [-497.96875, 31], [-473.63125, 28], [-506.0125, 32], [-456.46875, 32], [-485.81875, 32], [-464.89375, 29], [-511.54375, 32], [-507.68125, 31], [-539.25625, 32], [-479.9, 32], [-495.43125, 32], [-482.8375, 32], [-482.2375, 32], [-486.86875, 32], [-511.125, 32], [-489.5, 32]]}