{"episode_n": 100, "trajectory_len": 200, "trajectory_n": 320, "q_param": 0.9, "lamd": 0.9, "episode_data": [[-778.703125, 30], [-672.7875, 32], [-558.734375, 31], [-440.75625, 32], [-363.340625, 32], [-375.775, 31], [-367.28125, 32], [-377.596875, 31], [-340.95, 31], [-403.634375, 30], [-395.115625, 25], [-426.234375, 31], [-445.196875, 26], [-480.56875, 29], [-516.29375, 23], [-510.890625, 31], [-510.93125, 31], [-543.9, 32], [-531.0875, 26], [-521.40625, 32], [-524.784375, 30], [-505.54375, 31], [-509.809375, 31], [-518.6125, 30], [-471.215625, 28], [-497.721875, 17], [-548.340625, 32], [-488.265625, 28], [-520.725, 31], [-532.7, 32], [-577.603125, 31], [-536.63125, 32], [-552.9375, 30], [-531.409375, 30], [-527.43125, 30], [-564.84375, 32], [-527.946875, 31], [-568.478125, 32], [-562.66875, 30], [-535.378125, 31], [-519.91875, 29], [-548.790625, 32], [-531.3125, 31], [-515.56875, 29], [-546.425, 31], [-544.828125, 31], [-552.271875, 32], [-487.153125, 32], [-548.521875, 32], [-555.36875, 32], [-532.10625, 29], [-550.23125, 32], [-532.371875, 32], [-597.725, 32], [-558.54375, 26], [-524.759375, 31], [-574.821875, 30], [-535.128125, 32], [-537.321875, 26], [-532.165625, 27], [-571.93125, 32], [-576.93125, 30], [-556.128125, 30], [-498.96875, 27], [-563.09375, 32], [-559.315625, 32], [-562.30625, 31], [-556.709375, 28], [-574.434375, 32], [-588.378125, 32], [-540.0375, 32], [-553.125, 31], [-544.065625, 27], [-564.453125, 32], [-580.015625, 30], [-552.953125, 24], [-534.421875, 31], [-571.30625, 28], [-545.790625, 30], [-555.328125, 32], [-524.425, 32], [-548.31875, 28], [-553.78125, 22], [-519.115625, 32], [-534.1875, 32], [-512.74375, 31], [-521.7125, 31], [-566.3, 32], [-543.86875, 30], [-560.3375, 32], [-559.709375, 32], [-524.3, 29], [-552.13125, 24], [-544.959375, 32], [-554.05, 32], [-571.484375, 32], [-550.790625, 28], [-545.709375, 31], [-530.590625, 30], [-531.7, 31]]}