{"episode_n": 200, "trajectory_len": 200, "trajectory_n": 30, "q_param": 0.2, "lamd": 0.99, "episode_data": [[-765.5, 24], [-797.5, 24], [-710.5, 24], [-720.7333333333333, 23], [-651.2, 24], [-650.9, 24], [-676.3666666666667, 24], [-669.8666666666667, 24], [-663.6333333333333, 24], [-601.9, 24], [-541.1, 23], [-578.3333333333334, 23], [-552.5333333333333, 24], [-568.4333333333333, 24], [-555.8, 24], [-504.6333333333333, 22], [-468.2, 24], [-502.76666666666665, 23], [-613.2666666666667, 23], [-602.3333333333334, 24], [-533.6666666666666, 24], [-552.7666666666667, 24], [-459.8666666666667, 24], [-582.0333333333333, 24], [-505.93333333333334, 23], [-533.0333333333333, 24], [-441.93333333333334, 24], [-472.03333333333336, 22], [-569.1333333333333, 24], [-414.23333333333335, 24], [-478.4, 24], [-370.93333333333334, 24], [-489.56666666666666, 24], [-493.46666666666664, 24], [-538.0, 24], [-487.2, 24], [-504.96666666666664, 24], [-381.3, 24], [-520.9333333333333, 24], [-566.6, 24], [-501.2, 24], [-498.4, 24], [-579.7, 24], [-539.1, 23], [-499.6, 24], [-413.06666666666666, 24], [-458.1333333333333, 24], [-457.4, 24], [-465.6333333333333, 24], [-618.5, 23], [-553.8, 24], [-672.6333333333333, 24], [-589.9, 24], [-556.7666666666667, 24], [-611.6666666666666, 24], [-530.8666666666667, 24], [-633.4333333333333, 23], [-521.4, 23], [-541.2, 24], [-592.2333333333333, 24], [-621.1, 24], [-564.1333333333333, 24], [-565.2666666666667, 24], [-576.9, 23], [-548.7666666666667, 24], [-522.3, 24], [-636.8, 24], [-648.8, 23], [-560.2333333333333, 23], [-608.0, 23], [-555.2, 24], [-571.1, 24], [-666.8, 24], [-618.2, 23], [-631.1, 24], [-585.5, 24], [-587.3, 24], [-661.1, 22], [-659.3, 24], [-545.3, 23], [-542.7, 24], [-466.7, 24], [-528.0333333333333, 24], [-562.8666666666667, 22], [-522.7666666666667, 24], [-499.3, 24], [-497.2, 24], [-537.8333333333334, 24], [-539.8333333333334, 24], [-554.0, 23], [-640.2666666666667, 24], [-643.0333333333333, 23], [-567.7666666666667, 24], [-613.8, 23], [-579.6333333333333, 24], [-577.6666666666666, 24], [-656.1, 22], [-572.9333333333333, 24], [-574.1, 24], [-542.7666666666667, 24], [-551.4666666666667, 24], [-618.8333333333334, 24], [-635.5, 24], [-628.7, 23], [-626.6, 24], [-629.3, 24], [-576.5, 24], [-602.0, 23], [-630.1333333333333, 24], [-600.5, 24], [-614.1, 24], [-595.0, 24], [-548.8, 24], [-541.8, 24], [-550.2333333333333, 24], [-622.3333333333334, 24], [-563.5333333333333, 24], [-600.7, 24], [-522.8, 24], [-594.4666666666667, 24], [-587.8666666666667, 24], [-542.1333333333333, 22], [-572.9, 23], [-574.1, 24], [-622.7, 24], [-594.5, 24], [-608.0, 24], [-584.2, 22], [-563.8, 24], [-569.0333333333333, 24], [-487.76666666666665, 24], [-601.7666666666667, 22], [-587.8, 23], [-621.4, 24], [-595.7333333333333, 24], [-566.3666666666667, 24], [-589.6, 23], [-623.5666666666667, 22], [-568.6, 24], [-483.56666666666666, 23], [-536.2333333333333, 23], [-587.9666666666667, 24], [-521.0, 24], [-587.8333333333334, 24], [-528.0666666666667, 24], [-600.9666666666667, 24], [-515.8, 24], [-611.6333333333333, 23], [-608.4666666666667, 24], [-644.7666666666667, 24], [-544.5, 22], [-585.0666666666667, 24], [-565.2, 24], [-543.5333333333333, 24], [-502.6333333333333, 23], [-555.6333333333333, 20], [-459.6333333333333, 24], [-482.03333333333336, 24], [-558.6, 24], [-689.0, 24], [-625.1, 24], [-585.5666666666667, 24], [-581.8666666666667, 24], [-606.7333333333333, 24], [-586.7, 22], [-586.6333333333333, 24], [-579.4, 24], [-612.0, 24], [-569.5333333333333, 24], [-594.7333333333333, 24], [-614.9, 24], [-600.2, 23], [-611.4333333333333, 24], [-581.9333333333333, 24], [-620.5, 24], [-624.6, 24], [-564.9666666666667, 23], [-547.4, 23], [-556.3, 24], [-534.7666666666667, 23], [-560.8666666666667, 24], [-583.0666666666667, 24], [-579.7, 23], [-545.9, 24], [-518.0333333333333, 24], [-534.6666666666666, 24], [-582.3333333333334, 24], [-561.1, 24], [-489.7, 23], [-490.06666666666666, 24], [-540.5333333333333, 24], [-508.6666666666667, 24], [-592.2333333333333, 23], [-556.8, 24], [-589.3666666666667, 24], [-640.5666666666667, 24], [-559.4, 24], [-556.1, 23], [-492.2, 24], [-565.5333333333333, 24]]}