{"episode_n": 100, "trajectory_len": 200, "trajectory_n": 640, "q_param": 0.95, "lamd": 0.1, "episode_data": [[-767.2265625, 32], [-753.3234375, 32], [-732.1046875, 32], [-690.7, 32], [-658.09375, 32], [-586.9984375, 32], [-557.4359375, 32], [-499.8328125, 32], [-464.60625, 32], [-402.828125, 32], [-393.1140625, 32], [-357.5625, 32], [-340.28125, 32], [-323.371875, 31], [-305.4203125, 31], [-298.3875, 31], [-279.9421875, 32], [-290.553125, 31], [-273.3265625, 30], [-281.8125, 32], [-261.8078125, 31], [-311.103125, 32], [-296.0546875, 32], [-303.6578125, 31], [-292.75, 32], [-315.153125, 30], [-291.25, 31], [-311.790625, 31], [-280.8546875, 29], [-290.2625, 31], [-314.134375, 32], [-304.3375, 31], [-311.6265625, 29], [-323.9921875, 31], [-321.7546875, 30], [-343.8734375, 29], [-340.2703125, 27], [-347.309375, 29], [-341.7765625, 19], [-346.7375, 28], [-389.7234375, 28], [-371.071875, 29], [-401.41875, 32], [-397.4078125, 31], [-409.4296875, 26], [-427.09375, 30], [-448.478125, 26], [-460.4609375, 31], [-476.109375, 31], [-470.5640625, 26], [-481.6359375, 32], [-482.790625, 27], [-507.525, 28], [-504.8484375, 32], [-527.115625, 31], [-497.36875, 26], [-494.9171875, 15], [-506.63125, 24], [-530.9609375, 32], [-543.7296875, 29], [-523.4453125, 26], [-568.09375, 32], [-546.1859375, 31], [-577.675, 20], [-541.1765625, 19], [-557.1109375, 28], [-564.1375, 30], [-584.2359375, 32], [-576.2125, 31], [-554.146875, 25], [-581.3796875, 27], [-566.1453125, 28], [-576.21875, 31], [-560.2484375, 32], [-575.3796875, 27], [-570.315625, 29], [-583.940625, 31], [-556.7453125, 29], [-586.715625, 29], [-580.4046875, 30], [-595.6390625, 32], [-594.334375, 27], [-589.515625, 26], [-573.9546875, 21], [-589.3265625, 30], [-578.0375, 29], [-578.0859375, 21], [-557.93125, 24], [-606.709375, 32], [-589.9296875, 32], [-591.084375, 24], [-583.61875, 29], [-606.459375, 32], [-589.1859375, 32], [-619.2671875, 30], [-567.8421875, 27], [-568.6515625, 27], [-586.015625, 30], [-595.0296875, 31], [-576.1703125, 32]]}