{"episode_n": 100, "trajectory_len": 200, "trajectory_n": 160, "q_param": 0.5, "lamd": 0.5, "episode_data": [[-762.5125, 80], [-731.28125, 78], [-698.8625, 73], [-670.04375, 76], [-606.13125, 78], [-535.3, 75], [-474.26875, 77], [-373.53125, 80], [-298.8625, 80], [-209.075, 79], [-150.59375, 80], [-119.5875, 79], [-85.225, 78], [-61.93125, 79], [-49.26875, 79], [-49.01875, 80], [-59.675, 79], [-41.8375, 77], [-44.15, 80], [-75.21875, 79], [-61.49375, 77], [-91.2, 79], [-88.575, 80], [-128.1, 80], [-74.28125, 75], [-115.0625, 78], [-112.5875, 80], [-119.6375, 80], [-165.5375, 80], [-89.83125, 80], [-114.39375, 79], [-145.31875, 80], [-109.84375, 79], [-132.575, 80], [-104.63125, 80], [-129.7, 80], [-94.4, 78], [-85.54375, 80], [-105.75625, 80], [-82.71875, 80], [-76.33125, 80], [-114.4375, 80], [-110.36875, 80], [-107.425, 80], [-78.825, 79], [-102.975, 79], [-118.0625, 80], [-108.18125, 80], [-132.425, 80], [-172.78125, 79], [-175.28125, 80], [-149.31875, 79], [-149.375, 80], [-129.65625, 80], [-146.66875, 79], [-146.34375, 79], [-153.3375, 78], [-154.1375, 79], [-124.8375, 80], [-120.04375, 80], [-105.74375, 79], [-130.5875, 80], [-121.25625, 77], [-118.5625, 77], [-127.66875, 79], [-131.55625, 77], [-91.93125, 80], [-142.36875, 80], [-97.0625, 76], [-132.26875, 78], [-187.4125, 80], [-123.59375, 78], [-142.36875, 80], [-149.7125, 78], [-206.34375, 79], [-203.55625, 80], [-150.51875, 80], [-157.56875, 80], [-226.575, 80], [-186.3125, 80], [-135.23125, 80], [-219.80625, 80], [-181.9875, 77], [-204.26875, 80], [-209.00625, 80], [-224.7, 80], [-213.93125, 80], [-200.0, 80], [-154.23125, 80], [-141.4125, 80], [-164.95, 79], [-154.05625, 80], [-209.125, 80], [-182.76875, 80], [-199.70625, 80], [-249.39375, 80], [-203.50625, 79], [-211.6, 80], [-208.85625, 80], [-159.56875, 80]]}