{"episode_n": 100, "trajectory_len": 200, "trajectory_n": 1280, "q_param": 0.2, "lamd": 0.1, "episode_data": [[-775.953125, 982], [-770.01171875, 1022], [-766.409375, 984], [-759.1578125, 1016], [-757.403125, 968], [-755.76640625, 1016], [-754.8984375, 991], [-752.078125, 1004], [-748.703125, 976], [-743.3140625, 985], [-742.49921875, 999], [-738.6265625, 975], [-742.72890625, 957], [-729.85546875, 1019], [-728.43125, 1016], [-727.5609375, 978], [-722.5015625, 1003], [-718.2203125, 1017], [-712.0359375, 1011], [-716.0109375, 987], [-714.21484375, 1018], [-706.7484375, 982], [-705.203125, 979], [-706.4171875, 984], [-695.6640625, 972], [-699.14140625, 980], [-692.57578125, 979], [-694.0078125, 1021], [-687.01796875, 1011], [-688.20390625, 974], [-682.6515625, 1021], [-681.49609375, 1015], [-681.79296875, 1024], [-668.3796875, 1012], [-672.73828125, 1008], [-667.27109375, 1021], [-667.43203125, 1002], [-660.96328125, 984], [-662.2984375, 995], [-657.559375, 1015], [-652.25, 1013], [-645.3890625, 1003], [-652.890625, 1011], [-638.86484375, 988], [-637.9375, 998], [-645.015625, 991], [-635.16015625, 1023], [-629.6046875, 987], [-624.5296875, 1018], [-624.83671875, 1015], [-623.5390625, 981], [-618.44453125, 966], [-623.89921875, 999], [-611.45625, 1018], [-598.7140625, 987], [-603.45234375, 981], [-600.21953125, 1012], [-596.33125, 1009], [-602.66640625, 998], [-596.7453125, 1005], [-590.26328125, 984], [-588.89765625, 1001], [-581.69453125, 1010], [-583.79453125, 999], [-579.32421875, 972], [-567.99375, 1000], [-566.89296875, 1012], [-558.30390625, 994], [-559.21015625, 999], [-559.221875, 1017], [-549.5734375, 999], [-552.5453125, 1009], [-546.78125, 1022], [-543.54453125, 1024], [-536.31328125, 1007], [-529.2578125, 1012], [-536.7453125, 1006], [-528.64375, 1003], [-526.9125, 999], [-523.9921875, 985], [-505.1359375, 1017], [-509.76953125, 999], [-514.80703125, 1018], [-508.64453125, 1014], [-502.49765625, 1009], [-501.99609375, 1005], [-500.740625, 974], [-491.34375, 987], [-487.6015625, 998], [-487.34296875, 986], [-479.05234375, 1001], [-477.0765625, 1011], [-467.37734375, 987], [-465.33515625, 994], [-463.1421875, 1015], [-453.509375, 979], [-454.31875, 994], [-450.28203125, 1020], [-452.26328125, 1024], [-448.74453125, 996]]}