{"episode_n": 100, "trajectory_len": 200, "trajectory_n": 160, "q_param": 0.4, "lamd": 0.99, "episode_data": [[-761.0875, 88], [-709.9125, 90], [-641.3125, 95], [-598.84375, 90], [-530.95625, 91], [-461.46875, 96], [-410.13125, 93], [-318.28125, 96], [-262.35, 96], [-191.275, 95], [-124.15, 96], [-84.2375, 96], [-60.6625, 96], [-41.9625, 96], [-43.71875, 95], [-47.475, 95], [-44.89375, 95], [-37.88125, 96], [-56.69375, 95], [-68.41875, 94], [-38.15, 95], [-44.28125, 96], [-79.78125, 96], [-40.40625, 96], [-42.20625, 96], [-53.75625, 94], [-62.3375, 96], [-63.94375, 96], [-43.79375, 96], [-65.81875, 96], [-59.9125, 96], [-51.3375, 95], [-55.46875, 96], [-133.9375, 95], [-70.84375, 95], [-89.2875, 96], [-77.15, 96], [-68.1375, 96], [-125.5, 96], [-61.96875, 94], [-70.9625, 95], [-78.4125, 95], [-115.79375, 96], [-125.6875, 96], [-102.4125, 95], [-80.54375, 95], [-109.9125, 96], [-143.4625, 96], [-128.5, 96], [-129.13125, 96], [-102.45625, 95], [-168.075, 96], [-85.6, 96], [-55.48125, 96], [-87.06875, 93], [-117.825, 96], [-131.78125, 96], [-192.1625, 96], [-99.325, 94], [-109.5625, 92], [-189.425, 96], [-183.64375, 96], [-226.4125, 96], [-181.675, 96], [-165.74375, 96], [-180.45625, 96], [-138.4125, 96], [-118.00625, 96], [-144.36875, 96], [-202.5625, 96], [-118.75625, 96], [-72.65, 95], [-74.6, 95], [-103.74375, 96], [-63.6625, 96], [-135.0, 96], [-139.575, 93], [-166.11875, 96], [-71.43125, 96], [-144.5, 96], [-124.525, 96], [-60.06875, 96], [-89.23125, 94], [-119.3875, 96], [-79.275, 96], [-110.36875, 96], [-108.85, 96], [-75.46875, 95], [-86.48125, 96], [-110.725, 94], [-85.3875, 96], [-94.1875, 95], [-94.7625, 96], [-59.53125, 92], [-96.18125, 94], [-100.61875, 92], [-91.45625, 95], [-97.31875, 96], [-74.8625, 95], [-99.025, 95]]}