{"episode_n": 100, "trajectory_len": 200, "trajectory_n": 5120, "q_param": 0.9, "lamd": 0.2, "episode_data": [[-770.42109375, 512], [-736.1271484375, 488], [-704.6826171875, 509], [-659.9044921875, 511], [-588.0197265625, 511], [-498.9212890625, 509], [-393.1630859375, 510], [-297.2458984375, 511], [-221.9859375, 503], [-166.6048828125, 512], [-128.7494140625, 500], [-99.563671875, 496], [-76.9029296875, 492], [-59.1984375, 486], [-47.164453125, 490], [-36.9759765625, 476], [-28.555078125, 489], [-21.2591796875, 507], [-16.4095703125, 412], [-14.60859375, 477], [-13.92109375, 472], [-17.6201171875, 427], [-21.8123046875, 348], [-28.7935546875, 456], [-39.7197265625, 508], [-52.8505859375, 361], [-67.5982421875, 393], [-84.9912109375, 460], [-107.355078125, 276], [-137.8890625, 284], [-170.2876953125, 506], [-191.4603515625, 319], [-222.334375, 317], [-241.5294921875, 349], [-276.6640625, 359], [-301.86484375, 364], [-330.315625, 507], [-315.73828125, 386], [-333.8455078125, 391], [-358.1759765625, 425], [-373.91796875, 414], [-391.4169921875, 392], [-406.8890625, 397], [-412.89765625, 414], [-438.9228515625, 418], [-439.1931640625, 511], [-415.134375, 434], [-422.5875, 458], [-432.954296875, 459], [-459.625390625, 483], [-423.598046875, 426], [-421.347265625, 465], [-424.9787109375, 475], [-442.758984375, 448], [-445.8232421875, 446], [-448.1783203125, 470], [-448.01015625, 441], [-464.7728515625, 512], [-430.9236328125, 469], [-444.8224609375, 449], [-444.076171875, 461], [-455.9783203125, 428], [-455.2609375, 474], [-465.9201171875, 439], [-453.5001953125, 445], [-468.049609375, 431], [-465.341015625, 454], [-462.3373046875, 451], [-465.4048828125, 448], [-468.4609375, 447], [-468.3515625, 462], [-475.826171875, 509], [-441.7046875, 489], [-446.61796875, 461], [-448.42421875, 462], [-457.3177734375, 494], [-439.9279296875, 441], [-437.04140625, 464], [-439.822265625, 451], [-449.0171875, 469], [-450.9345703125, 471], [-457.1162109375, 427], [-453.6892578125, 279], [-458.875, 493], [-447.273046875, 476], [-429.293359375, 408], [-438.1083984375, 386], [-449.8638671875, 410], [-446.683203125, 429], [-447.1935546875, 424], [-453.184375, 464], [-451.9603515625, 477], [-450.851171875, 474], [-455.4853515625, 441], [-459.354296875, 455], [-466.0626953125, 469], [-460.678125, 465], [-463.07109375, 431], [-475.0748046875, 493], [-444.697265625, 414]]}