{"episode_n": 100, "trajectory_len": 200, "trajectory_n": 640, "q_param": 0.9, "lamd": 0.5, "episode_data": [[-767.35, 61], [-678.18125, 64], [-509.1734375, 64], [-333.690625, 64], [-225.61875, 63], [-184.5875, 62], [-170.340625, 64], [-144.796875, 63], [-172.765625, 54], [-212.496875, 61], [-245.125, 50], [-288.6609375, 61], [-323.040625, 51], [-377.1734375, 50], [-405.75, 64], [-432.5234375, 63], [-442.60625, 54], [-447.2890625, 60], [-449.2421875, 36], [-456.6390625, 60], [-467.059375, 61], [-448.3359375, 52], [-471.3578125, 62], [-485.3109375, 59], [-470.8671875, 63], [-454.059375, 53], [-457.278125, 63], [-480.03125, 59], [-484.6, 60], [-475.8203125, 54], [-501.4875, 64], [-450.7484375, 50], [-469.4828125, 64], [-463.1671875, 54], [-473.3046875, 55], [-512.275, 62], [-520.9125, 64], [-516.184375, 64], [-535.309375, 61], [-523.2890625, 64], [-506.465625, 55], [-546.3453125, 61], [-548.9203125, 64], [-504.809375, 47], [-522.4515625, 60], [-534.0625, 61], [-528.5703125, 63], [-494.8328125, 52], [-513.56875, 61], [-513.728125, 51], [-516.2265625, 61], [-518.871875, 59], [-512.6140625, 55], [-524.89375, 64], [-523.4859375, 62], [-507.3453125, 54], [-519.728125, 64], [-502.55, 63], [-505.55, 49], [-547.3625, 62], [-548.7671875, 59], [-573.978125, 61], [-539.175, 56], [-532.9296875, 47], [-528.78125, 58], [-545.434375, 60], [-544.265625, 59], [-545.6984375, 63], [-536.4515625, 56], [-517.390625, 57], [-562.9984375, 64], [-548.9875, 61], [-530.296875, 52], [-571.8203125, 64], [-542.234375, 53], [-535.0421875, 64], [-544.271875, 64], [-563.6546875, 64], [-543.74375, 63], [-522.2859375, 60], [-548.4765625, 59], [-519.5515625, 53], [-560.0984375, 52], [-571.4109375, 64], [-522.4859375, 54], [-568.0078125, 63], [-539.796875, 59], [-527.9734375, 59], [-545.046875, 64], [-530.4421875, 52], [-560.703125, 62], [-526.4890625, 56], [-540.8234375, 64], [-512.66875, 59], [-532.990625, 64], [-561.6484375, 59], [-533.2859375, 45], [-549.8421875, 64], [-528.4203125, 45], [-536.6734375, 62]]}