{"episode_n": 100, "trajectory_len": 200, "trajectory_n": 160, "q_param": 0.2, "lamd": 0.1, "episode_data": [[-771.4125, 126], [-772.71875, 124], [-757.35, 128], [-767.35, 123], [-752.7875, 127], [-747.6125, 128], [-743.94375, 124], [-735.0875, 124], [-740.59375, 124], [-737.1, 128], [-730.4, 120], [-743.8, 128], [-701.35, 120], [-715.35625, 127], [-721.79375, 126], [-710.125, 120], [-707.18125, 123], [-694.78125, 126], [-709.6625, 119], [-692.46875, 117], [-663.95, 122], [-678.9, 124], [-663.0875, 128], [-670.74375, 122], [-669.975, 126], [-675.53125, 124], [-652.475, 128], [-647.50625, 125], [-636.375, 126], [-629.4375, 124], [-643.63125, 126], [-610.675, 122], [-642.29375, 120], [-635.74375, 124], [-612.5, 125], [-604.575, 122], [-622.975, 124], [-606.40625, 125], [-609.91875, 119], [-597.11875, 128], [-608.5875, 125], [-600.35625, 124], [-594.525, 121], [-575.35, 123], [-602.5, 128], [-570.96875, 128], [-575.6875, 124], [-586.4625, 128], [-569.5375, 121], [-558.91875, 122], [-560.225, 125], [-542.2875, 122], [-538.59375, 128], [-531.5375, 119], [-522.58125, 128], [-542.60625, 121], [-505.2875, 124], [-508.0125, 126], [-500.39375, 123], [-496.96875, 125], [-461.40625, 125], [-482.7625, 127], [-498.11875, 127], [-484.0875, 126], [-458.8375, 120], [-470.5125, 127], [-438.8875, 120], [-460.84375, 122], [-445.49375, 121], [-430.525, 127], [-431.66875, 120], [-442.625, 123], [-452.0625, 128], [-429.675, 124], [-417.48125, 127], [-414.025, 123], [-391.78125, 128], [-386.00625, 121], [-377.125, 125], [-395.11875, 126], [-378.01875, 127], [-388.51875, 126], [-340.95, 128], [-346.23125, 127], [-369.44375, 127], [-334.74375, 128], [-316.68125, 127], [-338.9125, 127], [-328.85, 128], [-349.775, 128], [-301.03125, 128], [-336.85625, 128], [-290.5875, 128], [-287.6875, 128], [-281.55, 128], [-292.025, 128], [-261.425, 127], [-263.5125, 126], [-257.1625, 128], [-258.74375, 127]]}