{"episode_n": 100, "trajectory_len": 200, "trajectory_n": 160, "q_param": 0.2, "lamd": 0.2, "episode_data": [[-784.4875, 128], [-764.34375, 127], [-752.79375, 123], [-761.24375, 123], [-748.7375, 127], [-739.04375, 128], [-739.0625, 127], [-725.2125, 127], [-712.2875, 122], [-703.76875, 126], [-680.08125, 128], [-693.43125, 120], [-676.675, 126], [-663.0, 125], [-673.28125, 127], [-632.2625, 124], [-644.05625, 125], [-635.21875, 121], [-628.89375, 125], [-613.21875, 124], [-637.8125, 125], [-601.56875, 128], [-588.475, 126], [-586.5375, 126], [-575.5, 120], [-555.38125, 122], [-553.78125, 126], [-522.69375, 125], [-538.425, 125], [-518.85, 125], [-507.86875, 126], [-492.8125, 128], [-470.475, 125], [-456.925, 127], [-420.34375, 125], [-436.55625, 127], [-416.2375, 128], [-405.375, 124], [-382.54375, 124], [-386.53125, 126], [-344.075, 125], [-342.76875, 126], [-338.54375, 125], [-324.2, 124], [-278.90625, 128], [-303.96875, 128], [-269.7375, 128], [-246.5625, 128], [-232.8625, 128], [-227.725, 128], [-205.86875, 128], [-187.19375, 128], [-181.8625, 128], [-162.35625, 128], [-155.26875, 128], [-150.24375, 128], [-133.44375, 128], [-120.70625, 127], [-120.8375, 127], [-102.5125, 128], [-99.75625, 128], [-94.9375, 127], [-87.7125, 128], [-89.64375, 128], [-77.65, 127], [-73.66875, 128], [-70.80625, 128], [-66.94375, 128], [-64.01875, 127], [-62.8625, 128], [-52.525, 128], [-47.1375, 127], [-44.9625, 128], [-43.65, 128], [-43.25625, 128], [-41.1625, 128], [-39.73125, 128], [-33.69375, 128], [-35.4375, 128], [-31.1375, 128], [-32.30625, 127], [-31.1125, 128], [-30.65625, 128], [-26.33125, 127], [-25.5375, 128], [-22.55, 127], [-20.475, 127], [-20.83125, 127], [-18.53125, 127], [-20.5125, 126], [-20.85625, 127], [-20.6375, 128], [-25.79375, 127], [-17.55625, 128], [-18.275, 126], [-17.2875, 128], [-15.7625, 127], [-17.2875, 128], [-17.06875, 125], [-18.05625, 125]]}