{"episode_n": 200, "trajectory_len": 200, "trajectory_n": 30, "q_param": 0.4, "lamd": 0.99, "episode_data": [[-786.8333333333334, 16], [-751.4, 18], [-718.2333333333333, 18], [-714.4333333333333, 17], [-622.8666666666667, 17], [-681.0333333333333, 18], [-578.6333333333333, 17], [-561.1666666666666, 18], [-593.9333333333333, 18], [-545.6333333333333, 18], [-446.46666666666664, 17], [-437.73333333333335, 18], [-487.3666666666667, 18], [-358.9, 18], [-513.8, 17], [-514.3666666666667, 17], [-562.5666666666667, 17], [-423.1666666666667, 18], [-376.53333333333336, 18], [-489.46666666666664, 18], [-494.1333333333333, 18], [-574.9666666666667, 18], [-537.2666666666667, 18], [-580.7, 18], [-500.8333333333333, 18], [-533.6666666666666, 17], [-491.6333333333333, 17], [-514.8333333333334, 18], [-554.6333333333333, 17], [-493.1, 18], [-425.6333333333333, 18], [-478.46666666666664, 18], [-505.9, 18], [-503.9, 18], [-445.1, 18], [-358.93333333333334, 18], [-385.5, 18], [-364.06666666666666, 18], [-517.4666666666667, 18], [-438.6666666666667, 18], [-458.26666666666665, 18], [-324.76666666666665, 18], [-373.6333333333333, 18], [-479.8, 18], [-406.03333333333336, 18], [-424.3333333333333, 18], [-462.9, 18], [-401.1333333333333, 17], [-479.6666666666667, 18], [-444.93333333333334, 18], [-411.8, 18], [-316.23333333333335, 18], [-273.3666666666667, 18], [-369.3, 18], [-475.56666666666666, 18], [-376.9, 18], [-390.73333333333335, 18], [-360.1333333333333, 18], [-322.3666666666667, 18], [-311.3666666666667, 18], [-537.0666666666667, 17], [-384.7, 18], [-359.1666666666667, 18], [-421.3666666666667, 18], [-327.6, 18], [-168.3, 18], [-345.56666666666666, 18], [-272.3333333333333, 18], [-535.8666666666667, 17], [-462.3333333333333, 17], [-410.3666666666667, 18], [-367.6, 18], [-372.0, 18], [-346.1, 18], [-345.8333333333333, 18], [-475.23333333333335, 18], [-424.3, 18], [-364.7, 18], [-406.7, 18], [-310.7, 18], [-277.1333333333333, 18], [-468.4, 18], [-397.26666666666665, 18], [-443.9, 18], [-365.3, 18], [-350.8333333333333, 18], [-288.9, 18], [-320.2, 18], [-358.23333333333335, 18], [-375.73333333333335, 18], [-363.06666666666666, 18], [-284.9, 18], [-485.26666666666665, 18], [-424.0, 18], [-267.6666666666667, 18], [-284.56666666666666, 18], [-328.53333333333336, 18], [-261.5, 18], [-301.6333333333333, 18], [-343.6, 18], [-313.8333333333333, 18], [-396.56666666666666, 18], [-355.26666666666665, 18], [-391.1666666666667, 18], [-342.9, 18], [-334.0, 18], [-326.76666666666665, 18], [-396.8, 18], [-337.03333333333336, 18], [-295.73333333333335, 18], [-254.63333333333333, 18], [-392.5, 18], [-376.93333333333334, 18], [-289.96666666666664, 18], [-233.73333333333332, 18], [-330.56666666666666, 18], [-200.13333333333333, 18], [-460.06666666666666, 17], [-292.23333333333335, 18], [-328.73333333333335, 18], [-309.8333333333333, 18], [-423.96666666666664, 18], [-368.3666666666667, 18], [-327.96666666666664, 18], [-364.96666666666664, 18], [-315.23333333333335, 18], [-321.06666666666666, 18], [-259.6, 18], [-522.3666666666667, 18], [-655.9666666666667, 18], [-646.5, 18], [-528.7, 16], [-532.0, 17], [-453.2, 17], [-586.7666666666667, 18], [-544.9333333333333, 18], [-479.3666666666667, 18], [-505.43333333333334, 18], [-451.0, 18], [-494.76666666666665, 18], [-416.73333333333335, 18], [-500.5, 18], [-413.26666666666665, 18], [-460.8666666666667, 18], [-446.23333333333335, 18], [-379.2, 18], [-401.46666666666664, 18], [-415.8, 18], [-430.1333333333333, 18], [-340.73333333333335, 18], [-303.56666666666666, 18], [-317.03333333333336, 18], [-423.2, 18], [-354.6666666666667, 18], [-448.73333333333335, 18], [-418.1333333333333, 18], [-450.8, 18], [-272.96666666666664, 18], [-417.46666666666664, 18], [-303.0, 18], [-335.4, 18], [-411.6, 18], [-299.23333333333335, 18], [-373.0, 18], [-373.03333333333336, 18], [-381.53333333333336, 18], [-313.6, 18], [-236.56666666666666, 18], [-436.06666666666666, 18], [-495.03333333333336, 17], [-508.3, 18], [-440.53333333333336, 18], [-560.0333333333333, 18], [-409.56666666666666, 18], [-488.96666666666664, 17], [-462.1, 18], [-588.0, 17], [-461.56666666666666, 18], [-374.43333333333334, 18], [-354.4, 18], [-336.9, 18], [-195.33333333333334, 18], [-336.9, 18], [-382.53333333333336, 18], [-353.6333333333333, 18], [-258.5, 18], [-344.53333333333336, 18], [-265.23333333333335, 18], [-417.46666666666664, 18], [-203.9, 18], [-143.43333333333334, 18], [-357.4, 18], [-277.96666666666664, 18], [-239.03333333333333, 18], [-494.3, 17], [-435.23333333333335, 18], [-440.1666666666667, 18], [-354.4, 18], [-307.1666666666667, 18], [-363.5, 18]]}