{"episode_n": 10, "trajectory_len": 200, "trajectory_n": 5120, "q_param": 0.9, "lamd": 0.5, "episode_data": [[-772.4953125, 500], [-690.3505859375, 512], [-547.8220703125, 508], [-314.5318359375, 512], [-164.5486328125, 499], [-89.021484375, 479], [-49.128515625, 487], [-24.9548828125, 470], [-14.09140625, 465], [-16.9728515625, 510]]}