{"episode_n": 100, "trajectory_len": 200, "trajectory_n": 640, "q_param": 0.99, "lamd": 0.1, "episode_data": [[-772.7125, 7], [-756.978125, 7], [-746.2671875, 7], [-728.7390625, 7], [-712.6375, 7], [-700.0328125, 7], [-687.7234375, 7], [-648.734375, 7], [-663.6296875, 7], [-646.6703125, 7], [-647.346875, 7], [-645.5921875, 7], [-637.6859375, 7], [-632.2609375, 7], [-633.28125, 6], [-631.76875, 6], [-616.8671875, 7], [-631.959375, 7], [-639.075, 7], [-618.896875, 7], [-634.265625, 7], [-624.278125, 6], [-627.165625, 7], [-635.0359375, 7], [-613.759375, 7], [-632.4953125, 6], [-636.715625, 7], [-619.7484375, 7], [-653.26875, 7], [-638.5953125, 7], [-624.13125, 7], [-621.2671875, 7], [-644.8125, 6], [-612.0828125, 7], [-642.0765625, 7], [-639.0640625, 6], [-620.728125, 7], [-652.2375, 6], [-653.19375, 7], [-632.2875, 7], [-642.0328125, 5], [-649.1953125, 4], [-657.7296875, 7], [-657.7796875, 7], [-660.634375, 7], [-676.553125, 6], [-660.471875, 7], [-685.0265625, 7], [-670.821875, 7], [-694.965625, 7], [-690.6375, 5], [-691.0828125, 5], [-670.515625, 5], [-698.609375, 7], [-693.1796875, 7], [-691.3, 7], [-691.478125, 7], [-694.796875, 6], [-704.0265625, 7], [-697.7234375, 7], [-710.91875, 7], [-708.7546875, 6], [-711.0265625, 7], [-704.0734375, 4], [-710.471875, 7], [-694.803125, 7], [-705.7015625, 7], [-713.8875, 7], [-724.2515625, 5], [-726.8765625, 7], [-727.2734375, 5], [-717.8609375, 7], [-708.5421875, 6], [-712.8625, 7], [-728.575, 7], [-736.4875, 7], [-728.81875, 7], [-722.3234375, 6], [-732.521875, 7], [-714.21875, 7], [-715.753125, 5], [-729.6734375, 7], [-716.934375, 7], [-718.6546875, 5], [-726.721875, 6], [-720.628125, 5], [-727.975, 7], [-720.396875, 7], [-719.1125, 7], [-725.1765625, 7], [-711.5671875, 5], [-714.403125, 7], [-737.9484375, 7], [-713.2171875, 6], [-715.7109375, 7], [-715.5890625, 6], [-720.6546875, 6], [-724.6125, 7], [-716.546875, 7], [-721.5265625, 5]]}