{"episode_n": 100, "trajectory_len": 200, "trajectory_n": 320, "q_param": 0.2, "lamd": 0.5, "episode_data": [[-770.45625, 239], [-743.971875, 247], [-733.465625, 251], [-726.85625, 251], [-703.08125, 254], [-697.915625, 256], [-669.31875, 253], [-649.23125, 256], [-630.128125, 256], [-599.965625, 248], [-578.83125, 254], [-570.959375, 251], [-527.58125, 255], [-519.6875, 255], [-502.496875, 255], [-476.31875, 250], [-458.353125, 255], [-408.540625, 250], [-400.415625, 256], [-373.159375, 251], [-339.978125, 253], [-328.478125, 250], [-300.134375, 256], [-280.7875, 253], [-253.240625, 250], [-245.840625, 254], [-220.55625, 255], [-194.3625, 256], [-169.525, 255], [-142.225, 256], [-124.1, 255], [-113.13125, 256], [-101.5625, 255], [-85.453125, 256], [-71.94375, 255], [-64.975, 254], [-57.76875, 253], [-47.7875, 253], [-40.671875, 256], [-34.18125, 256], [-30.475, 255], [-27.71875, 255], [-25.365625, 253], [-20.75, 253], [-18.65625, 256], [-14.16875, 254], [-12.890625, 256], [-8.078125, 252], [-8.259375, 250], [-7.446875, 254], [-11.071875, 256], [-8.109375, 252], [-4.05, 254], [-4.1375, 252], [-2.478125, 254], [-1.303125, 255], [-1.76875, 251], [-0.684375, 256], [-1.40625, 254], [-0.096875, 251], [1.184375, 241], [-2.265625, 254], [-0.096875, 253], [-0.134375, 251], [-0.08125, 251], [1.34375, 250], [1.540625, 251], [-0.0125, 256], [1.053125, 256], [0.78125, 250], [0.846875, 256], [2.409375, 246], [0.103125, 252], [0.471875, 254], [-0.465625, 256], [-1.96875, 253], [-0.609375, 250], [1.084375, 250], [0.771875, 256], [-1.18125, 254], [-1.109375, 256], [1.478125, 254], [-0.6125, 255], [1.746875, 251], [-2.575, 252], [2.034375, 253], [-0.75625, 255], [-3.184375, 256], [-2.928125, 254], [0.771875, 255], [2.3125, 252], [1.646875, 250], [1.628125, 252], [-0.128125, 251], [-0.15625, 255], [2.165625, 255], [-1.209375, 253], [1.321875, 246], [0.33125, 256], [1.009375, 249]]}