{"episode_n": 100, "trajectory_len": 200, "trajectory_n": 5120, "q_param": 0.9, "lamd": 0.1, "episode_data": [[-771.4998046875, 488], [-756.43203125, 499], [-742.1373046875, 507], [-725.23359375, 497], [-696.247265625, 512], [-677.478125, 512], [-652.459765625, 510], [-607.8630859375, 509], [-564.725, 512], [-516.8619140625, 512], [-466.396484375, 511], [-413.6205078125, 509], [-355.1056640625, 510], [-312.8978515625, 509], [-266.1783203125, 500], [-229.0236328125, 500], [-200.7099609375, 512], [-175.598828125, 511], [-153.2986328125, 501], [-134.1529296875, 492], [-119.2509765625, 496], [-103.672265625, 505], [-91.090625, 496], [-79.59921875, 494], [-70.901953125, 497], [-62.844921875, 492], [-54.805859375, 477], [-48.71875, 492], [-42.72421875, 490], [-36.8375, 510], [-32.7294921875, 465], [-28.401953125, 505], [-24.709375, 474], [-22.00546875, 483], [-19.520703125, 431], [-16.5734375, 503], [-15.473046875, 394], [-14.4720703125, 396], [-14.5123046875, 383], [-14.5603515625, 453], [-15.201953125, 364], [-17.081640625, 416], [-18.21796875, 463], [-19.8373046875, 508], [-23.493359375, 364], [-25.525, 404], [-30.5494140625, 460], [-35.8853515625, 464], [-40.4337890625, 322], [-46.5556640625, 331], [-55.247265625, 356], [-60.5419921875, 393], [-69.8255859375, 427], [-82.0779296875, 432], [-89.99609375, 410], [-94.2875, 266], [-111.748828125, 459], [-125.4857421875, 488], [-140.540625, 276], [-151.4865234375, 303], [-162.3923828125, 502], [-178.6388671875, 300], [-189.02265625, 500], [-197.66484375, 342], [-209.3171875, 352], [-228.79765625, 322], [-238.3802734375, 339], [-260.581640625, 337], [-259.996875, 326], [-284.8283203125, 359], [-292.1880859375, 384], [-303.2060546875, 370], [-318.1111328125, 509], [-320.133203125, 329], [-334.8771484375, 394], [-348.2275390625, 391], [-357.8833984375, 512], [-354.9607421875, 412], [-357.8326171875, 426], [-367.9337890625, 384], [-378.8685546875, 430], [-392.9015625, 402], [-394.1033203125, 382], [-395.59609375, 403], [-407.54296875, 418], [-413.457421875, 415], [-408.8208984375, 419], [-422.4578125, 430], [-429.344140625, 433], [-425.4625, 451], [-441.7283203125, 504], [-419.740234375, 453], [-424.740234375, 428], [-431.7447265625, 429], [-430.3916015625, 429], [-437.64140625, 449], [-440.384765625, 447], [-440.031640625, 443], [-441.244921875, 465], [-452.4783203125, 423]]}