{"episode_n": 100, "trajectory_len": 200, "trajectory_n": 640, "q_param": 0.9, "lamd": 0.99, "episode_data": [[-773.546875, 60], [-595.5765625, 63], [-385.4, 63], [-277.8265625, 62], [-281.9171875, 55], [-251.0046875, 59], [-338.5078125, 61], [-394.71875, 57], [-413.059375, 54], [-487.9703125, 37], [-601.871875, 64], [-473.253125, 63], [-474.2953125, 53], [-564.6859375, 62], [-565.778125, 63], [-558.9734375, 61], [-561.5875, 64], [-531.503125, 55], [-559.14375, 58], [-551.009375, 43], [-599.78125, 64], [-513.684375, 63], [-507.0, 58], [-552.753125, 64], [-503.4734375, 63], [-535.19375, 57], [-491.5609375, 44], [-553.6640625, 63], [-466.1765625, 50], [-553.96875, 64], [-523.7375, 59], [-527.5828125, 49], [-553.9859375, 64], [-526.953125, 52], [-551.8328125, 61], [-550.146875, 43], [-584.54375, 63], [-518.2703125, 55], [-551.659375, 48], [-592.24375, 64], [-457.6703125, 60], [-526.575, 64], [-451.6828125, 49], [-554.121875, 63], [-479.190625, 62], [-540.7984375, 64], [-528.878125, 49], [-546.5984375, 61], [-509.3703125, 60], [-571.2296875, 64], [-508.7453125, 62], [-525.50625, 62], [-516.0734375, 53], [-550.484375, 64], [-484.9734375, 52], [-533.503125, 48], [-576.9015625, 64], [-498.4265625, 58], [-531.471875, 58], [-539.678125, 64], [-544.4859375, 46], [-552.946875, 45], [-603.3890625, 64], [-550.06875, 63], [-521.2234375, 50], [-592.075, 64], [-551.2015625, 61], [-576.153125, 62], [-578.4203125, 63], [-586.95625, 64], [-545.9375, 40], [-593.2515625, 64], [-599.6953125, 59], [-559.2203125, 58], [-582.5640625, 58], [-555.528125, 64], [-507.928125, 48], [-588.4765625, 64], [-570.3359375, 64], [-547.8203125, 60], [-558.8671875, 64], [-586.8359375, 64], [-576.7328125, 52], [-596.9296875, 64], [-563.153125, 64], [-560.0, 44], [-613.215625, 64], [-555.3359375, 62], [-516.90625, 46], [-593.5921875, 64], [-527.9046875, 43], [-617.1, 64], [-516.384375, 64], [-491.1171875, 59], [-548.4234375, 60], [-545.21875, 42], [-595.6265625, 63], [-525.1578125, 60], [-560.56875, 60], [-588.6890625, 62]]}