{"episode_n": 100, "trajectory_len": 200, "trajectory_n": 2560, "q_param": 0.9, "lamd": 0.9, "episode_data": [[-771.8828125, 256], [-624.8796875, 253], [-320.23515625, 255], [-119.551953125, 246], [-59.649609375, 228], [-30.580078125, 246], [-92.937890625, 176], [-260.145703125, 169], [-441.1796875, 218], [-440.43046875, 207], [-473.37421875, 256], [-443.5359375, 192], [-450.62734375, 239], [-474.79453125, 236], [-472.378125, 256], [-385.876171875, 236], [-440.62578125, 225], [-467.350390625, 234], [-474.983203125, 230], [-466.181640625, 225], [-483.5015625, 225], [-471.836328125, 244], [-479.70625, 254], [-422.33046875, 241], [-455.825390625, 253], [-417.631640625, 218], [-454.490625, 235], [-482.925390625, 237], [-477.17265625, 254], [-420.512109375, 222], [-452.471875, 242], [-473.0, 252], [-410.39921875, 249], [-457.46953125, 245], [-479.363671875, 236], [-488.56171875, 223], [-468.36484375, 238], [-471.859375, 246], [-477.5640625, 254], [-410.58125, 248], [-451.55859375, 247], [-469.03046875, 251], [-437.859375, 233], [-464.78515625, 224], [-474.938671875, 143], [-589.494921875, 255], [-315.8015625, 255], [-335.529296875, 212], [-480.66875, 252], [-487.8875, 187], [-523.567578125, 245], [-496.15390625, 206], [-538.091796875, 253], [-441.69765625, 203], [-507.494140625, 255], [-515.005078125, 192], [-536.825390625, 245], [-503.375, 190], [-535.68828125, 248], [-476.021875, 203], [-533.4203125, 249], [-480.648046875, 233], [-524.337109375, 243], [-479.173046875, 210], [-527.38671875, 251], [-479.552734375, 195], [-512.98359375, 230], [-541.673828125, 247], [-499.36171875, 184], [-531.12890625, 249], [-501.62578125, 191], [-532.053515625, 218], [-541.10703125, 255], [-495.548046875, 204], [-526.814453125, 223], [-536.903125, 245], [-495.45234375, 198], [-533.998828125, 256], [-444.815234375, 214], [-508.346484375, 252], [-489.950390625, 209], [-535.06171875, 248], [-479.9765625, 196], [-521.959765625, 252], [-486.219921875, 199], [-519.683203125, 256], [-471.244921875, 190], [-523.494921875, 253], [-468.196875, 217], [-502.755859375, 253], [-500.100390625, 201], [-518.266015625, 251], [-491.026171875, 193], [-524.269921875, 252], [-500.261328125, 217], [-514.57578125, 255], [-500.189453125, 208], [-547.265625, 256], [-480.21171875, 200], [-520.8921875, 255]]}