{"episode_n": 100, "trajectory_len": 200, "trajectory_n": 5120, "q_param": 0.9, "lamd": 0.9, "episode_data": [[-769.5337890625, 464], [-596.7388671875, 511], [-257.2166015625, 503], [-90.203515625, 501], [-30.3740234375, 509], [-10.4271484375, 407], [-113.460546875, 439], [-272.3041015625, 322], [-433.546875, 474], [-409.4646484375, 421], [-459.6814453125, 411], [-477.45390625, 434], [-476.2609375, 464], [-477.6373046875, 464], [-469.696484375, 469], [-475.5279296875, 476], [-484.2248046875, 448], [-471.68203125, 468], [-469.8220703125, 479], [-473.0130859375, 464], [-471.529296875, 478], [-467.5271484375, 461], [-482.360546875, 449], [-468.9802734375, 472], [-471.0666015625, 471], [-477.5041015625, 454], [-482.0111328125, 451], [-477.9009765625, 499], [-412.510546875, 460], [-451.73515625, 473], [-475.6330078125, 465], [-476.226953125, 488], [-475.4021484375, 440], [-476.4486328125, 458], [-481.07265625, 471], [-475.96171875, 457], [-481.9662109375, 464], [-473.2703125, 508], [-400.5580078125, 487], [-460.100390625, 456], [-461.616015625, 488], [-476.7755859375, 477], [-477.0638671875, 501], [-401.2193359375, 485], [-450.169140625, 459], [-470.5845703125, 473], [-479.20625, 458], [-476.8548828125, 454], [-473.615234375, 494], [-473.6072265625, 463], [-475.5099609375, 444], [-478.7939453125, 506], [-412.5833984375, 455], [-451.404296875, 466], [-473.7712890625, 462], [-475.2455078125, 461], [-477.81953125, 458], [-472.24609375, 470], [-477.3548828125, 446], [-471.6388671875, 493], [-474.40859375, 442], [-477.055859375, 463], [-481.515625, 504], [-405.1220703125, 443], [-448.2119140625, 492], [-464.5884765625, 456], [-478.618359375, 465], [-483.626953125, 512], [-408.903515625, 471], [-453.4650390625, 483], [-472.4134765625, 502], [-475.3857421875, 488], [-401.0076171875, 468], [-461.910546875, 453], [-472.3794921875, 477], [-470.475390625, 505], [-471.4970703125, 457], [-478.6498046875, 510], [-389.910546875, 474], [-446.243359375, 480], [-474.7759765625, 460], [-468.5919921875, 503], [-478.24609375, 472], [-468.65859375, 457], [-474.185546875, 490], [-461.8359375, 483], [-476.5630859375, 480], [-477.20234375, 496], [-386.0216796875, 457], [-452.471875, 443], [-474.8404296875, 504], [-413.8876953125, 454], [-454.7072265625, 478], [-466.3267578125, 496], [-477.9552734375, 456], [-480.30859375, 478], [-477.8572265625, 459], [-466.63359375, 502], [-476.980078125, 443], [-476.9400390625, 481]]}