{"episode_n": 100, "trajectory_len": 200, "trajectory_n": 160, "q_param": 0.95, "lamd": 0.99, "episode_data": [[-767.925, 7], [-653.5625, 8], [-629.375, 8], [-639.33125, 8], [-629.5, 8], [-619.91875, 7], [-666.975, 8], [-658.625, 8], [-693.8875, 7], [-692.1875, 8], [-677.98125, 8], [-682.8625, 7], [-639.7625, 8], [-685.55625, 8], [-631.625, 7], [-640.7125, 7], [-705.81875, 8], [-721.0625, 8], [-692.95, 8], [-730.36875, 8], [-749.41875, 8], [-632.71875, 8], [-647.725, 8], [-720.825, 8], [-673.76875, 8], [-648.14375, 8], [-582.71875, 7], [-682.65, 7], [-706.3625, 8], [-657.10625, 8], [-713.1375, 6], [-707.01875, 8], [-722.21875, 8], [-694.8625, 8], [-706.8, 8], [-707.21875, 8], [-706.06875, 8], [-691.5375, 8], [-703.34375, 8], [-653.99375, 7], [-707.69375, 8], [-731.825, 8], [-678.2125, 8], [-702.40625, 8], [-693.86875, 8], [-704.69375, 8], [-705.1875, 8], [-707.11875, 8], [-693.3, 7], [-723.825, 8], [-641.86875, 8], [-656.49375, 8], [-674.0875, 6], [-673.49375, 8], [-669.6125, 7], [-722.10625, 8], [-699.675, 8], [-649.3375, 8], [-650.6375, 8], [-670.23125, 8], [-671.41875, 4], [-678.25625, 7], [-705.38125, 8], [-641.19375, 4], [-678.6375, 8], [-647.1875, 8], [-684.06875, 8], [-649.1375, 8], [-659.54375, 6], [-661.26875, 8], [-671.26875, 8], [-652.1, 8], [-640.21875, 8], [-690.3375, 8], [-682.95, 8], [-662.1, 7], [-691.65625, 8], [-689.15625, 8], [-666.625, 8], [-611.9, 5], [-717.8875, 8], [-649.7375, 8], [-708.90625, 8], [-699.9625, 8], [-732.56875, 8], [-705.225, 8], [-709.3125, 8], [-697.3875, 7], [-706.625, 8], [-730.69375, 8], [-710.4125, 8], [-705.8, 8], [-708.575, 8], [-715.1, 8], [-604.8125, 8], [-682.775, 8], [-647.2, 7], [-667.96875, 8], [-649.44375, 2], [-729.04375, 8]]}