{"episode_n": 100, "trajectory_len": 200, "trajectory_n": 320, "q_param": 0.9, "lamd": 0.8, "episode_data": [[-771.63125, 28], [-675.4875, 32], [-521.2125, 32], [-373.775, 32], [-290.53125, 32], [-276.346875, 32], [-301.234375, 30], [-367.265625, 31], [-373.071875, 30], [-394.66875, 32], [-387.28125, 30], [-391.496875, 27], [-428.19375, 31], [-496.303125, 31], [-438.35625, 30], [-517.803125, 31], [-452.75, 32], [-475.671875, 32], [-500.41875, 27], [-469.40625, 29], [-495.79375, 31], [-500.78125, 29], [-520.546875, 32], [-487.5125, 30], [-498.09375, 31], [-540.11875, 26], [-512.8625, 31], [-553.628125, 32], [-540.5125, 29], [-537.990625, 32], [-549.31875, 31], [-504.63125, 23], [-559.909375, 32], [-559.925, 29], [-551.790625, 31], [-562.421875, 29], [-558.9, 30], [-576.028125, 31], [-502.440625, 31], [-543.225, 32], [-552.35625, 32], [-573.171875, 31], [-518.153125, 27], [-503.909375, 28], [-565.525, 30], [-582.415625, 32], [-519.175, 31], [-511.709375, 26], [-559.7875, 32], [-547.05, 23], [-528.359375, 32], [-492.33125, 22], [-560.371875, 31], [-562.275, 30], [-581.684375, 32], [-578.71875, 28], [-608.55625, 32], [-584.421875, 28], [-605.759375, 31], [-551.7875, 30], [-587.721875, 31], [-556.521875, 22], [-604.0625, 32], [-601.453125, 32], [-578.609375, 28], [-594.671875, 32], [-577.971875, 25], [-592.6625, 31], [-559.375, 31], [-615.6625, 32], [-580.996875, 31], [-591.025, 32], [-551.66875, 25], [-625.31875, 30], [-561.39375, 25], [-577.5375, 32], [-583.640625, 31], [-609.21875, 31], [-574.596875, 27], [-579.946875, 31], [-558.65, 31], [-557.1375, 28], [-579.978125, 28], [-586.29375, 27], [-599.671875, 32], [-581.684375, 32], [-589.76875, 32], [-609.103125, 31], [-584.734375, 30], [-606.21875, 31], [-591.51875, 31], [-592.946875, 32], [-602.315625, 32], [-612.390625, 32], [-583.565625, 28], [-596.140625, 32], [-603.590625, 31], [-572.575, 32], [-572.934375, 30], [-610.775, 32]]}