{"episode_n": 100, "trajectory_len": 200, "trajectory_n": 640, "q_param": 0.5, "lamd": 0.3, "episode_data": [[-765.428125, 313], [-756.9015625, 303], [-731.340625, 320], [-715.865625, 299], [-682.321875, 316], [-664.2171875, 307], [-635.959375, 306], [-612.6625, 316], [-579.6671875, 307], [-551.675, 312], [-509.9640625, 320], [-479.225, 320], [-447.8265625, 320], [-388.2484375, 318], [-331.81875, 320], [-293.36875, 317], [-258.80625, 319], [-215.571875, 319], [-169.440625, 317], [-144.453125, 317], [-126.9640625, 318], [-103.0546875, 313], [-86.628125, 312], [-71.3140625, 320], [-62.31875, 311], [-50.4953125, 315], [-43.2515625, 316], [-35.7921875, 316], [-29.6421875, 314], [-24.9296875, 306], [-19.953125, 318], [-15.70625, 301], [-13.640625, 303], [-9.80625, 320], [-6.48125, 318], [-4.43125, 318], [-3.2578125, 292], [-0.7390625, 295], [-1.0078125, 286], [-0.9734375, 307], [-1.8171875, 298], [-1.6921875, 319], [-2.7640625, 293], [-4.5421875, 290], [-7.578125, 266], [-7.94375, 262], [-12.9234375, 265], [-19.1265625, 305], [-23.478125, 290], [-31.528125, 285], [-36.43125, 301], [-38.9390625, 318], [-34.496875, 254], [-41.1296875, 318], [-50.396875, 320], [-44.428125, 290], [-45.4328125, 288], [-50.6359375, 292], [-60.090625, 286], [-68.8328125, 304], [-71.8078125, 285], [-85.0421875, 303], [-91.3890625, 297], [-77.8578125, 317], [-58.5625, 315], [-69.184375, 235], [-79.665625, 318], [-79.4890625, 311], [-68.303125, 307], [-79.5375, 301], [-74.6984375, 318], [-85.8328125, 317], [-79.5625, 308], [-81.0609375, 312], [-84.9046875, 309], [-96.9125, 304], [-79.225, 252], [-90.053125, 319], [-83.1265625, 319], [-75.4328125, 309], [-82.740625, 295], [-88.3484375, 238], [-87.421875, 304], [-84.909375, 304], [-83.90625, 299], [-72.54375, 318], [-82.3453125, 311], [-96.3703125, 313], [-93.13125, 242], [-85.6734375, 315], [-72.784375, 299], [-83.7, 309], [-82.234375, 309], [-98.984375, 309], [-89.665625, 301], [-94.3125, 248], [-86.6265625, 304], [-95.434375, 319], [-77.209375, 259], [-92.1171875, 317]]}