{"episode_n": 100, "trajectory_len": 200, "trajectory_n": 320, "q_param": 0.9, "lamd": 0.2, "episode_data": [[-776.525, 30], [-658.85, 31], [-504.7125, 32], [-412.596875, 32], [-356.00625, 31], [-338.328125, 31], [-353.3875, 32], [-403.85625, 32], [-354.125, 32], [-409.090625, 31], [-427.271875, 31], [-443.059375, 30], [-477.2125, 26], [-480.359375, 29], [-501.225, 31], [-556.646875, 32], [-441.371875, 31], [-500.80625, 29], [-564.878125, 32], [-511.734375, 31], [-527.171875, 32], [-578.05, 32], [-476.553125, 22], [-587.590625, 32], [-549.009375, 32], [-511.61875, 31], [-556.65625, 32], [-538.74375, 32], [-481.778125, 30], [-527.659375, 26], [-567.140625, 32], [-547.703125, 32], [-522.76875, 30], [-512.740625, 28], [-549.021875, 32], [-528.053125, 32], [-529.703125, 31], [-557.9625, 31], [-498.834375, 32], [-537.075, 26], [-540.30625, 31], [-559.9125, 32], [-556.884375, 31], [-536.86875, 25], [-541.91875, 32], [-578.034375, 31], [-555.54375, 32], [-554.80625, 32], [-550.265625, 32], [-527.934375, 22], [-540.409375, 31], [-581.23125, 32], [-545.79375, 32], [-489.796875, 27], [-516.278125, 29], [-552.790625, 32], [-537.8875, 32], [-550.65625, 30], [-537.328125, 18], [-525.15, 30], [-564.728125, 28], [-558.478125, 32], [-531.565625, 30], [-552.971875, 29], [-552.2375, 23], [-557.503125, 32], [-626.909375, 31], [-545.834375, 23], [-578.2375, 32], [-603.0, 32], [-565.5875, 31], [-549.734375, 30], [-573.628125, 32], [-563.0875, 31], [-589.7125, 32], [-566.25, 31], [-589.059375, 32], [-547.0125, 23], [-567.734375, 30], [-597.184375, 32], [-620.034375, 32], [-617.878125, 32], [-581.49375, 31], [-601.18125, 32], [-540.79375, 29], [-573.54375, 21], [-605.63125, 31], [-577.80625, 30], [-596.709375, 32], [-584.09375, 30], [-591.0625, 32], [-556.64375, 32], [-604.103125, 31], [-611.34375, 31], [-611.303125, 32], [-600.425, 32], [-575.859375, 29], [-586.91875, 32], [-598.240625, 32], [-562.5375, 27]]}