{"episode_n": 100, "trajectory_len": 200, "trajectory_n": 2560, "q_param": 0.9, "lamd": 0.8, "episode_data": [[-771.26171875, 228], [-625.94296875, 256], [-323.16015625, 256], [-127.7921875, 247], [-62.35234375, 243], [-43.902734375, 246], [-84.94375, 241], [-187.130078125, 228], [-275.736328125, 172], [-376.827734375, 215], [-453.7265625, 243], [-465.36171875, 222], [-478.259375, 251], [-415.97421875, 210], [-451.34140625, 234], [-470.13046875, 240], [-477.716796875, 247], [-470.05859375, 136], [-547.707421875, 256], [-481.340234375, 246], [-492.959765625, 252], [-499.96015625, 229], [-535.378515625, 230], [-571.6734375, 250], [-516.05234375, 217], [-553.43125, 251], [-536.01640625, 200], [-551.07265625, 212], [-570.415234375, 256], [-520.01875, 182], [-545.9890625, 247], [-523.975390625, 178], [-549.805078125, 237], [-535.216796875, 194], [-558.3625, 253], [-524.13359375, 208], [-549.290625, 255], [-515.941796875, 217], [-548.198046875, 249], [-520.06171875, 197], [-542.92421875, 221], [-567.395703125, 254], [-525.403515625, 191], [-559.023828125, 252], [-522.75, 195], [-554.550390625, 256], [-508.364453125, 196], [-545.601171875, 255], [-524.275390625, 193], [-554.28828125, 255], [-511.99609375, 215], [-541.46015625, 253], [-503.185546875, 202], [-534.6515625, 256], [-517.097265625, 202], [-554.887890625, 255], [-521.054296875, 179], [-550.323046875, 255], [-526.696875, 208], [-562.6203125, 256], [-505.3546875, 190], [-532.437109375, 251], [-518.423046875, 197], [-536.080078125, 253], [-523.7140625, 173], [-545.83984375, 255], [-512.359765625, 204], [-536.5234375, 253], [-509.91328125, 255], [-512.669140625, 196], [-556.9125, 252], [-530.525, 204], [-546.199609375, 252], [-513.19765625, 217], [-539.907421875, 248], [-534.42578125, 185], [-560.7828125, 250], [-514.71484375, 203], [-549.4171875, 251], [-527.509765625, 200], [-541.21015625, 256], [-513.83984375, 192], [-542.340625, 247], [-518.624609375, 192], [-541.327734375, 243], [-539.294140625, 194], [-555.83515625, 256], [-512.920703125, 204], [-529.7265625, 215], [-559.634765625, 256], [-522.376171875, 190], [-540.35078125, 223], [-562.990625, 254], [-495.51640625, 224], [-537.90859375, 251], [-549.767578125, 255], [-545.0359375, 178], [-556.667578125, 246], [-550.00234375, 168], [-567.976171875, 251]]}