{"episode_n": 100, "trajectory_len": 200, "trajectory_n": 160, "q_param": 0.2, "lamd": 0.3, "episode_data": [[-771.86875, 125], [-763.2375, 125], [-746.3375, 121], [-734.3, 127], [-727.3875, 124], [-696.65625, 122], [-700.1625, 126], [-678.5625, 126], [-688.45625, 124], [-647.9875, 125], [-646.60625, 122], [-629.33125, 124], [-584.23125, 125], [-590.61875, 127], [-576.98125, 124], [-583.00625, 123], [-580.0, 128], [-541.5875, 120], [-530.81875, 124], [-517.04375, 123], [-499.14375, 126], [-481.81875, 123], [-495.6125, 128], [-458.26875, 121], [-450.6875, 125], [-448.5875, 127], [-419.54375, 123], [-384.98125, 128], [-404.5875, 126], [-362.69375, 126], [-361.1625, 127], [-328.9, 126], [-334.58125, 128], [-292.95, 125], [-277.3, 125], [-276.1625, 122], [-240.3, 128], [-225.96875, 128], [-226.4125, 128], [-195.5625, 128], [-176.725, 128], [-155.2875, 128], [-145.71875, 128], [-139.375, 126], [-128.45625, 128], [-111.9125, 128], [-97.69375, 127], [-78.2625, 127], [-74.70625, 128], [-60.2625, 128], [-58.55625, 128], [-52.6, 127], [-47.51875, 128], [-45.65625, 128], [-43.80625, 128], [-39.4625, 128], [-37.3125, 127], [-33.60625, 127], [-29.70625, 127], [-28.10625, 128], [-31.4625, 128], [-27.18125, 128], [-22.4375, 127], [-28.06875, 127], [-21.65, 126], [-21.6125, 126], [-20.49375, 128], [-18.8375, 128], [-18.975, 126], [-16.90625, 127], [-16.74375, 128], [-12.81875, 125], [-13.5, 121], [-14.26875, 128], [-11.2875, 128], [-17.0875, 128], [-10.9125, 126], [-6.4, 125], [-7.73125, 126], [-6.73125, 128], [-9.1125, 128], [-6.9, 127], [-8.2875, 127], [-8.1875, 128], [-8.475, 128], [-6.78125, 128], [-11.73125, 128], [-6.0625, 128], [-8.66875, 128], [-5.15, 127], [-8.2125, 127], [-10.78125, 127], [-9.75625, 128], [-10.475, 128], [-3.56875, 127], [-5.18125, 126], [-6.225, 127], [-8.8125, 127], [-7.3375, 128], [-5.29375, 127]]}