{"episode_n": 100, "trajectory_len": 200, "trajectory_n": 320, "q_param": 0.9, "lamd": 0.1, "episode_data": [[-773.24375, 27], [-683.153125, 32], [-541.028125, 31], [-407.46875, 32], [-290.009375, 32], [-287.6125, 32], [-241.134375, 30], [-232.9125, 32], [-240.58125, 30], [-303.875, 29], [-352.60625, 32], [-450.003125, 32], [-421.928125, 25], [-443.103125, 26], [-449.096875, 27], [-455.790625, 32], [-505.85, 28], [-469.76875, 32], [-508.3875, 30], [-536.109375, 29], [-545.071875, 31], [-518.046875, 30], [-506.74375, 32], [-518.978125, 32], [-515.259375, 32], [-518.35, 31], [-496.903125, 29], [-513.46875, 27], [-540.91875, 31], [-521.55625, 29], [-521.325, 28], [-551.440625, 32], [-551.421875, 32], [-505.478125, 29], [-550.296875, 32], [-566.696875, 29], [-554.9, 32], [-552.784375, 29], [-544.11875, 30], [-536.159375, 32], [-545.578125, 32], [-543.103125, 31], [-575.728125, 31], [-564.121875, 31], [-544.83125, 31], [-557.721875, 30], [-520.60625, 28], [-567.775, 32], [-563.221875, 31], [-550.540625, 27], [-563.41875, 32], [-545.665625, 32], [-562.634375, 28], [-497.878125, 29], [-573.053125, 30], [-506.559375, 20], [-541.51875, 30], [-576.7, 31], [-547.2375, 32], [-563.546875, 31], [-570.50625, 32], [-555.59375, 29], [-542.2625, 32], [-541.05625, 28], [-494.465625, 31], [-548.134375, 32], [-550.671875, 32], [-516.546875, 20], [-544.296875, 31], [-548.86875, 31], [-533.525, 28], [-556.23125, 31], [-547.571875, 32], [-550.909375, 31], [-559.04375, 27], [-509.659375, 27], [-526.209375, 32], [-564.51875, 32], [-522.921875, 23], [-529.9125, 32], [-549.853125, 29], [-543.946875, 32], [-513.41875, 32], [-540.853125, 32], [-502.39375, 26], [-550.571875, 31], [-543.209375, 26], [-572.359375, 32], [-530.103125, 26], [-560.053125, 32], [-573.00625, 28], [-537.3625, 30], [-552.565625, 31], [-581.440625, 32], [-513.53125, 27], [-539.846875, 28], [-564.34375, 32], [-573.896875, 32], [-562.96875, 32], [-536.159375, 32]]}