{"episode_n": 200, "trajectory_len": 200, "trajectory_n": 30, "q_param": 0.95, "lamd": 0.99, "episode_data": [[-768.2666666666667, 2], [-709.9, 2], [-740.8333333333334, 2], [-681.5333333333333, 2], [-674.9333333333333, 2], [-745.9666666666667, 2], [-740.4333333333333, 2], [-701.1666666666666, 2], [-695.5333333333333, 2], [-687.9, 2], [-760.1333333333333, 2], [-749.9, 2], [-756.2333333333333, 2], [-657.9333333333333, 2], [-667.5333333333333, 2], [-737.1666666666666, 2], [-721.9, 2], [-739.9, 2], [-715.4, 2], [-668.5333333333333, 2], [-559.5666666666667, 2], [-690.9666666666667, 2], [-731.0666666666667, 2], [-704.6666666666666, 2], [-763.5333333333333, 1], [-742.6666666666666, 2], [-720.6666666666666, 2], [-732.2333333333333, 2], [-652.7666666666667, 2], [-741.5, 2], [-653.8, 2], [-686.4333333333333, 2], [-734.8, 2], [-766.2, 2], [-689.5666666666667, 2], [-741.7666666666667, 2], [-736.8, 2], [-747.5666666666667, 2], [-700.4666666666667, 2], [-751.6, 2], [-654.7, 2], [-757.7666666666667, 1], [-651.6333333333333, 2], [-760.5, 2], [-793.9, 1], [-682.8, 2], [-663.1333333333333, 2], [-741.5666666666667, 2], [-668.9, 2], [-746.6666666666666, 2], [-723.2, 2], [-716.5333333333333, 2], [-707.6666666666666, 2], [-755.4, 2], [-729.1333333333333, 2], [-636.5666666666667, 2], [-715.2666666666667, 2], [-693.1333333333333, 2], [-738.0, 2], [-721.3666666666667, 2], [-718.3666666666667, 2], [-685.4333333333333, 2], [-682.6333333333333, 2], [-649.9333333333333, 2], [-754.5666666666667, 2], [-689.3666666666667, 2], [-765.0, 2], [-752.7, 2], [-645.7666666666667, 2], [-713.1333333333333, 2], [-724.2333333333333, 2], [-768.7666666666667, 2], [-733.1333333333333, 2], [-685.8333333333334, 2], [-699.2666666666667, 2], [-768.9, 2], [-725.6666666666666, 1], [-751.8, 2], [-732.2666666666667, 2], [-713.6666666666666, 2], [-761.2666666666667, 2], [-768.5, 2], [-698.8333333333334, 2], [-745.5666666666667, 2], [-701.1, 2], [-677.7333333333333, 2], [-715.9, 2], [-679.6, 2], [-717.7, 2], [-681.2666666666667, 2], [-720.3333333333334, 2], [-573.1333333333333, 2], [-709.0333333333333, 2], [-746.4, 2], [-678.5, 2], [-612.4, 2], [-720.1, 2], [-658.1, 2], [-671.5, 2], [-720.1666666666666, 2], [-758.7666666666667, 2], [-695.3333333333334, 2], [-689.1, 2], [-744.0, 2], [-671.5666666666667, 2], [-710.0333333333333, 2], [-673.1, 2], [-740.1666666666666, 2], [-681.6, 2], [-624.3333333333334, 2], [-716.7, 2], [-723.8666666666667, 2], [-624.2, 2], [-672.9333333333333, 2], [-727.0, 2], [-717.6666666666666, 2], [-704.0666666666667, 2], [-664.1666666666666, 2], [-669.1666666666666, 2], [-674.2, 2], [-728.9666666666667, 2], [-713.2, 2], [-643.9, 2], [-657.3666666666667, 2], [-704.3333333333334, 2], [-719.2666666666667, 2], [-622.0333333333333, 2], [-743.3333333333334, 2], [-598.1333333333333, 2], [-678.6666666666666, 2], [-686.4666666666667, 2], [-618.8333333333334, 2], [-705.5, 2], [-658.1666666666666, 2], [-690.8, 2], [-680.6333333333333, 2], [-669.8666666666667, 2], [-707.8, 2], [-569.3, 2], [-638.4666666666667, 2], [-653.5333333333333, 2], [-692.8, 2], [-670.6333333333333, 2], [-746.8, 2], [-561.6333333333333, 2], [-640.0, 2], [-696.2666666666667, 2], [-730.8333333333334, 2], [-688.2333333333333, 2], [-717.2666666666667, 2], [-702.0333333333333, 2], [-764.8, 2], [-674.2666666666667, 2], [-786.8333333333334, 2], [-706.0, 2], [-689.5333333333333, 2], [-621.4666666666667, 2], [-641.5333333333333, 2], [-713.9666666666667, 2], [-702.5333333333333, 2], [-740.2666666666667, 2], [-649.4666666666667, 2], [-752.9666666666667, 2], [-729.3333333333334, 2], [-594.0666666666667, 2], [-645.5, 2], [-742.6333333333333, 2], [-656.2, 2], [-663.9, 2], [-619.5333333333333, 2], [-691.8666666666667, 2], [-753.4333333333333, 2], [-712.3, 2], [-648.8333333333334, 2], [-692.6666666666666, 2], [-694.1666666666666, 2], [-691.1333333333333, 2], [-737.0333333333333, 2], [-763.4, 2], [-642.7666666666667, 2], [-694.5333333333333, 2], [-763.3333333333334, 2], [-680.9666666666667, 2], [-749.7333333333333, 2], [-742.5666666666667, 2], [-655.8666666666667, 2], [-692.4666666666667, 2], [-685.6, 2], [-729.3333333333334, 2], [-708.2333333333333, 2], [-720.9666666666667, 2], [-711.6, 2], [-745.3333333333334, 2], [-665.6333333333333, 2], [-710.3, 2], [-611.0333333333333, 2], [-724.1333333333333, 2], [-708.8666666666667, 2], [-659.0, 2], [-722.1, 2]]}