{"episode_n": 100, "trajectory_len": 200, "trajectory_n": 640, "q_param": 0.2, "lamd": 0.1, "episode_data": [[-775.784375, 507], [-766.1359375, 507], [-768.70625, 496], [-767.0078125, 505], [-761.9109375, 491], [-757.3640625, 509], [-762.059375, 512], [-753.5921875, 497], [-745.7234375, 501], [-736.225, 493], [-743.3296875, 492], [-745.5609375, 488], [-736.2265625, 494], [-730.39375, 496], [-733.9671875, 499], [-730.4265625, 480], [-722.3015625, 508], [-720.8484375, 486], [-719.4703125, 497], [-710.690625, 512], [-718.103125, 488], [-701.540625, 487], [-712.984375, 499], [-704.9703125, 512], [-699.6484375, 505], [-698.3015625, 490], [-695.990625, 496], [-688.0515625, 494], [-680.771875, 495], [-685.5484375, 495], [-684.18125, 511], [-683.159375, 508], [-681.93125, 487], [-672.696875, 485], [-669.8453125, 496], [-668.2625, 501], [-670.5859375, 501], [-655.8796875, 490], [-656.521875, 491], [-650.034375, 500], [-653.2515625, 487], [-637.7265625, 493], [-643.634375, 509], [-647.1328125, 498], [-633.59375, 490], [-638.1015625, 510], [-633.71875, 489], [-621.8328125, 500], [-621.0609375, 491], [-629.1390625, 498], [-612.409375, 484], [-616.0453125, 494], [-613.8828125, 497], [-606.253125, 511], [-605.5734375, 510], [-610.6921875, 507], [-601.25, 499], [-599.5109375, 496], [-590.334375, 490], [-591.3171875, 494], [-568.1390625, 498], [-579.903125, 481], [-565.60625, 487], [-579.26875, 486], [-571.2125, 506], [-561.0421875, 498], [-556.2375, 488], [-556.6046875, 510], [-552.115625, 486], [-553.1765625, 511], [-541.490625, 505], [-541.340625, 508], [-534.5234375, 505], [-530.5515625, 498], [-529.1890625, 506], [-515.84375, 496], [-517.771875, 511], [-507.990625, 501], [-523.0734375, 512], [-510.3375, 504], [-507.1859375, 497], [-502.309375, 491], [-500.45625, 504], [-498.9546875, 507], [-500.490625, 500], [-499.80625, 509], [-483.5859375, 506], [-471.653125, 508], [-476.5640625, 503], [-472.0546875, 489], [-471.734375, 489], [-468.153125, 499], [-464.7359375, 507], [-462.53125, 489], [-453.2265625, 494], [-445.6953125, 507], [-442.4546875, 510], [-436.996875, 507], [-422.54375, 508], [-429.3546875, 503]]}