{"episode_n": 100, "trajectory_len": 200, "trajectory_n": 160, "q_param": 0.9, "lamd": 0.2, "episode_data": [[-754.875, 16], [-635.2375, 16], [-475.9875, 16], [-372.56875, 16], [-472.05, 16], [-473.6125, 15], [-467.3375, 15], [-508.65, 15], [-586.3625, 16], [-587.4875, 16], [-605.36875, 16], [-581.51875, 15], [-647.74375, 16], [-644.7625, 16], [-614.8625, 16], [-650.20625, 16], [-652.18125, 16], [-599.18125, 13], [-663.46875, 16], [-596.6, 16], [-620.85, 16], [-602.7, 16], [-645.125, 15], [-661.2, 16], [-603.56875, 15], [-584.45625, 16], [-636.7, 16], [-570.0375, 15], [-593.6375, 16], [-608.46875, 16], [-610.39375, 16], [-640.81875, 16], [-636.5, 16], [-630.7375, 15], [-612.775, 16], [-633.5, 16], [-669.075, 16], [-614.175, 16], [-656.75, 16], [-650.45625, 16], [-600.30625, 16], [-618.1125, 16], [-627.275, 15], [-573.90625, 16], [-675.13125, 16], [-630.75, 16], [-623.00625, 16], [-619.8625, 16], [-654.0875, 16], [-667.875, 16], [-606.525, 15], [-581.225, 16], [-612.14375, 16], [-593.04375, 13], [-644.9625, 16], [-638.74375, 16], [-656.60625, 16], [-637.79375, 16], [-635.0375, 16], [-633.09375, 15], [-603.99375, 9], [-643.2, 16], [-631.9375, 16], [-630.98125, 16], [-659.99375, 16], [-669.54375, 16], [-635.81875, 16], [-665.4125, 16], [-636.9375, 16], [-621.2625, 16], [-659.20625, 16], [-646.2875, 16], [-613.79375, 16], [-554.94375, 16], [-616.575, 16], [-564.6875, 16], [-524.36875, 16], [-585.38125, 16], [-552.18125, 14], [-611.85625, 13], [-640.10625, 16], [-623.6125, 16], [-654.8875, 16], [-664.44375, 16], [-616.3625, 15], [-601.675, 16], [-639.93125, 15], [-671.65, 16], [-662.7, 16], [-684.3, 16], [-673.84375, 16], [-598.35625, 15], [-635.10625, 14], [-660.4375, 16], [-621.15, 16], [-647.35625, 16], [-616.3375, 14], [-659.675, 16], [-624.58125, 16], [-659.43125, 16]]}