{"episode_n": 20, "trajectory_len": 200, "trajectory_n": 640, "q_param": 0.1, "lamd": 0.99, "episode_data": [[-770.6703125, 561], [-761.2734375, 573], [-740.3875, 576], [-736.9203125, 572], [-721.9015625, 573], [-704.6953125, 567], [-679.2359375, 570], [-670.3859375, 562], [-649.4171875, 562], [-637.253125, 562], [-620.7625, 565], [-609.2125, 573], [-593.0703125, 575], [-579.6234375, 566], [-564.91875, 576], [-549.5921875, 560], [-529.73125, 571], [-515.728125, 566], [-504.603125, 562], [-485.7953125, 565]]}