{"episode_n": 100, "trajectory_len": 200, "trajectory_n": 2560, "q_param": 0.5, "lamd": 0.5, "episode_data": [[-769.17109375, 1142], [-737.5875, 1210], [-704.807421875, 1201], [-671.644140625, 1238], [-637.578515625, 1234], [-596.484375, 1176], [-548.3953125, 1201], [-501.192578125, 1232], [-441.858984375, 1254], [-377.498046875, 1276], [-302.274609375, 1280], [-236.51484375, 1275], [-176.347265625, 1278], [-133.166015625, 1274], [-100.3140625, 1265], [-78.020703125, 1276], [-57.577734375, 1251], [-43.15546875, 1248], [-29.935546875, 1278], [-21.237109375, 1270], [-13.9, 1263], [-7.512890625, 1261], [-3.016796875, 1154], [0.03359375, 1268], [1.8375, 1181], [2.671484375, 1239], [2.72734375, 1168], [1.248828125, 1044], [-4.305859375, 1153], [-11.267578125, 957], [-22.036328125, 1066], [-40.20859375, 1122], [-58.953515625, 1137], [-65.5203125, 1221], [-76.742578125, 1229], [-77.873828125, 938], [-95.837109375, 1280], [-72.280859375, 1231], [-71.7109375, 986], [-92.873046875, 1186], [-83.873046875, 1218], [-85.902734375, 981], [-88.112890625, 1253], [-92.73828125, 1229], [-81.82421875, 984], [-95.037890625, 1220], [-82.500390625, 991], [-98.452734375, 1225], [-93.354296875, 1035], [-98.903515625, 1280], [-54.009765625, 1266], [-65.3953125, 995], [-82.13828125, 1242], [-78.807421875, 999], [-94.324609375, 1203], [-89.0609375, 1277], [-85.073828125, 1013], [-88.773046875, 1243], [-90.48359375, 1022], [-105.81328125, 1208], [-86.1671875, 1031], [-101.746484375, 1269], [-57.068359375, 1020], [-82.233203125, 1244], [-51.964453125, 1033], [-72.661328125, 1182], [-67.73515625, 1053], [-90.6046875, 1269], [-60.634765625, 1058], [-85.1484375, 1242], [-54.2953125, 1260], [-63.909765625, 972], [-67.95546875, 1100], [-104.99453125, 1253], [-64.556640625, 1212], [-66.7125, 979], [-80.048828125, 1245], [-82.11953125, 1015], [-95.643359375, 1223], [-89.4078125, 1069], [-101.978515625, 1247], [-85.3859375, 1024], [-95.040234375, 1277], [-61.646875, 1266], [-62.96875, 1018], [-83.869140625, 1219], [-79.316796875, 1007], [-105.094140625, 1266], [-54.90625, 1042], [-75.88046875, 1199], [-67.201171875, 1044], [-94.403125, 1256], [-54.736328125, 1064], [-78.5515625, 1262], [-46.866015625, 1278], [-52.8765625, 1050], [-77.3453125, 1214], [-78.56953125, 1022], [-103.35546875, 1269], [-56.3234375, 1027]]}