{"episode_n": 100, "trajectory_len": 200, "trajectory_n": 1280, "q_param": 0.9, "lamd": 0.9, "episode_data": [[-768.84921875, 122], [-615.02265625, 128], [-328.2875, 125], [-147.675, 122], [-104.65390625, 110], [-107.48671875, 98], [-210.665625, 82], [-346.1484375, 81], [-463.83828125, 125], [-347.74609375, 119], [-482.57421875, 127], [-457.5046875, 116], [-498.571875, 128], [-444.07578125, 97], [-500.69609375, 128], [-461.59609375, 117], [-499.53359375, 128], [-473.79921875, 107], [-535.25625, 126], [-516.39921875, 99], [-526.81875, 123], [-490.4796875, 111], [-537.034375, 122], [-523.8546875, 96], [-540.0515625, 127], [-482.7203125, 92], [-525.4734375, 125], [-507.921875, 104], [-522.80234375, 118], [-549.809375, 128], [-493.671875, 106], [-514.55703125, 126], [-504.0015625, 94], [-535.18828125, 112], [-533.7453125, 127], [-515.821875, 106], [-543.81640625, 127], [-489.69921875, 97], [-540.82734375, 121], [-504.0984375, 103], [-531.5171875, 126], [-502.6953125, 108], [-544.23984375, 128], [-496.98203125, 101], [-513.48671875, 122], [-496.9515625, 107], [-529.58671875, 128], [-506.97109375, 117], [-526.45078125, 111], [-531.5703125, 126], [-549.11875, 125], [-472.928125, 122], [-534.096875, 127], [-496.0828125, 110], [-509.23359375, 123], [-507.9453125, 107], [-541.85546875, 127], [-486.23046875, 94], [-532.81171875, 117], [-538.18125, 128], [-518.44140625, 120], [-544.8, 128], [-486.875, 120], [-521.7484375, 126], [-512.9765625, 94], [-529.4140625, 127], [-470.85625, 103], [-524.896875, 119], [-507.61015625, 97], [-531.69609375, 128], [-465.3765625, 91], [-523.515625, 127], [-480.809375, 84], [-518.8875, 128], [-474.24609375, 106], [-548.228125, 128], [-469.6484375, 117], [-526.82578125, 121], [-518.53984375, 98], [-534.275, 128], [-483.8421875, 92], [-540.21953125, 126], [-488.9515625, 109], [-521.85859375, 128], [-479.940625, 116], [-522.35078125, 115], [-542.61640625, 128], [-478.14765625, 100], [-504.77265625, 120], [-534.66796875, 127], [-497.29765625, 102], [-519.26953125, 128], [-473.52734375, 112], [-508.171875, 121], [-545.0859375, 125], [-466.44140625, 93], [-521.4859375, 128], [-461.31875, 112], [-541.70546875, 127], [-487.5484375, 106]]}